MANDT,WERKS,MATNR,BUDAT,MENGE,NETWR,WAERS
100,S04,HDWR-0022,2024-01-01,14,733.63,CAD
100,S04,FUEL-0028,2024-01-01,21,9741.91,CAD
100,S03,LUBE-0050,2024-01-01,15,5217.07,CAD
100,S06,TIRE-0008,2024-01-01,22,6944.49,CAD
100,S05,SEED-0007,2024-01-01,1,128.6,CAD
100,S05,TIRE-0008,2024-01-01,20,5882.75,CAD
100,S01,TIRE-0024,2024-01-01,9,4042.03,CAD
100,S05,FEED-0016,2024-01-01,4,1945.28,CAD
100,S04,LUBE-0039,2024-01-02,25,8992.11,CAD
100,S01,SEED-0013,2024-01-02,7,2948.14,CAD
100,S03,LUBE-0065,2024-01-02,22,3731.13,CAD
100,S02,LUBE-0037,2024-01-02,22,3060.1,CAD
100,S06,FEED-0014,2024-01-02,6,2339.9,CAD
100,S03,LUBE-0035,2024-01-02,9,401.88,CAD
100,S01,FEED-0033,2024-01-02,9,3118.52,CAD
100,S03,LUBE-0001,2024-01-02,22,1656.36,CAD
100,S04,FUEL-0019,2024-01-03,14,4190.59,CAD
100,S03,FEED-0040,2024-01-03,11,4562.17,CAD
100,S06,FEED-0032,2024-01-03,11,2539.46,CAD
100,S05,HDWR-0053,2024-01-03,25,5459.88,CAD
100,S02,FEED-0029,2024-01-03,10,5160.85,CAD
100,S03,HDWR-0059,2024-01-04,13,2581.74,CAD
100,S06,SEED-0004,2024-01-04,11,3752.72,CAD
100,S03,HDWR-0043,2024-01-04,30,4331.87,CAD
100,S02,LUBE-0034,2024-01-04,19,9946.46,CAD
100,S01,LUBE-0034,2024-01-04,23,12523.01,CAD
100,S04,SEED-0041,2024-01-04,9,1232.96,CAD
100,S05,LUBE-0001,2024-01-04,24,1878.82,CAD
100,S06,FUEL-0069,2024-01-04,15,8340.51,CAD
100,S06,TIRE-0009,2024-01-04,6,783.1,CAD
100,S06,FUEL-0049,2024-01-05,16,1456.68,CAD
100,S05,FUEL-0023,2024-01-05,11,5463.01,CAD
100,S03,LUBE-0039,2024-01-05,14,4879.85,CAD
100,S01,SEED-0004,2024-01-05,5,1732.48,CAD
100,S06,FUEL-0025,2024-01-05,15,5055.16,CAD
100,S02,FEED-0029,2024-01-06,8,3758.63,CAD
100,S02,FUEL-0072,2024-01-06,7,3601.63,CAD
100,S04,HDWR-0018,2024-01-06,7,446.94,CAD
100,S06,TIRE-0021,2024-01-07,24,2039.83,CAD
100,S03,HDWR-0058,2024-01-07,18,5570.92,CAD
100,S03,LUBE-0031,2024-01-07,7,2964.73,CAD
100,S03,HDWR-0043,2024-01-07,22,3751.94,CAD
100,S02,HDWR-0011,2024-01-08,22,2554.52,CAD
100,S01,FUEL-0028,2024-01-08,23,12084.15,CAD
100,S05,HDWR-0043,2024-01-08,15,2519.72,CAD
100,S05,LUBE-0050,2024-01-08,18,6290.79,CAD
100,S05,FEED-0003,2024-01-08,6,489.85,CAD
100,S04,LUBE-0035,2024-01-08,11,560.13,CAD
100,S01,TIRE-0024,2024-01-08,21,9501.73,CAD
100,S02,SEED-0042,2024-01-09,4,1952.03,CAD
100,S04,LUBE-0036,2024-01-09,19,1806.16,CAD
100,S04,HDWR-0011,2024-01-09,26,3802.51,CAD
100,S02,TIRE-0045,2024-01-09,19,9494.8,CAD
100,S02,LUBE-0031,2024-01-09,14,7193.6,CAD
100,S06,HDWR-0060,2024-01-09,18,4931.42,CAD
100,S02,LUBE-0048,2024-01-09,3,814.96,CAD
100,S05,FEED-0014,2024-01-09,9,3628.74,CAD
100,S04,FUEL-0049,2024-01-09,18,1720.87,CAD
100,S01,LUBE-0026,2024-01-09,6,265.59,CAD
100,S03,SEED-0056,2024-01-10,7,670.08,CAD
100,S03,TIRE-0076,2024-01-10,10,4776.27,CAD
100,S05,TIRE-0073,2024-01-10,25,8806.15,CAD
100,S03,TIRE-0064,2024-01-10,20,8931.9,CAD
100,S05,LUBE-0036,2024-01-10,34,3071.93,CAD
100,S04,FEED-0029,2024-01-11,6,2911.22,CAD
100,S05,TIRE-0061,2024-01-11,12,5705.63,CAD
100,S02,FEED-0033,2024-01-11,11,3635.98,CAD
100,S03,FUEL-0025,2024-01-11,24,8228.12,CAD
100,S02,TIRE-0024,2024-01-11,23,10271.54,CAD
100,S03,SEED-0062,2024-01-11,5,1886.6,CAD
100,S02,SEED-0013,2024-01-11,1,393.3,CAD
100,S02,HDWR-0047,2024-01-11,14,2790.37,CAD
100,S01,HDWR-0006,2024-01-11,28,779.02,CAD
100,S05,LUBE-0002,2024-01-11,9,1334.56,CAD
100,S01,FUEL-0015,2024-01-12,33,5109.92,CAD
100,S05,LUBE-0010,2024-01-12,16,5576.54,CAD
100,S03,TIRE-0073,2024-01-12,16,4766.52,CAD
100,S04,HDWR-0058,2024-01-12,10,3113.26,CAD
100,S06,LUBE-0034,2024-01-12,22,11427.74,CAD
100,S01,TIRE-0021,2024-01-12,20,1506.04,CAD
100,S06,LUBE-0037,2024-01-12,18,2801.0,CAD
100,S06,LUBE-0010,2024-01-12,18,7509.06,CAD
100,S06,TIRE-0076,2024-01-12,23,12526.32,CAD
100,S05,FUEL-0015,2024-01-13,18,2680.02,CAD
100,S01,FUEL-0019,2024-01-13,21,6154.28,CAD
100,S01,FEED-0057,2024-01-13,4,1723.5,CAD
100,S06,LUBE-0039,2024-01-13,13,4981.24,CAD
100,S01,FEED-0057,2024-01-14,8,3571.54,CAD
100,S06,HDWR-0030,2024-01-14,8,1392.87,CAD
100,S05,FEED-0074,2024-01-14,17,3752.16,CAD
100,S02,HDWR-0006,2024-01-14,9,244.74,CAD
100,S03,TIRE-0061,2024-01-15,12,5037.75,CAD
100,S06,HDWR-0053,2024-01-15,21,4284.54,CAD
100,S03,SEED-0041,2024-01-15,3,379.7,CAD
100,S02,SEED-0007,2024-01-15,3,382.35,CAD
100,S01,FEED-0057,2024-01-15,6,2393.77,CAD
100,S02,SEED-0071,2024-01-15,9,4525.32,CAD
100,S01,FEED-0029,2024-01-15,7,3285.95,CAD
100,S06,FEED-0016,2024-01-16,8,4435.65,CAD
100,S04,LUBE-0036,2024-01-16,11,1050.31,CAD
100,S03,LUBE-0001,2024-01-16,28,2083.62,CAD
100,S05,HDWR-0058,2024-01-16,13,4269.27,CAD
100,S05,HDWR-0043,2024-01-16,18,3100.3,CAD
100,S05,LUBE-0031,2024-01-16,7,3120.95,CAD
100,S06,SEED-0041,2024-01-16,10,1320.85,CAD
100,S04,SEED-0020,2024-01-16,9,4076.04,CAD
100,S05,FUEL-0017,2024-01-17,24,1390.41,CAD
100,S01,SEED-0020,2024-01-17,7,2784.98,CAD
100,S03,LUBE-0034,2024-01-17,12,5430.68,CAD
100,S06,HDWR-0043,2024-01-17,13,2198.4,CAD
100,S03,FUEL-0049,2024-01-17,7,594.33,CAD
100,S01,FEED-0070,2024-01-17,3,874.47,CAD
100,S06,SEED-0013,2024-01-17,7,3082.47,CAD
100,S04,SEED-0013,2024-01-17,8,2899.58,CAD
100,S01,SEED-0042,2024-01-17,9,3746.84,CAD
100,S04,LUBE-0048,2024-01-17,23,5999.36,CAD
100,S05,HDWR-0011,2024-01-18,24,2861.9,CAD
100,S06,HDWR-0060,2024-01-18,17,4316.04,CAD
100,S03,TIRE-0076,2024-01-18,24,12520.17,CAD
100,S04,FEED-0033,2024-01-18,8,2860.4,CAD
100,S01,LUBE-0036,2024-01-18,17,1766.75,CAD
100,S05,HDWR-0030,2024-01-18,19,2766.79,CAD
100,S06,FEED-0033,2024-01-18,5,1977.42,CAD
100,S02,FEED-0054,2024-01-19,8,2502.64,CAD
100,S05,HDWR-0047,2024-01-19,29,6449.9,CAD
100,S02,LUBE-0035,2024-01-19,17,822.82,CAD
100,S01,FEED-0044,2024-01-19,6,3207.76,CAD
100,S06,FEED-0029,2024-01-19,7,3527.64,CAD
100,S05,FUEL-0051,2024-01-19,9,3197.2,CAD
100,S06,FEED-0014,2024-01-19,4,1423.96,CAD
100,S05,SEED-0004,2024-01-20,9,3741.43,CAD
100,S06,FEED-0029,2024-01-20,4,1668.38,CAD
100,S01,HDWR-0018,2024-01-20,14,978.49,CAD
100,S04,LUBE-0039,2024-01-20,21,8041.24,CAD
100,S04,LUBE-0050,2024-01-21,21,6299.01,CAD
100,S04,SEED-0020,2024-01-21,6,2510.75,CAD
100,S02,FEED-0057,2024-01-22,7,3198.94,CAD
100,S06,FEED-0070,2024-01-22,6,1627.56,CAD
100,S01,FUEL-0025,2024-01-22,30,8504.66,CAD
100,S06,FUEL-0028,2024-01-22,13,7265.29,CAD
100,S01,FEED-0003,2024-01-22,7,534.22,CAD
100,S05,LUBE-0027,2024-01-22,21,2649.54,CAD
100,S05,FUEL-0019,2024-01-22,31,8922.14,CAD
100,S06,FUEL-0015,2024-01-22,17,2981.49,CAD
100,S01,FUEL-0017,2024-01-22,10,667.46,CAD
100,S02,FEED-0003,2024-01-22,11,875.66,CAD
100,S06,FUEL-0017,2024-01-22,14,801.78,CAD
100,S03,HDWR-0058,2024-01-22,19,6289.86,CAD
100,S04,FEED-0014,2024-01-23,1,335.72,CAD
100,S06,HDWR-0059,2024-01-23,20,4270.98,CAD
100,S04,HDWR-0052,2024-01-23,17,8781.99,CAD
100,S02,TIRE-0009,2024-01-23,16,1753.81,CAD
100,S06,SEED-0013,2024-01-23,10,4604.16,CAD
100,S06,SEED-0071,2024-01-23,9,4723.99,CAD
100,S06,SEED-0041,2024-01-23,6,839.8,CAD
100,S01,TIRE-0061,2024-01-23,35,14632.32,CAD
100,S01,SEED-0056,2024-01-24,7,579.68,CAD
100,S05,TIRE-0008,2024-01-24,11,4124.19,CAD
100,S06,SEED-0055,2024-01-24,4,1454.48,CAD
100,S05,LUBE-0037,2024-01-24,16,2268.94,CAD
100,S06,SEED-0020,2024-01-24,8,3194.13,CAD
100,S05,LUBE-0036,2024-01-24,25,2358.08,CAD
100,S05,SEED-0055,2024-01-24,12,5139.03,CAD
100,S01,TIRE-0045,2024-01-24,19,9512.98,CAD
100,S02,TIRE-0009,2024-01-24,21,2618.63,CAD
100,S01,SEED-0004,2024-01-25,7,2551.94,CAD
100,S02,FEED-0044,2024-01-25,5,2407.5,CAD
100,S02,SEED-0007,2024-01-25,3,346.22,CAD
100,S01,FUEL-0080,2024-01-25,15,2172.94,CAD
100,S04,FEED-0057,2024-01-25,5,2036.7,CAD
100,S02,LUBE-0001,2024-01-25,19,1257.42,CAD
100,S02,FUEL-0028,2024-01-25,18,8666.24,CAD
100,S06,TIRE-0064,2024-01-25,12,4855.74,CAD
100,S06,FUEL-0069,2024-01-25,19,10557.43,CAD
100,S06,FUEL-0051,2024-01-25,26,9320.25,CAD
100,S04,FEED-0003,2024-01-26,12,1043.08,CAD
100,S04,FEED-0074,2024-01-26,4,891.55,CAD
100,S04,FUEL-0015,2024-01-26,24,4140.24,CAD
100,S04,TIRE-0012,2024-01-26,20,3266.31,CAD
100,S01,LUBE-0068,2024-01-26,13,6053.64,CAD
100,S02,FEED-0044,2024-01-26,6,3005.54,CAD
100,S05,FUEL-0015,2024-01-26,21,3352.92,CAD
100,S02,FUEL-0019,2024-01-26,32,9505.62,CAD
100,S02,FEED-0033,2024-01-26,7,2770.94,CAD
100,S02,LUBE-0010,2024-01-26,21,9119.86,CAD
100,S03,FUEL-0080,2024-01-27,24,3005.85,CAD
100,S06,FEED-0057,2024-01-27,4,1643.64,CAD
100,S05,LUBE-0036,2024-01-27,25,2417.61,CAD
100,S01,HDWR-0058,2024-01-27,20,5787.25,CAD
100,S05,FUEL-0079,2024-01-28,24,11567.53,CAD
100,S05,SEED-0042,2024-01-28,5,2193.02,CAD
100,S01,SEED-0020,2024-01-28,2,877.46,CAD
100,S01,FUEL-0023,2024-01-29,18,8045.94,CAD
100,S05,HDWR-0067,2024-01-29,25,274.86,CAD
100,S04,LUBE-0037,2024-01-29,12,1744.25,CAD
100,S03,TIRE-0009,2024-01-29,26,2857.62,CAD
100,S02,SEED-0078,2024-01-29,5,316.67,CAD
100,S05,FUEL-0017,2024-01-29,17,1125.5,CAD
100,S01,LUBE-0068,2024-01-29,7,3492.27,CAD
100,S01,HDWR-0047,2024-01-29,15,3070.59,CAD
100,S02,HDWR-0018,2024-01-30,29,1604.69,CAD
100,S05,FUEL-0017,2024-01-30,19,1195.46,CAD
100,S02,TIRE-0021,2024-01-30,23,1929.03,CAD
100,S06,HDWR-0022,2024-01-30,7,361.92,CAD
100,S03,HDWR-0053,2024-01-30,15,3016.88,CAD
100,S06,LUBE-0037,2024-01-30,13,1984.32,CAD
100,S05,HDWR-0030,2024-01-30,19,3264.82,CAD
100,S02,TIRE-0021,2024-01-30,19,1590.38,CAD
100,S03,HDWR-0018,2024-01-30,25,1499.66,CAD
100,S04,FUEL-0019,2024-01-31,29,8584.74,CAD
100,S01,FEED-0054,2024-01-31,1,275.17,CAD
100,S02,LUBE-0048,2024-01-31,15,3549.36,CAD
100,S01,SEED-0041,2024-01-31,7,1019.07,CAD
100,S06,HDWR-0018,2024-01-31,8,553.57,CAD
100,S03,FEED-0003,2024-01-31,7,549.03,CAD
100,S05,SEED-0020,2024-01-31,10,3927.18,CAD
100,S01,FEED-0016,2024-01-31,7,3786.09,CAD
100,S01,TIRE-0009,2024-01-31,27,3450.46,CAD
100,S04,HDWR-0038,2024-02-01,15,2762.3,CAD
100,S02,FUEL-0046,2024-02-01,13,1690.9,CAD
100,S03,LUBE-0048,2024-02-01,15,4105.64,CAD
100,S01,FUEL-0046,2024-02-01,11,1415.64,CAD
100,S02,HDWR-0043,2024-02-01,26,4346.05,CAD
100,S06,FUEL-0023,2024-02-01,20,9003.38,CAD
100,S01,LUBE-0026,2024-02-01,21,949.71,CAD
100,S05,FEED-0040,2024-02-01,1,366.45,CAD
100,S03,LUBE-0037,2024-02-02,18,2802.78,CAD
100,S06,SEED-0007,2024-02-02,8,982.75,CAD
100,S05,LUBE-0048,2024-02-02,21,5031.95,CAD
100,S06,HDWR-0011,2024-02-02,11,1606.87,CAD
100,S05,TIRE-0024,2024-02-02,21,9596.46,CAD
100,S01,FEED-0014,2024-02-02,7,2649.94,CAD
100,S03,FEED-0057,2024-02-02,3,1452.55,CAD
100,S01,TIRE-0008,2024-02-02,14,4676.63,CAD
100,S02,SEED-0004,2024-02-03,12,4397.48,CAD
100,S01,FUEL-0017,2024-02-03,9,543.42,CAD
100,S06,SEED-0020,2024-02-03,15,5935.21,CAD
100,S03,LUBE-0048,2024-02-03,15,3456.96,CAD
100,S04,HDWR-0047,2024-02-04,18,3795.72,CAD
100,S02,LUBE-0036,2024-02-04,19,1770.6,CAD
100,S04,HDWR-0067,2024-02-04,17,230.05,CAD
100,S01,HDWR-0018,2024-02-05,3,183.78,CAD
100,S06,TIRE-0012,2024-02-05,22,3960.68,CAD
100,S06,SEED-0041,2024-02-05,8,1077.08,CAD
100,S02,FUEL-0066,2024-02-05,13,2830.75,CAD
100,S02,HDWR-0018,2024-02-05,18,1136.44,CAD
100,S04,LUBE-0048,2024-02-05,16,4443.3,CAD
100,S04,FUEL-0017,2024-02-06,3,213.36,CAD
100,S02,HDWR-0067,2024-02-06,17,195.22,CAD
100,S01,LUBE-0037,2024-02-06,34,4479.31,CAD
100,S05,TIRE-0012,2024-02-06,27,4471.64,CAD
100,S06,LUBE-0034,2024-02-06,26,12247.6,CAD
100,S04,TIRE-0021,2024-02-06,22,1659.98,CAD
100,S02,HDWR-0060,2024-02-07,15,4848.16,CAD
100,S06,SEED-0041,2024-02-07,10,1510.66,CAD
100,S04,TIRE-0045,2024-02-07,22,10735.32,CAD
100,S02,SEED-0041,2024-02-07,11,1450.3,CAD
100,S04,LUBE-0035,2024-02-07,18,824.76,CAD
100,S05,LUBE-0050,2024-02-07,21,6384.25,CAD
100,S02,FUEL-0025,2024-02-07,2,638.95,CAD
100,S04,LUBE-0065,2024-02-07,18,3914.73,CAD
100,S01,FUEL-0046,2024-02-07,25,3435.96,CAD
100,S01,HDWR-0052,2024-02-08,13,6480.64,CAD
100,S04,LUBE-0010,2024-02-08,16,6183.84,CAD
100,S02,FEED-0016,2024-02-08,19,11246.07,CAD
100,S03,FUEL-0051,2024-02-08,19,8747.59,CAD
100,S04,FUEL-0066,2024-02-08,15,3282.08,CAD
100,S03,LUBE-0048,2024-02-08,15,4027.42,CAD
100,S05,FEED-0054,2024-02-08,6,1874.93,CAD
100,S06,LUBE-0034,2024-02-09,20,10461.58,CAD
100,S05,HDWR-0022,2024-02-09,11,633.4,CAD
100,S06,FUEL-0019,2024-02-09,10,3099.34,CAD
100,S06,FEED-0074,2024-02-09,9,1798.17,CAD
100,S06,TIRE-0008,2024-02-09,11,3294.29,CAD
100,S05,LUBE-0027,2024-02-09,13,1734.09,CAD
100,S02,SEED-0041,2024-02-09,13,1710.73,CAD
100,S03,LUBE-0039,2024-02-09,16,6407.68,CAD
100,S05,FEED-0016,2024-02-10,7,4148.44,CAD
100,S04,TIRE-0045,2024-02-11,23,11511.52,CAD
100,S06,FUEL-0072,2024-02-11,30,12960.99,CAD
100,S06,FEED-0029,2024-02-11,10,4393.83,CAD
100,S04,SEED-0013,2024-02-12,7,3064.13,CAD
100,S01,HDWR-0018,2024-02-12,24,1684.96,CAD
100,S03,SEED-0042,2024-02-12,4,1565.53,CAD
100,S01,FUEL-0023,2024-02-12,15,7758.22,CAD
100,S04,FUEL-0051,2024-02-12,22,9962.08,CAD
100,S01,HDWR-0038,2024-02-12,28,5169.05,CAD
100,S06,TIRE-0021,2024-02-12,18,1374.84,CAD
100,S06,FEED-0033,2024-02-13,11,4389.91,CAD
100,S06,TIRE-0073,2024-02-13,28,10095.39,CAD
100,S04,TIRE-0012,2024-02-13,10,1668.64,CAD
100,S02,TIRE-0024,2024-02-13,1,418.46,CAD
100,S02,LUBE-0050,2024-02-13,20,6129.52,CAD
100,S03,LUBE-0035,2024-02-13,14,588.9,CAD
100,S06,TIRE-0008,2024-02-13,22,7130.67,CAD
100,S04,LUBE-0048,2024-02-13,13,3567.47,CAD
100,S04,LUBE-0068,2024-02-14,9,4349.21,CAD
100,S05,LUBE-0026,2024-02-14,26,1251.69,CAD
100,S03,HDWR-0022,2024-02-14,22,1215.23,CAD
100,S04,FEED-0054,2024-02-14,9,2594.79,CAD
100,S04,FUEL-0072,2024-02-14,15,6001.84,CAD
100,S06,LUBE-0001,2024-02-14,12,774.72,CAD
100,S01,LUBE-0010,2024-02-14,8,3123.48,CAD
100,S01,TIRE-0008,2024-02-14,23,8685.87,CAD
100,S04,LUBE-0048,2024-02-15,3,742.42,CAD
100,S06,HDWR-0011,2024-02-15,22,3189.52,CAD
100,S01,FEED-0029,2024-02-15,9,4226.63,CAD
100,S02,FUEL-0049,2024-02-15,18,1438.14,CAD
100,S06,TIRE-0005,2024-02-15,7,441.14,CAD
100,S02,FEED-0003,2024-02-15,11,860.28,CAD
100,S05,SEED-0013,2024-02-15,13,5723.69,CAD
100,S02,SEED-0007,2024-02-15,9,1223.97,CAD
100,S04,HDWR-0052,2024-02-15,18,9733.56,CAD
100,S02,TIRE-0008,2024-02-15,22,7330.36,CAD
100,S02,HDWR-0038,2024-02-16,22,4464.41,CAD
100,S06,TIRE-0077,2024-02-16,7,1401.67,CAD
100,S01,LUBE-0036,2024-02-16,17,1762.32,CAD
100,S06,TIRE-0076,2024-02-16,26,12797.69,CAD
100,S06,TIRE-0045,2024-02-16,12,6030.51,CAD
100,S02,FUEL-0049,2024-02-16,24,2188.58,CAD
100,S05,FEED-0054,2024-02-16,5,1320.38,CAD
100,S06,HDWR-0043,2024-02-16,16,2174.0,CAD
100,S03,HDWR-0058,2024-02-16,27,8142.25,CAD
100,S04,LUBE-0035,2024-02-16,24,1223.65,CAD
100,S03,HDWR-0043,2024-02-17,19,3276.02,CAD
100,S02,FUEL-0051,2024-02-18,12,4997.05,CAD
100,S03,LUBE-0034,2024-02-18,23,11819.41,CAD
100,S01,HDWR-0053,2024-02-19,13,2395.27,CAD
100,S05,LUBE-0034,2024-02-19,16,9179.53,CAD
100,S06,FEED-0075,2024-02-19,7,1996.3,CAD
100,S02,HDWR-0059,2024-02-19,17,3287.51,CAD
100,S04,LUBE-0001,2024-02-19,24,1479.66,CAD
100,S01,SEED-0020,2024-02-19,12,4439.89,CAD
100,S03,HDWR-0059,2024-02-19,27,6496.44,CAD
100,S01,FEED-0003,2024-02-20,5,368.72,CAD
100,S01,LUBE-0037,2024-02-20,7,971.58,CAD
100,S05,SEED-0013,2024-02-20,10,4198.73,CAD
100,S01,FUEL-0051,2024-02-20,13,5432.57,CAD
100,S04,TIRE-0012,2024-02-20,6,924.38,CAD
100,S04,SEED-0071,2024-02-20,9,3899.43,CAD
100,S06,SEED-0056,2024-02-20,9,895.74,CAD
100,S01,HDWR-0006,2024-02-21,15,416.16,CAD
100,S05,HDWR-0011,2024-02-21,25,3429.95,CAD
100,S01,TIRE-0045,2024-02-21,22,9315.84,CAD
100,S05,SEED-0078,2024-02-21,10,791.74,CAD
100,S02,SEED-0056,2024-02-21,6,490.05,CAD
100,S03,HDWR-0011,2024-02-22,24,3197.51,CAD
100,S01,FEED-0014,2024-02-22,12,4432.93,CAD
100,S01,LUBE-0035,2024-02-22,18,786.52,CAD
100,S04,TIRE-0024,2024-02-22,9,4250.8,CAD
100,S01,SEED-0004,2024-02-22,10,3577.57,CAD
100,S05,TIRE-0012,2024-02-22,12,1851.93,CAD
100,S04,HDWR-0038,2024-02-22,14,2898.06,CAD
100,S06,HDWR-0011,2024-02-22,30,4364.31,CAD
100,S05,FEED-0074,2024-02-22,4,765.56,CAD
100,S03,HDWR-0018,2024-02-22,15,820.23,CAD
100,S03,SEED-0056,2024-02-22,12,1082.94,CAD
100,S01,SEED-0062,2024-02-22,3,1193.07,CAD
100,S02,FUEL-0079,2024-02-22,30,14262.77,CAD
100,S04,LUBE-0001,2024-02-23,13,987.06,CAD
100,S04,HDWR-0043,2024-02-23,26,3815.87,CAD
100,S04,FUEL-0023,2024-02-23,23,11020.85,CAD
100,S05,SEED-0063,2024-02-23,8,3238.72,CAD
100,S04,LUBE-0036,2024-02-23,7,655.05,CAD
100,S06,FEED-0033,2024-02-23,7,2337.78,CAD
100,S04,SEED-0055,2024-02-23,18,7430.52,CAD
100,S05,HDWR-0052,2024-02-23,27,13288.58,CAD
100,S06,HDWR-0022,2024-02-24,21,1139.31,CAD
100,S01,SEED-0056,2024-02-25,5,398.78,CAD
100,S02,LUBE-0034,2024-02-25,9,4711.39,CAD
100,S02,FEED-0074,2024-02-25,8,1660.01,CAD
100,S04,SEED-0004,2024-02-25,6,1992.06,CAD
100,S01,FEED-0054,2024-02-26,15,3827.77,CAD
100,S03,FEED-0040,2024-02-26,14,5213.79,CAD
100,S05,LUBE-0027,2024-02-26,10,1301.89,CAD
100,S01,LUBE-0039,2024-02-26,19,7896.81,CAD
100,S06,HDWR-0022,2024-02-26,18,857.87,CAD
100,S04,FUEL-0072,2024-02-26,22,11434.6,CAD
100,S06,HDWR-0052,2024-02-26,22,10604.82,CAD
100,S06,SEED-0004,2024-02-26,13,5000.08,CAD
100,S04,LUBE-0026,2024-02-26,12,604.32,CAD
100,S03,LUBE-0027,2024-02-26,14,1983.97,CAD
100,S03,HDWR-0047,2024-02-26,12,2443.82,CAD
100,S03,FUEL-0015,2024-02-27,14,2516.75,CAD
100,S05,SEED-0041,2024-02-27,5,644.89,CAD
100,S05,FUEL-0051,2024-02-27,22,8925.64,CAD
100,S06,FUEL-0023,2024-02-27,22,10572.23,CAD
100,S05,LUBE-0039,2024-02-27,9,3234.33,CAD
100,S03,LUBE-0031,2024-02-27,12,4903.84,CAD
100,S06,LUBE-0048,2024-02-27,22,5786.12,CAD
100,S04,FEED-0074,2024-02-27,11,2267.93,CAD
100,S06,FUEL-0069,2024-02-27,32,15452.84,CAD
100,S02,LUBE-0037,2024-02-27,10,1292.56,CAD
100,S02,SEED-0063,2024-02-27,4,1375.26,CAD
100,S04,FEED-0057,2024-02-27,6,2367.55,CAD
100,S01,TIRE-0073,2024-02-28,19,5567.29,CAD
100,S02,LUBE-0037,2024-02-28,13,1982.76,CAD
100,S05,LUBE-0035,2024-02-28,9,477.01,CAD
100,S05,HDWR-0047,2024-02-28,18,4244.05,CAD
100,S02,FEED-0070,2024-02-28,8,2564.78,CAD
100,S03,HDWR-0058,2024-02-28,12,3792.06,CAD
100,S02,LUBE-0031,2024-02-28,26,12908.43,CAD
100,S06,TIRE-0076,2024-02-28,11,5728.97,CAD
100,S02,HDWR-0018,2024-02-28,26,1757.75,CAD
100,S03,HDWR-0022,2024-02-28,14,834.26,CAD
100,S03,HDWR-0038,2024-02-29,2,428.99,CAD
100,S04,HDWR-0018,2024-02-29,37,2535.53,CAD
100,S06,FUEL-0017,2024-02-29,7,502.23,CAD
100,S02,FEED-0032,2024-02-29,7,1566.4,CAD
100,S03,TIRE-0064,2024-02-29,29,11377.58,CAD
100,S01,HDWR-0059,2024-03-01,19,4637.04,CAD
100,S02,SEED-0055,2024-03-01,30,13773.96,CAD
100,S02,LUBE-0039,2024-03-01,17,7110.6,CAD
100,S06,FUEL-0051,2024-03-01,14,5323.91,CAD
100,S02,LUBE-0001,2024-03-01,14,906.09,CAD
100,S04,FUEL-0017,2024-03-01,1,57.4,CAD
100,S01,LUBE-0050,2024-03-02,17,5014.76,CAD
100,S01,TIRE-0073,2024-03-02,9,3121.67,CAD
100,S06,TIRE-0045,2024-03-02,20,10711.32,CAD
100,S06,FUEL-0079,2024-03-03,29,13727.55,CAD
100,S04,TIRE-0045,2024-03-03,20,9102.65,CAD
100,S02,HDWR-0018,2024-03-03,17,1073.12,CAD
100,S06,HDWR-0038,2024-03-04,32,7697.33,CAD
100,S04,TIRE-0064,2024-03-04,23,8471.45,CAD
100,S04,FUEL-0017,2024-03-04,14,1003.13,CAD
100,S01,TIRE-0009,2024-03-04,17,1745.35,CAD
100,S06,HDWR-0011,2024-03-04,17,2206.04,CAD
100,S02,FUEL-0079,2024-03-04,16,7720.72,CAD
100,S05,FUEL-0051,2024-03-05,9,3879.75,CAD
100,S03,TIRE-0009,2024-03-05,8,986.62,CAD
100,S05,HDWR-0059,2024-03-05,19,4204.18,CAD
100,S06,FEED-0040,2024-03-05,15,5060.09,CAD
100,S04,TIRE-0021,2024-03-05,26,2166.15,CAD
100,S06,FUEL-0017,2024-03-05,19,1370.16,CAD
100,S03,SEED-0055,2024-03-05,11,5167.95,CAD
100,S03,FUEL-0066,2024-03-05,31,6845.3,CAD
100,S06,SEED-0071,2024-03-06,18,9151.41,CAD
100,S02,SEED-0042,2024-03-06,7,2895.29,CAD
100,S05,LUBE-0010,2024-03-06,23,8566.07,CAD
100,S01,HDWR-0052,2024-03-06,15,8138.36,CAD
100,S01,HDWR-0059,2024-03-06,12,2484.02,CAD
100,S05,HDWR-0038,2024-03-06,20,3968.25,CAD
100,S05,LUBE-0048,2024-03-06,6,1737.83,CAD
100,S01,SEED-0020,2024-03-06,8,3594.32,CAD
100,S02,SEED-0004,2024-03-07,7,2749.7,CAD
100,S03,LUBE-0002,2024-03-07,15,2038.97,CAD
100,S06,FUEL-0019,2024-03-07,17,5252.03,CAD
100,S02,LUBE-0065,2024-03-07,20,3998.27,CAD
100,S05,TIRE-0076,2024-03-07,27,12176.28,CAD
100,S06,FUEL-0051,2024-03-07,21,8507.74,CAD
100,S01,HDWR-0030,2024-03-07,12,2146.25,CAD
100,S05,HDWR-0018,2024-03-07,20,1226.72,CAD
100,S04,SEED-0041,2024-03-07,18,2143.87,CAD
100,S02,FUEL-0046,2024-03-08,10,1364.11,CAD
100,S02,TIRE-0012,2024-03-08,20,3459.4,CAD
100,S06,LUBE-0039,2024-03-08,17,7041.92,CAD
100,S02,SEED-0042,2024-03-08,14,5482.34,CAD
100,S03,FEED-0032,2024-03-08,14,2758.55,CAD
100,S04,HDWR-0052,2024-03-08,9,3925.21,CAD
100,S02,FEED-0014,2024-03-08,13,4472.41,CAD
100,S02,TIRE-0008,2024-03-08,26,8347.64,CAD
100,S03,TIRE-0076,2024-03-08,20,11430.13,CAD
100,S03,TIRE-0012,2024-03-08,30,4186.75,CAD
100,S02,FUEL-0046,2024-03-09,18,2489.98,CAD
100,S03,LUBE-0036,2024-03-09,14,1474.03,CAD
100,S02,FUEL-0079,2024-03-09,19,9512.5,CAD
100,S02,FEED-0054,2024-03-10,16,4711.8,CAD
100,S04,FEED-0003,2024-03-10,36,3304.21,CAD
100,S04,FUEL-0046,2024-03-10,10,1384.83,CAD
100,S03,LUBE-0065,2024-03-10,15,2799.63,CAD
100,S05,SEED-0041,2024-03-11,18,2580.23,CAD
100,S04,TIRE-0008,2024-03-11,32,10737.66,CAD
100,S06,SEED-0004,2024-03-11,11,4173.48,CAD
100,S05,TIRE-0064,2024-03-11,15,5486.33,CAD
100,S01,FEED-0029,2024-03-11,23,10993.13,CAD
100,S03,LUBE-0001,2024-03-11,22,1383.03,CAD
100,S01,FUEL-0019,2024-03-12,19,6949.93,CAD
100,S05,FUEL-0051,2024-03-12,16,5842.36,CAD
100,S03,LUBE-0039,2024-03-12,20,8521.3,CAD
100,S06,FEED-0029,2024-03-12,12,5389.25,CAD
100,S02,LUBE-0027,2024-03-13,11,1534.97,CAD
100,S03,TIRE-0045,2024-03-13,20,8394.88,CAD
100,S06,FEED-0057,2024-03-13,6,2549.83,CAD
100,S04,HDWR-0022,2024-03-13,11,586.1,CAD
100,S04,SEED-0013,2024-03-13,16,7202.34,CAD
100,S03,TIRE-0005,2024-03-13,13,642.14,CAD
100,S01,LUBE-0034,2024-03-13,21,10382.6,CAD
100,S02,HDWR-0043,2024-03-14,13,2262.11,CAD
100,S06,HDWR-0053,2024-03-14,2,413.1,CAD
100,S01,SEED-0013,2024-03-14,9,3741.97,CAD
100,S03,SEED-0007,2024-03-14,21,2309.67,CAD
100,S03,TIRE-0012,2024-03-14,22,3487.54,CAD
100,S01,SEED-0013,2024-03-14,8,3063.95,CAD
100,S04,LUBE-0048,2024-03-14,27,6666.32,CAD
100,S01,HDWR-0058,2024-03-14,17,5182.13,CAD
100,S05,LUBE-0035,2024-03-14,25,1068.52,CAD
100,S04,LUBE-0031,2024-03-15,15,7529.27,CAD
100,S05,TIRE-0005,2024-03-15,24,1394.15,CAD
100,S02,FUEL-0023,2024-03-15,9,4626.6,CAD
100,S02,SEED-0056,2024-03-15,20,2099.32,CAD
100,S06,LUBE-0002,2024-03-15,13,2120.0,CAD
100,S01,SEED-0013,2024-03-16,18,7632.98,CAD
100,S03,SEED-0013,2024-03-16,24,11050.51,CAD
100,S04,LUBE-0034,2024-03-16,7,3738.14,CAD
100,S03,FUEL-0051,2024-03-17,17,6930.63,CAD
100,S03,LUBE-0035,2024-03-17,15,632.74,CAD
100,S02,HDWR-0030,2024-03-18,14,2399.27,CAD
100,S03,SEED-0042,2024-03-18,26,12208.63,CAD
100,S06,SEED-0078,2024-03-18,21,1645.72,CAD
100,S05,LUBE-0068,2024-03-18,22,9173.03,CAD
100,S03,LUBE-0036,2024-03-18,21,2223.69,CAD
100,S06,FEED-0016,2024-03-18,9,4095.73,CAD
100,S04,LUBE-0048,2024-03-18,14,3954.25,CAD
100,S05,TIRE-0076,2024-03-18,15,7221.69,CAD
100,S01,LUBE-0050,2024-03-18,7,1974.19,CAD
100,S02,FEED-0074,2024-03-19,21,4641.66,CAD
100,S05,HDWR-0053,2024-03-19,10,1771.31,CAD
100,S06,FEED-0040,2024-03-19,25,9228.04,CAD
100,S03,FUEL-0049,2024-03-19,15,1263.33,CAD
100,S04,FUEL-0028,2024-03-19,15,8347.52,CAD
100,S03,FEED-0044,2024-03-19,8,3731.49,CAD
100,S05,SEED-0020,2024-03-19,17,7398.1,CAD
100,S06,SEED-0041,2024-03-20,17,2260.73,CAD
100,S03,HDWR-0038,2024-03-20,19,4516.6,CAD
100,S04,HDWR-0052,2024-03-20,17,9495.83,CAD
100,S04,SEED-0013,2024-03-20,5,1869.37,CAD
100,S06,LUBE-0034,2024-03-20,22,10276.81,CAD
100,S03,FEED-0029,2024-03-20,18,8352.67,CAD
100,S01,LUBE-0065,2024-03-21,22,4000.49,CAD
100,S03,LUBE-0026,2024-03-21,10,530.24,CAD
100,S02,HDWR-0059,2024-03-21,22,4485.29,CAD
100,S03,FUEL-0023,2024-03-21,10,4715.56,CAD
100,S04,LUBE-0001,2024-03-21,16,1017.67,CAD
100,S04,SEED-0055,2024-03-21,21,8437.34,CAD
100,S05,TIRE-0005,2024-03-21,20,986.01,CAD
100,S05,SEED-0042,2024-03-21,21,8478.67,CAD
100,S03,TIRE-0045,2024-03-21,14,6026.68,CAD
100,S05,LUBE-0050,2024-03-22,14,4745.44,CAD
100,S03,LUBE-0039,2024-03-22,15,5615.26,CAD
100,S05,HDWR-0067,2024-03-22,10,127.7,CAD
100,S02,FUEL-0025,2024-03-22,32,9954.56,CAD
100,S02,HDWR-0030,2024-03-22,12,2031.72,CAD
100,S02,FUEL-0017,2024-03-22,17,1005.92,CAD
100,S06,HDWR-0047,2024-03-22,8,1852.54,CAD
100,S04,TIRE-0005,2024-03-22,21,1207.79,CAD
100,S05,SEED-0007,2024-03-22,12,1739.65,CAD
100,S04,FEED-0054,2024-03-22,15,4108.53,CAD
100,S04,LUBE-0039,2024-03-22,18,7126.96,CAD
100,S03,LUBE-0026,2024-03-23,16,665.27,CAD
100,S02,TIRE-0064,2024-03-24,12,5208.84,CAD
100,S01,LUBE-0031,2024-03-24,21,8564.39,CAD
100,S03,HDWR-0038,2024-03-25,14,2721.55,CAD
100,S03,HDWR-0006,2024-03-25,18,474.4,CAD
100,S06,HDWR-0018,2024-03-25,14,966.02,CAD
100,S03,FUEL-0080,2024-03-25,13,1991.29,CAD
100,S04,LUBE-0035,2024-03-25,24,1228.9,CAD
100,S02,TIRE-0008,2024-03-25,7,2074.19,CAD
100,S04,SEED-0062,2024-03-25,9,3011.35,CAD
100,S01,HDWR-0006,2024-03-26,17,492.49,CAD
100,S06,FEED-0074,2024-03-26,1,220.57,CAD
100,S06,HDWR-0067,2024-03-26,10,128.16,CAD
100,S02,LUBE-0050,2024-03-26,24,8166.45,CAD
100,S04,LUBE-0010,2024-03-26,15,5434.79,CAD
100,S02,LUBE-0065,2024-03-26,23,4491.63,CAD
100,S04,TIRE-0012,2024-03-26,21,3298.19,CAD
100,S04,FEED-0016,2024-03-26,16,8145.5,CAD
100,S05,TIRE-0005,2024-03-26,16,923.85,CAD
100,S05,HDWR-0043,2024-03-27,19,3097.59,CAD
100,S06,HDWR-0047,2024-03-27,8,1755.02,CAD
100,S06,SEED-0013,2024-03-27,17,7733.24,CAD
100,S06,LUBE-0048,2024-03-27,29,7413.2,CAD
100,S01,HDWR-0053,2024-03-27,17,3108.07,CAD
100,S04,HDWR-0018,2024-03-28,10,536.67,CAD
100,S04,FEED-0014,2024-03-28,12,4813.0,CAD
100,S03,FEED-0044,2024-03-28,12,5848.85,CAD
100,S06,SEED-0071,2024-03-28,14,6150.7,CAD
100,S05,FUEL-0023,2024-03-29,8,3848.84,CAD
100,S03,FUEL-0069,2024-03-29,14,8210.26,CAD
100,S05,LUBE-0002,2024-03-29,23,3178.25,CAD
100,S02,TIRE-0008,2024-03-29,22,6849.95,CAD
100,S06,TIRE-0008,2024-03-29,16,5744.78,CAD
100,S05,LUBE-0027,2024-03-29,30,3536.27,CAD
100,S01,SEED-0007,2024-03-30,16,2248.44,CAD
100,S03,FUEL-0025,2024-03-30,1,281.97,CAD
100,S06,FUEL-0023,2024-03-31,24,10952.79,CAD
100,S01,FUEL-0049,2024-03-31,9,688.16,CAD
100,S03,FEED-0075,2024-03-31,19,4907.97,CAD
100,S02,FEED-0029,2024-04-01,11,4727.02,CAD
100,S05,FEED-0070,2024-04-01,31,8517.48,CAD
100,S05,FUEL-0079,2024-04-01,18,8044.45,CAD
100,S05,FEED-0033,2024-04-01,50,19612.56,CAD
100,S05,SEED-0004,2024-04-01,39,15760.1,CAD
100,S04,HDWR-0058,2024-04-01,11,3169.89,CAD
100,S05,HDWR-0022,2024-04-01,25,1327.37,CAD
100,S05,LUBE-0027,2024-04-02,24,3391.46,CAD
100,S06,SEED-0056,2024-04-02,10,1003.54,CAD
100,S06,LUBE-0010,2024-04-02,17,6956.72,CAD
100,S01,TIRE-0005,2024-04-02,16,803.74,CAD
100,S03,FUEL-0023,2024-04-02,9,3783.01,CAD
100,S04,LUBE-0034,2024-04-02,14,6946.7,CAD
100,S04,FEED-0057,2024-04-02,39,16458.69,CAD
100,S05,FUEL-0051,2024-04-03,19,7356.7,CAD
100,S05,LUBE-0002,2024-04-03,20,2753.83,CAD
100,S03,HDWR-0011,2024-04-03,20,2730.08,CAD
100,S04,FUEL-0028,2024-04-03,29,17357.22,CAD
100,S02,FEED-0033,2024-04-03,40,13197.07,CAD
100,S04,SEED-0071,2024-04-03,13,6444.64,CAD
100,S03,HDWR-0043,2024-04-03,22,3035.3,CAD
100,S04,SEED-0041,2024-04-04,45,5906.8,CAD
100,S06,FUEL-0079,2024-04-04,14,6856.8,CAD
100,S04,SEED-0041,2024-04-04,50,6043.47,CAD
100,S02,SEED-0041,2024-04-04,38,5254.31,CAD
100,S03,LUBE-0036,2024-04-04,7,642.09,CAD
100,S04,FEED-0040,2024-04-04,23,8796.89,CAD
100,S06,FUEL-0023,2024-04-04,7,3498.48,CAD
100,S05,HDWR-0018,2024-04-04,9,512.78,CAD
100,S05,HDWR-0052,2024-04-04,18,8256.66,CAD
100,S05,LUBE-0065,2024-04-05,23,3829.34,CAD
100,S06,TIRE-0073,2024-04-05,21,7796.46,CAD
100,S01,HDWR-0030,2024-04-05,17,2531.21,CAD
100,S01,HDWR-0030,2024-04-05,13,2237.89,CAD
100,S04,LUBE-0050,2024-04-05,10,3470.62,CAD
100,S05,LUBE-0034,2024-04-05,13,6940.2,CAD
100,S05,HDWR-0047,2024-04-05,16,3707.83,CAD
100,S04,SEED-0063,2024-04-06,35,14533.6,CAD
100,S01,HDWR-0030,2024-04-06,17,2718.82,CAD
100,S02,LUBE-0036,2024-04-06,20,2098.93,CAD
100,S03,FEED-0054,2024-04-07,31,8730.65,CAD
100,S05,LUBE-0027,2024-04-07,10,1200.31,CAD
100,S02,TIRE-0021,2024-04-07,18,1440.55,CAD
100,S05,HDWR-0006,2024-04-08,20,612.49,CAD
100,S06,FEED-0003,2024-04-08,30,2870.45,CAD
100,S04,FUEL-0028,2024-04-08,5,2769.78,CAD
100,S02,TIRE-0009,2024-04-08,27,3049.75,CAD
100,S01,FUEL-0017,2024-04-08,26,1885.71,CAD
100,S05,FUEL-0069,2024-04-08,31,17609.68,CAD
100,S04,HDWR-0067,2024-04-09,16,195.88,CAD
100,S03,FUEL-0049,2024-04-09,8,730.87,CAD
100,S03,HDWR-0018,2024-04-09,12,820.68,CAD
100,S05,LUBE-0037,2024-04-09,18,2813.1,CAD
100,S03,HDWR-0053,2024-04-09,22,4854.4,CAD
100,S05,FEED-0074,2024-04-09,53,9983.6,CAD
100,S04,SEED-0020,2024-04-09,23,9616.01,CAD
100,S03,FEED-0033,2024-04-09,42,14935.25,CAD
100,S06,LUBE-0036,2024-04-09,12,1189.98,CAD
100,S04,LUBE-0027,2024-04-09,9,1086.05,CAD
100,S06,FEED-0016,2024-04-10,20,9678.75,CAD
100,S05,TIRE-0061,2024-04-10,15,6526.63,CAD
100,S06,TIRE-0005,2024-04-10,19,1047.68,CAD
100,S05,HDWR-0052,2024-04-10,14,7760.63,CAD
100,S02,TIRE-0008,2024-04-10,13,4495.01,CAD
100,S01,FEED-0057,2024-04-10,40,18848.85,CAD
100,S02,LUBE-0037,2024-04-10,27,3327.49,CAD
100,S05,TIRE-0077,2024-04-10,12,2006.07,CAD
100,S06,LUBE-0031,2024-04-10,17,6696.03,CAD
100,S01,TIRE-0021,2024-04-11,30,2223.5,CAD
100,S04,FUEL-0051,2024-04-11,17,7144.87,CAD
100,S01,HDWR-0067,2024-04-11,17,182.99,CAD
100,S03,TIRE-0045,2024-04-11,23,11359.92,CAD
100,S04,FUEL-0025,2024-04-11,16,5722.66,CAD
100,S01,FEED-0074,2024-04-11,33,6194.33,CAD
100,S03,HDWR-0038,2024-04-11,25,6002.21,CAD
100,S04,TIRE-0073,2024-04-11,19,7211.63,CAD
100,S05,HDWR-0059,2024-04-11,6,1418.0,CAD
100,S01,SEED-0062,2024-04-11,33,13355.79,CAD
100,S03,HDWR-0053,2024-04-12,17,3792.25,CAD
100,S03,FEED-0032,2024-04-12,34,6294.95,CAD
100,S02,LUBE-0035,2024-04-12,28,1516.71,CAD
100,S03,FUEL-0080,2024-04-12,22,2759.62,CAD
100,S02,SEED-0063,2024-04-12,63,22218.08,CAD
100,S01,HDWR-0059,2024-04-13,19,4305.23,CAD
100,S03,HDWR-0059,2024-04-13,17,3359.09,CAD
100,S02,LUBE-0034,2024-04-13,13,6604.09,CAD
100,S03,FUEL-0079,2024-04-14,16,7410.86,CAD
100,S04,LUBE-0027,2024-04-14,15,2181.81,CAD
100,S04,LUBE-0036,2024-04-14,11,1023.17,CAD
100,S05,FUEL-0017,2024-04-14,12,829.52,CAD
100,S01,TIRE-0061,2024-04-15,29,12447.18,CAD
100,S03,LUBE-0039,2024-04-15,16,6167.96,CAD
100,S03,LUBE-0034,2024-04-15,12,6672.38,CAD
100,S01,TIRE-0045,2024-04-15,24,11233.31,CAD
100,S06,TIRE-0045,2024-04-15,22,10776.95,CAD
100,S05,FUEL-0049,2024-04-15,15,1152.16,CAD
100,S06,HDWR-0022,2024-04-15,27,1541.54,CAD
100,S04,FEED-0044,2024-04-16,22,12050.09,CAD
100,S01,LUBE-0010,2024-04-16,11,3848.92,CAD
100,S03,HDWR-0030,2024-04-16,15,2235.48,CAD
100,S03,FEED-0057,2024-04-16,33,14145.73,CAD
100,S02,HDWR-0022,2024-04-16,9,519.94,CAD
100,S06,FUEL-0017,2024-04-16,18,1251.76,CAD
100,S01,FUEL-0051,2024-04-16,31,12631.04,CAD
100,S01,SEED-0007,2024-04-16,51,6990.59,CAD
100,S03,LUBE-0050,2024-04-16,23,6618.26,CAD
100,S01,HDWR-0022,2024-04-16,19,870.93,CAD
100,S03,FUEL-0046,2024-04-17,23,3152.03,CAD
100,S06,HDWR-0018,2024-04-17,8,491.65,CAD
100,S05,SEED-0056,2024-04-17,23,2362.3,CAD
100,S05,SEED-0062,2024-04-17,21,7275.35,CAD
100,S03,FEED-0040,2024-04-17,27,8801.18,CAD
100,S02,HDWR-0067,2024-04-17,20,232.34,CAD
100,S06,LUBE-0002,2024-04-17,32,5014.45,CAD
100,S04,LUBE-0002,2024-04-17,10,1707.16,CAD
100,S04,SEED-0056,2024-04-17,18,1545.68,CAD
100,S04,HDWR-0011,2024-04-17,7,930.47,CAD
100,S03,FUEL-0025,2024-04-18,20,6454.53,CAD
100,S01,TIRE-0024,2024-04-18,18,8197.38,CAD
100,S06,FUEL-0017,2024-04-18,17,981.76,CAD
100,S04,LUBE-0002,2024-04-18,18,2616.34,CAD
100,S03,FEED-0054,2024-04-18,37,10108.66,CAD
100,S04,FEED-0032,2024-04-18,28,6281.39,CAD
100,S02,FEED-0057,2024-04-19,33,14187.62,CAD
100,S04,LUBE-0027,2024-04-19,4,593.83,CAD
100,S06,TIRE-0021,2024-04-19,29,2382.12,CAD
100,S03,LUBE-0026,2024-04-19,17,897.13,CAD
100,S01,SEED-0042,2024-04-19,40,16036.29,CAD
100,S05,LUBE-0036,2024-04-19,27,2380.96,CAD
100,S05,HDWR-0006,2024-04-19,26,768.8,CAD
100,S06,TIRE-0061,2024-04-19,12,5014.06,CAD
100,S06,TIRE-0012,2024-04-19,14,2304.82,CAD
100,S01,FUEL-0069,2024-04-19,20,9518.62,CAD
100,S06,FUEL-0072,2024-04-20,18,8160.74,CAD
100,S03,HDWR-0018,2024-04-20,24,1467.08,CAD
100,S05,HDWR-0038,2024-04-20,13,2928.89,CAD
100,S05,FUEL-0025,2024-04-20,20,6804.03,CAD
100,S05,LUBE-0036,2024-04-21,23,2616.88,CAD
100,S02,SEED-0071,2024-04-21,41,18436.68,CAD
100,S04,HDWR-0047,2024-04-21,19,3639.72,CAD
100,S03,LUBE-0031,2024-04-22,16,7393.23,CAD
100,S02,LUBE-0050,2024-04-22,7,2191.96,CAD
100,S05,TIRE-0064,2024-04-22,21,8447.53,CAD
100,S05,SEED-0013,2024-04-22,43,18711.85,CAD
100,S02,HDWR-0006,2024-04-22,18,439.8,CAD
100,S01,FUEL-0025,2024-04-22,19,5285.62,CAD
100,S01,FEED-0033,2024-04-22,20,7113.47,CAD
100,S06,SEED-0078,2024-04-22,61,3943.37,CAD
100,S05,TIRE-0008,2024-04-22,17,4985.1,CAD
100,S01,LUBE-0039,2024-04-22,20,8512.72,CAD
100,S01,HDWR-0067,2024-04-23,22,258.64,CAD
100,S05,FUEL-0023,2024-04-23,17,6884.3,CAD
100,S06,HDWR-0059,2024-04-23,10,1949.8,CAD
100,S05,TIRE-0024,2024-04-23,5,2357.2,CAD
100,S06,FEED-0044,2024-04-23,60,29495.44,CAD
100,S03,FUEL-0046,2024-04-23,39,4914.14,CAD
100,S03,SEED-0042,2024-04-23,18,8666.42,CAD
100,S05,SEED-0042,2024-04-23,44,18034.65,CAD
100,S02,FEED-0070,2024-04-23,22,6631.43,CAD
100,S04,HDWR-0058,2024-04-23,24,8924.06,CAD
100,S06,LUBE-0001,2024-04-23,23,1394.96,CAD
100,S03,HDWR-0018,2024-04-23,19,1020.4,CAD
100,S02,FEED-0029,2024-04-24,35,18087.61,CAD
100,S05,FUEL-0066,2024-04-24,9,1943.33,CAD
100,S02,SEED-0020,2024-04-24,26,9753.43,CAD
100,S04,FEED-0074,2024-04-24,44,9446.54,CAD
100,S06,LUBE-0010,2024-04-24,14,5386.94,CAD
100,S04,FEED-0074,2024-04-24,27,5024.0,CAD
100,S06,HDWR-0030,2024-04-24,12,1652.86,CAD
100,S05,FEED-0040,2024-04-25,50,17024.33,CAD
100,S06,LUBE-0065,2024-04-25,20,3554.08,CAD
100,S02,TIRE-0012,2024-04-25,15,2345.83,CAD
100,S01,LUBE-0034,2024-04-25,11,5941.42,CAD
100,S04,LUBE-0026,2024-04-25,10,484.65,CAD
100,S03,LUBE-0010,2024-04-25,19,8196.15,CAD
100,S01,TIRE-0012,2024-04-25,11,1836.71,CAD
100,S03,SEED-0055,2024-04-25,27,11501.67,CAD
100,S03,SEED-0004,2024-04-25,43,14563.72,CAD
100,S05,TIRE-0045,2024-04-26,23,11411.32,CAD
100,S01,FEED-0057,2024-04-26,12,5828.42,CAD
100,S02,HDWR-0030,2024-04-26,16,2709.88,CAD
100,S01,HDWR-0011,2024-04-26,14,1917.85,CAD
100,S05,FEED-0032,2024-04-26,58,13175.37,CAD
100,S03,LUBE-0002,2024-04-26,11,1827.83,CAD
100,S03,FUEL-0015,2024-04-26,16,2342.29,CAD
100,S05,LUBE-0034,2024-04-26,6,2767.27,CAD
100,S06,FEED-0075,2024-04-26,24,6307.88,CAD
100,S06,HDWR-0060,2024-04-26,20,6136.96,CAD
100,S01,FEED-0014,2024-04-27,26,9678.29,CAD
100,S05,FUEL-0049,2024-04-27,31,2989.41,CAD
100,S03,SEED-0013,2024-04-27,16,5908.25,CAD
100,S05,LUBE-0026,2024-04-27,18,968.73,CAD
100,S06,FUEL-0072,2024-04-27,23,10694.03,CAD
100,S06,FUEL-0051,2024-04-28,18,6687.19,CAD
100,S06,TIRE-0045,2024-04-28,12,5336.76,CAD
100,S03,FUEL-0072,2024-04-28,9,3835.38,CAD
100,S06,FUEL-0051,2024-04-29,25,10321.4,CAD
100,S05,FEED-0040,2024-04-29,42,15088.57,CAD
100,S02,TIRE-0073,2024-04-29,14,5297.34,CAD
100,S02,SEED-0041,2024-04-29,49,6931.03,CAD
100,S06,FEED-0057,2024-04-29,24,11684.43,CAD
100,S02,FEED-0014,2024-04-29,29,10172.26,CAD
100,S02,TIRE-0077,2024-04-30,11,1873.33,CAD
100,S06,HDWR-0011,2024-04-30,18,2534.04,CAD
100,S06,TIRE-0061,2024-04-30,14,6873.42,CAD
100,S04,LUBE-0050,2024-04-30,13,3737.3,CAD
100,S01,HDWR-0053,2024-04-30,18,4110.28,CAD
100,S02,HDWR-0053,2024-04-30,16,3501.83,CAD
100,S02,TIRE-0009,2024-04-30,1,130.72,CAD
100,S05,FEED-0057,2024-04-30,22,9449.7,CAD
100,S04,FEED-0032,2024-04-30,34,6907.64,CAD
100,S05,HDWR-0006,2024-04-30,17,441.94,CAD
100,S05,FEED-0032,2024-05-01,1,182.04,CAD
100,S05,LUBE-0050,2024-05-01,13,4340.77,CAD
100,S02,SEED-0007,2024-05-01,38,4582.92,CAD
100,S03,SEED-0055,2024-05-01,38,15851.51,CAD
100,S04,FUEL-0019,2024-05-01,16,5828.05,CAD
100,S01,HDWR-0058,2024-05-01,17,6040.02,CAD
100,S04,FUEL-0051,2024-05-01,17,6889.0,CAD
100,S01,FEED-0016,2024-05-01,57,28683.99,CAD
100,S04,SEED-0007,2024-05-02,51,6157.07,CAD
100,S01,LUBE-0026,2024-05-02,22,1084.06,CAD
100,S01,FEED-0033,2024-05-02,11,4111.72,CAD
100,S05,LUBE-0001,2024-05-02,21,1626.51,CAD
100,S02,LUBE-0031,2024-05-02,11,4903.48,CAD
100,S05,HDWR-0011,2024-05-02,13,1716.35,CAD
100,S05,FEED-0032,2024-05-02,39,8859.27,CAD
100,S01,LUBE-0027,2024-05-02,27,3264.21,CAD
100,S06,TIRE-0008,2024-05-02,15,4346.14,CAD
100,S01,SEED-0007,2024-05-03,34,4541.73,CAD
100,S03,LUBE-0039,2024-05-03,13,4336.85,CAD
100,S05,SEED-0055,2024-05-03,55,20084.38,CAD
100,S02,TIRE-0061,2024-05-03,27,12126.65,CAD
100,S06,LUBE-0027,2024-05-03,27,3288.19,CAD
100,S01,TIRE-0008,2024-05-03,1,335.51,CAD
100,S04,TIRE-0012,2024-05-03,9,1523.55,CAD
100,S06,HDWR-0030,2024-05-03,9,1350.43,CAD
100,S01,FUEL-0025,2024-05-04,23,7955.6,CAD
100,S04,FEED-0054,2024-05-04,58,17823.72,CAD
100,S01,FUEL-0028,2024-05-04,19,10621.69,CAD
100,S03,SEED-0071,2024-05-05,49,25082.69,CAD
100,S03,HDWR-0043,2024-05-05,10,1734.0,CAD
100,S06,TIRE-0005,2024-05-05,14,717.08,CAD
100,S06,SEED-0020,2024-05-06,10,4452.38,CAD
100,S04,HDWR-0060,2024-05-06,21,6900.7,CAD
100,S05,TIRE-0008,2024-05-06,14,4421.67,CAD
100,S04,FEED-0044,2024-05-06,47,24297.66,CAD
100,S06,SEED-0041,2024-05-06,60,7978.35,CAD
100,S03,LUBE-0031,2024-05-06,19,8570.08,CAD
100,S02,LUBE-0039,2024-05-06,13,4755.08,CAD
100,S02,TIRE-0005,2024-05-06,17,1079.27,CAD
100,S05,FEED-0057,2024-05-06,62,26948.21,CAD
100,S03,FUEL-0025,2024-05-06,19,6785.44,CAD
100,S05,SEED-0013,2024-05-07,57,24921.36,CAD
100,S02,FUEL-0017,2024-05-07,16,1103.96,CAD
100,S05,FEED-0014,2024-05-07,32,13204.73,CAD
100,S03,LUBE-0027,2024-05-07,19,2307.99,CAD
100,S03,LUBE-0037,2024-05-07,6,889.35,CAD
100,S02,LUBE-0035,2024-05-07,15,660.48,CAD
100,S01,FUEL-0015,2024-05-07,26,3683.98,CAD
100,S03,FEED-0070,2024-05-07,37,10588.19,CAD
100,S02,SEED-0007,2024-05-08,78,8707.23,CAD
100,S01,LUBE-0050,2024-05-08,20,5508.24,CAD
100,S02,FUEL-0051,2024-05-08,13,5527.85,CAD
100,S03,FUEL-0046,2024-05-08,15,1997.6,CAD
100,S06,FEED-0040,2024-05-08,25,9350.06,CAD
100,S02,FEED-0029,2024-05-08,20,10438.68,CAD
100,S01,SEED-0004,2024-05-08,27,9958.63,CAD
100,S03,HDWR-0022,2024-05-08,19,1073.78,CAD
100,S05,SEED-0042,2024-05-09,48,22073.26,CAD
100,S01,LUBE-0050,2024-05-09,11,3507.9,CAD
100,S05,FEED-0044,2024-05-09,39,20394.35,CAD
100,S03,FUEL-0023,2024-05-09,13,6656.22,CAD
100,S05,TIRE-0009,2024-05-09,27,3393.35,CAD
100,S03,FUEL-0049,2024-05-09,26,2211.41,CAD
100,S05,FUEL-0079,2024-05-10,11,5214.0,CAD
100,S03,TIRE-0008,2024-05-10,32,9178.6,CAD
100,S03,FUEL-0072,2024-05-10,7,2879.47,CAD
100,S02,SEED-0004,2024-05-10,22,8486.9,CAD
100,S05,SEED-0056,2024-05-10,45,3736.78,CAD
100,S04,FUEL-0072,2024-05-10,22,11111.1,CAD
100,S02,FEED-0054,2024-05-10,35,8887.2,CAD
100,S01,LUBE-0002,2024-05-10,31,5089.69,CAD
100,S06,FUEL-0019,2024-05-11,25,9441.56,CAD
100,S01,HDWR-0018,2024-05-11,11,615.51,CAD
100,S05,HDWR-0059,2024-05-11,6,1247.65,CAD
100,S02,FEED-0029,2024-05-12,57,26482.33,CAD
100,S05,LUBE-0001,2024-05-12,6,444.87,CAD
100,S04,LUBE-0035,2024-05-12,18,979.06,CAD
100,S03,FEED-0074,2024-05-12,47,9855.38,CAD
100,S04,FEED-0075,2024-05-12,44,14852.4,CAD
100,S04,LUBE-0036,2024-05-13,15,1538.13,CAD
100,S06,LUBE-0010,2024-05-13,22,8807.18,CAD
100,S03,HDWR-0038,2024-05-13,15,2909.56,CAD
100,S06,TIRE-0008,2024-05-13,6,1982.19,CAD
100,S05,HDWR-0022,2024-05-13,38,2170.23,CAD
100,S01,FUEL-0080,2024-05-13,24,3131.04,CAD
100,S01,LUBE-0065,2024-05-13,21,3632.93,CAD
100,S05,FUEL-0015,2024-05-14,22,3164.52,CAD
100,S03,HDWR-0058,2024-05-14,26,9306.8,CAD
100,S06,LUBE-0034,2024-05-14,18,9287.17,CAD
100,S03,TIRE-0005,2024-05-14,22,1421.25,CAD
100,S05,FUEL-0019,2024-05-14,21,7001.14,CAD
100,S04,HDWR-0053,2024-05-14,16,3031.32,CAD
100,S06,FEED-0057,2024-05-14,35,16199.76,CAD
100,S01,TIRE-0045,2024-05-14,14,6981.51,CAD
100,S04,HDWR-0030,2024-05-14,15,2232.27,CAD
100,S04,HDWR-0058,2024-05-14,10,3465.4,CAD
100,S01,HDWR-0006,2024-05-14,1,30.59,CAD
100,S01,LUBE-0035,2024-05-15,17,818.08,CAD
100,S03,TIRE-0024,2024-05-15,9,4419.39,CAD
100,S06,FEED-0014,2024-05-15,40,15142.63,CAD
100,S06,FEED-0029,2024-05-15,40,16476.12,CAD
100,S01,TIRE-0012,2024-05-15,22,3932.47,CAD
100,S01,FEED-0016,2024-05-15,35,20114.94,CAD
100,S04,FUEL-0017,2024-05-15,9,597.01,CAD
100,S01,TIRE-0024,2024-05-15,5,2554.56,CAD
100,S03,FEED-0033,2024-05-16,4,1534.15,CAD
100,S03,LUBE-0010,2024-05-16,11,4572.24,CAD
100,S04,FUEL-0049,2024-05-16,16,1534.99,CAD
100,S02,LUBE-0034,2024-05-16,20,10072.87,CAD
100,S02,SEED-0063,2024-05-16,35,13114.22,CAD
100,S01,LUBE-0010,2024-05-16,12,4723.94,CAD
100,S04,FEED-0033,2024-05-16,62,23868.64,CAD
100,S01,LUBE-0001,2024-05-16,18,1318.02,CAD
100,S02,LUBE-0035,2024-05-16,13,645.47,CAD
100,S06,FUEL-0066,2024-05-16,3,818.67,CAD
100,S04,SEED-0056,2024-05-17,59,5873.58,CAD
100,S06,HDWR-0043,2024-05-17,23,3344.32,CAD
100,S06,TIRE-0008,2024-05-17,28,8972.0,CAD
100,S03,HDWR-0059,2024-05-17,15,2810.96,CAD
100,S06,LUBE-0050,2024-05-17,14,3982.25,CAD
100,S06,HDWR-0011,2024-05-17,12,1515.12,CAD
100,S02,FUEL-0025,2024-05-17,19,6907.78,CAD
100,S04,LUBE-0031,2024-05-17,18,7975.15,CAD
100,S01,FEED-0003,2024-05-18,35,3162.17,CAD
100,S01,HDWR-0052,2024-05-18,23,10397.05,CAD
100,S02,FUEL-0069,2024-05-18,15,8495.82,CAD
100,S01,LUBE-0010,2024-05-18,17,5688.57,CAD
100,S01,FEED-0040,2024-05-19,50,18625.14,CAD
100,S05,HDWR-0022,2024-05-19,29,1362.71,CAD
100,S03,SEED-0055,2024-05-20,61,26578.04,CAD
100,S01,SEED-0042,2024-05-20,1,499.77,CAD
100,S02,TIRE-0076,2024-05-20,28,13424.96,CAD
100,S04,FUEL-0019,2024-05-20,21,6358.79,CAD
100,S05,FEED-0032,2024-05-20,57,10381.01,CAD
100,S06,SEED-0013,2024-05-20,21,7579.1,CAD
100,S01,SEED-0063,2024-05-20,24,7780.4,CAD
100,S06,TIRE-0012,2024-05-20,9,1401.26,CAD
100,S02,LUBE-0027,2024-05-20,12,1550.76,CAD
100,S05,FUEL-0023,2024-05-20,11,5266.29,CAD
100,S03,LUBE-0039,2024-05-20,8,2963.62,CAD
100,S06,HDWR-0060,2024-05-21,14,3764.33,CAD
100,S06,SEED-0007,2024-05-21,43,5276.48,CAD
100,S04,LUBE-0027,2024-05-21,17,2495.01,CAD
100,S01,HDWR-0059,2024-05-21,27,5164.26,CAD
100,S05,SEED-0007,2024-05-21,56,7110.69,CAD
100,S01,FUEL-0015,2024-05-21,28,4946.04,CAD
100,S03,FUEL-0015,2024-05-21,18,2796.66,CAD
100,S04,LUBE-0026,2024-05-21,23,1214.93,CAD
100,S04,LUBE-0010,2024-05-22,15,5687.68,CAD
100,S05,FUEL-0028,2024-05-22,16,8502.02,CAD
100,S03,LUBE-0050,2024-05-22,25,8060.91,CAD
100,S02,LUBE-0035,2024-05-22,26,1207.32,CAD
100,S06,TIRE-0005,2024-05-22,12,609.97,CAD
100,S04,HDWR-0060,2024-05-22,15,4307.2,CAD
100,S05,HDWR-0053,2024-05-22,13,2647.73,CAD
100,S05,FUEL-0028,2024-05-22,10,4657.4,CAD
100,S06,SEED-0055,2024-05-22,46,21069.57,CAD
100,S03,FEED-0032,2024-05-22,32,7467.66,CAD
100,S05,SEED-0020,2024-05-22,47,20938.33,CAD
100,S01,FEED-0054,2024-05-23,61,18566.48,CAD
100,S04,TIRE-0005,2024-05-23,19,1091.68,CAD
100,S06,LUBE-0002,2024-05-23,11,1846.08,CAD
100,S02,FUEL-0028,2024-05-23,14,8574.03,CAD
100,S04,FEED-0003,2024-05-23,52,4634.36,CAD
100,S06,TIRE-0021,2024-05-23,9,711.44,CAD
100,S04,HDWR-0059,2024-05-23,20,4619.37,CAD
100,S06,HDWR-0060,2024-05-23,24,7311.69,CAD
100,S03,TIRE-0005,2024-05-23,24,1339.13,CAD
100,S06,LUBE-0035,2024-05-23,26,1367.94,CAD
100,S04,FUEL-0015,2024-05-24,11,1686.26,CAD
100,S06,FUEL-0023,2024-05-24,25,11550.61,CAD
100,S05,TIRE-0009,2024-05-24,16,2119.6,CAD
100,S05,LUBE-0031,2024-05-24,13,5306.91,CAD
100,S06,SEED-0062,2024-05-24,63,26611.84,CAD
100,S03,LUBE-0048,2024-05-24,17,4297.41,CAD
100,S06,LUBE-0048,2024-05-24,29,8335.76,CAD
100,S02,TIRE-0009,2024-05-24,13,1684.57,CAD
100,S01,HDWR-0059,2024-05-25,31,6268.54,CAD
100,S01,LUBE-0010,2024-05-25,25,8754.95,CAD
100,S06,FUEL-0015,2024-05-25,20,2923.68,CAD
100,S01,FUEL-0025,2024-05-26,30,10478.35,CAD
100,S05,LUBE-0068,2024-05-26,10,4722.36,CAD
100,S03,FUEL-0017,2024-05-27,20,1297.18,CAD
100,S01,LUBE-0037,2024-05-27,22,2810.2,CAD
100,S04,LUBE-0037,2024-05-27,27,3462.06,CAD
100,S03,FUEL-0069,2024-05-27,15,7263.47,CAD
100,S01,FUEL-0015,2024-05-27,10,1809.96,CAD
100,S03,FUEL-0019,2024-05-27,1,336.87,CAD
100,S01,FEED-0016,2024-05-27,57,29027.62,CAD
100,S02,HDWR-0006,2024-05-28,20,575.37,CAD
100,S03,FUEL-0015,2024-05-28,27,3966.14,CAD
100,S01,FUEL-0046,2024-05-28,19,2247.78,CAD
100,S01,LUBE-0026,2024-05-28,26,1096.22,CAD
100,S02,FUEL-0051,2024-05-28,2,818.83,CAD
100,S05,SEED-0078,2024-05-28,37,2721.88,CAD
100,S01,LUBE-0048,2024-05-28,16,4640.63,CAD
100,S06,TIRE-0021,2024-05-28,10,873.22,CAD
100,S06,SEED-0055,2024-05-29,50,21260.88,CAD
100,S02,TIRE-0012,2024-05-29,15,2197.42,CAD
100,S01,TIRE-0012,2024-05-29,17,2641.74,CAD
100,S05,LUBE-0039,2024-05-29,25,8959.93,CAD
100,S06,FUEL-0072,2024-05-29,16,6362.48,CAD
100,S03,FEED-0016,2024-05-29,1,537.41,CAD
100,S05,HDWR-0047,2024-05-29,18,3979.78,CAD
100,S03,SEED-0056,2024-05-30,29,2819.49,CAD
100,S03,FEED-0016,2024-05-30,29,15221.97,CAD
100,S01,FEED-0074,2024-05-30,48,8875.65,CAD
100,S01,TIRE-0021,2024-05-30,16,1377.21,CAD
100,S01,FUEL-0046,2024-05-30,25,2926.19,CAD
100,S06,LUBE-0068,2024-05-30,25,12872.12,CAD
100,S05,SEED-0013,2024-05-30,35,15609.27,CAD
100,S03,FEED-0070,2024-05-30,65,19289.94,CAD
100,S05,SEED-0013,2024-05-30,15,5408.92,CAD
100,S03,HDWR-0067,2024-05-30,11,128.87,CAD
100,S02,FEED-0044,2024-05-30,50,23044.93,CAD
100,S05,FUEL-0025,2024-05-30,20,6593.42,CAD
100,S03,TIRE-0045,2024-05-31,20,10103.23,CAD
100,S04,HDWR-0018,2024-05-31,25,1668.64,CAD
100,S02,FEED-0044,2024-05-31,28,14798.13,CAD
100,S06,SEED-0004,2024-05-31,47,19254.98,CAD
100,S06,FUEL-0019,2024-05-31,13,4010.37,CAD
100,S02,FUEL-0017,2024-05-31,19,1303.12,CAD
100,S04,TIRE-0008,2024-05-31,21,6150.05,CAD
100,S06,TIRE-0024,2024-06-01,15,6970.91,CAD
100,S02,TIRE-0012,2024-06-01,27,4838.47,CAD
100,S03,TIRE-0045,2024-06-01,4,1738.72,CAD
100,S06,LUBE-0001,2024-06-02,17,1058.22,CAD
100,S05,FUEL-0028,2024-06-02,22,12487.34,CAD
100,S04,TIRE-0024,2024-06-02,11,5587.36,CAD
100,S02,FEED-0014,2024-06-03,44,16554.57,CAD
100,S01,SEED-0041,2024-06-03,15,1993.9,CAD
100,S06,HDWR-0047,2024-06-03,19,3976.05,CAD
100,S05,HDWR-0059,2024-06-03,22,5034.64,CAD
100,S02,SEED-0055,2024-06-03,40,18248.59,CAD
100,S04,FUEL-0051,2024-06-03,7,2570.5,CAD
100,S04,FUEL-0051,2024-06-03,16,6922.76,CAD
100,S06,FEED-0014,2024-06-03,56,18927.58,CAD
100,S03,LUBE-0026,2024-06-03,9,393.32,CAD
100,S06,LUBE-0036,2024-06-04,27,2958.67,CAD
100,S03,TIRE-0076,2024-06-04,18,10152.06,CAD
100,S05,SEED-0063,2024-06-04,25,8368.95,CAD
100,S02,TIRE-0064,2024-06-04,29,12389.8,CAD
100,S06,SEED-0013,2024-06-04,32,13996.08,CAD
100,S04,FUEL-0023,2024-06-04,18,8420.21,CAD
100,S02,SEED-0042,2024-06-04,23,10888.18,CAD
100,S05,LUBE-0034,2024-06-04,27,13227.14,CAD
100,S01,SEED-0056,2024-06-04,20,1785.76,CAD
100,S04,SEED-0041,2024-06-05,25,3029.31,CAD
100,S04,HDWR-0022,2024-06-05,12,611.94,CAD
100,S05,TIRE-0021,2024-06-05,15,1016.31,CAD
100,S04,LUBE-0034,2024-06-05,12,6445.16,CAD
100,S05,SEED-0004,2024-06-05,49,17504.6,CAD
100,S04,FUEL-0046,2024-06-05,20,2383.23,CAD
100,S01,FEED-0040,2024-06-06,27,9690.86,CAD
100,S06,HDWR-0059,2024-06-06,19,4491.85,CAD
100,S04,SEED-0041,2024-06-06,23,3120.5,CAD
100,S05,SEED-0042,2024-06-06,39,18132.03,CAD
100,S03,LUBE-0027,2024-06-06,22,2911.42,CAD
100,S02,SEED-0056,2024-06-06,41,3779.51,CAD
100,S03,SEED-0007,2024-06-06,17,2465.43,CAD
100,S02,HDWR-0052,2024-06-06,5,2604.44,CAD
100,S01,FEED-0075,2024-06-06,8,2455.2,CAD
100,S05,LUBE-0039,2024-06-06,18,7396.08,CAD
100,S06,SEED-0056,2024-06-07,21,1885.06,CAD
100,S01,TIRE-0024,2024-06-07,12,5310.99,CAD
100,S03,HDWR-0060,2024-06-07,25,7577.73,CAD
100,S02,LUBE-0031,2024-06-07,19,9278.5,CAD
100,S01,LUBE-0031,2024-06-07,18,8905.48,CAD
100,S04,FEED-0040,2024-06-07,30,11266.55,CAD
100,S04,SEED-0056,2024-06-08,26,2172.5,CAD
100,S01,HDWR-0018,2024-06-08,16,928.69,CAD
100,S01,TIRE-0008,2024-06-08,15,4389.21,CAD
100,S03,HDWR-0053,2024-06-09,23,4921.85,CAD
100,S01,LUBE-0031,2024-06-09,26,12119.37,CAD
100,S04,FEED-0033,2024-06-09,25,10216.9,CAD
100,S05,LUBE-0031,2024-06-10,27,11759.41,CAD
100,S04,LUBE-0031,2024-06-10,18,7577.15,CAD
100,S04,LUBE-0036,2024-06-10,21,2088.94,CAD
100,S03,FUEL-0015,2024-06-10,20,3224.82,CAD
100,S06,TIRE-0061,2024-06-10,18,9153.79,CAD
100,S06,TIRE-0061,2024-06-10,23,10445.8,CAD
100,S06,SEED-0007,2024-06-10,32,4551.81,CAD
100,S04,LUBE-0002,2024-06-10,16,2821.97,CAD
100,S02,LUBE-0039,2024-06-11,33,13750.96,CAD
100,S04,TIRE-0021,2024-06-11,8,663.73,CAD
100,S01,HDWR-0053,2024-06-11,7,1340.49,CAD
100,S04,HDWR-0011,2024-06-11,10,1406.03,CAD
100,S04,FUEL-0046,2024-06-11,8,1022.36,CAD
100,S06,SEED-0007,2024-06-11,16,2120.06,CAD
100,S01,HDWR-0011,2024-06-11,22,3193.84,CAD
100,S06,SEED-0062,2024-06-12,10,3367.29,CAD
100,S03,TIRE-0076,2024-06-12,19,9318.58,CAD
100,S01,HDWR-0022,2024-06-12,17,869.88,CAD
100,S05,SEED-0055,2024-06-12,28,11200.22,CAD
100,S02,LUBE-0027,2024-06-12,10,1488.18,CAD
100,S02,LUBE-0034,2024-06-13,6,2961.5,CAD
100,S04,LUBE-0002,2024-06-13,22,3654.92,CAD
100,S01,TIRE-0008,2024-06-13,12,3809.21,CAD
100,S04,LUBE-0031,2024-06-13,37,18972.14,CAD
100,S06,FUEL-0051,2024-06-13,18,7124.86,CAD
100,S03,TIRE-0064,2024-06-13,19,8659.11,CAD
100,S06,SEED-0041,2024-06-14,22,2617.13,CAD
100,S02,HDWR-0006,2024-06-14,17,465.99,CAD
100,S05,SEED-0020,2024-06-14,38,16506.49,CAD
100,S02,SEED-0007,2024-06-14,15,1726.46,CAD
100,S02,HDWR-0030,2024-06-14,23,3872.61,CAD
100,S01,SEED-0056,2024-06-14,30,3147.39,CAD
100,S02,TIRE-0024,2024-06-14,20,10363.95,CAD
100,S05,LUBE-0001,2024-06-15,14,1052.88,CAD
100,S04,TIRE-0024,2024-06-15,22,10656.79,CAD
100,S03,SEED-0013,2024-06-15,24,8690.46,CAD
100,S03,FEED-0014,2024-06-16,36,12508.97,CAD
100,S04,HDWR-0011,2024-06-16,22,2790.29,CAD
100,S05,LUBE-0035,2024-06-16,9,456.97,CAD
100,S01,HDWR-0043,2024-06-16,8,1170.77,CAD
100,S03,LUBE-0037,2024-06-17,28,4289.66,CAD
100,S02,FEED-0033,2024-06-17,24,8226.2,CAD
100,S02,SEED-0078,2024-06-17,25,1693.4,CAD
100,S04,HDWR-0058,2024-06-17,20,6553.68,CAD
100,S06,SEED-0056,2024-06-17,37,3343.72,CAD
100,S05,HDWR-0006,2024-06-17,13,329.2,CAD
100,S05,TIRE-0064,2024-06-18,12,4663.87,CAD
100,S06,FUEL-0017,2024-06-18,29,1901.23,CAD
100,S05,HDWR-0038,2024-06-18,10,1868.85,CAD
100,S01,LUBE-0010,2024-06-18,9,3390.63,CAD
100,S06,HDWR-0060,2024-06-18,17,5299.32,CAD
100,S01,FEED-0003,2024-06-18,40,3632.3,CAD
100,S02,HDWR-0060,2024-06-18,21,5392.85,CAD
100,S06,FEED-0054,2024-06-18,7,1871.95,CAD
100,S06,TIRE-0076,2024-06-18,7,3636.99,CAD
100,S06,HDWR-0011,2024-06-18,23,3096.61,CAD
100,S05,SEED-0056,2024-06-18,27,2158.49,CAD
100,S01,FUEL-0051,2024-06-19,28,11367.23,CAD
100,S06,HDWR-0052,2024-06-19,18,9983.52,CAD
100,S06,SEED-0078,2024-06-19,13,1034.09,CAD
100,S01,FUEL-0025,2024-06-19,20,6657.7,CAD
100,S06,SEED-0056,2024-06-19,44,4462.15,CAD
100,S02,FUEL-0069,2024-06-19,28,13418.03,CAD
100,S02,FUEL-0015,2024-06-19,24,4247.22,CAD
100,S05,HDWR-0058,2024-06-19,20,6126.56,CAD
100,S05,HDWR-0038,2024-06-19,21,4280.06,CAD
100,S06,FEED-0014,2024-06-19,18,7583.69,CAD
100,S04,SEED-0056,2024-06-20,39,3693.68,CAD
100,S03,SEED-0071,2024-06-20,13,5401.94,CAD
100,S06,HDWR-0030,2024-06-20,1,139.91,CAD
100,S04,FEED-0003,2024-06-20,16,1274.62,CAD
100,S04,FUEL-0015,2024-06-20,10,1569.46,CAD
100,S01,SEED-0056,2024-06-20,17,1421.34,CAD
100,S06,LUBE-0037,2024-06-21,17,2158.7,CAD
100,S02,LUBE-0026,2024-06-21,7,343.38,CAD
100,S04,SEED-0013,2024-06-21,41,15834.14,CAD
100,S01,FUEL-0072,2024-06-21,15,7874.48,CAD
100,S03,LUBE-0034,2024-06-21,16,9008.69,CAD
100,S01,LUBE-0065,2024-06-21,14,2925.42,CAD
100,S05,FUEL-0015,2024-06-21,19,3013.83,CAD
100,S03,FEED-0044,2024-06-21,43,23079.46,CAD
100,S05,FEED-0014,2024-06-21,1,395.99,CAD
100,S04,LUBE-0065,2024-06-22,22,4509.95,CAD
100,S04,FEED-0057,2024-06-22,34,15879.56,CAD
100,S02,LUBE-0001,2024-06-22,22,1449.7,CAD
100,S01,HDWR-0022,2024-06-23,11,541.22,CAD
100,S02,HDWR-0030,2024-06-23,20,3105.77,CAD
100,S05,HDWR-0059,2024-06-23,11,2555.55,CAD
100,S01,HDWR-0047,2024-06-24,6,1414.18,CAD
100,S01,HDWR-0067,2024-06-24,22,236.41,CAD
100,S04,HDWR-0038,2024-06-24,15,3117.66,CAD
100,S05,LUBE-0036,2024-06-24,14,1390.87,CAD
100,S02,HDWR-0052,2024-06-24,9,4887.89,CAD
100,S01,HDWR-0011,2024-06-24,11,1498.78,CAD
100,S03,FEED-0070,2024-06-25,31,8296.54,CAD
100,S06,FUEL-0015,2024-06-25,24,3955.76,CAD
100,S01,FUEL-0046,2024-06-25,20,2174.3,CAD
100,S02,FEED-0044,2024-06-25,33,17876.52,CAD
100,S03,HDWR-0030,2024-06-25,1,150.43,CAD
100,S05,HDWR-0067,2024-06-25,22,263.74,CAD
100,S04,SEED-0055,2024-06-25,46,16887.87,CAD
100,S04,TIRE-0008,2024-06-26,24,7869.05,CAD
100,S06,LUBE-0048,2024-06-26,12,3096.33,CAD
100,S05,TIRE-0076,2024-06-26,11,5164.2,CAD
100,S04,SEED-0055,2024-06-26,27,11797.02,CAD
100,S06,SEED-0063,2024-06-26,49,16588.15,CAD
100,S01,LUBE-0048,2024-06-26,12,2751.24,CAD
100,S03,FEED-0074,2024-06-26,21,3860.77,CAD
100,S03,LUBE-0048,2024-06-26,23,5868.83,CAD
100,S04,TIRE-0076,2024-06-26,32,17806.98,CAD
100,S05,FEED-0016,2024-06-27,15,7667.12,CAD
100,S04,HDWR-0059,2024-06-27,16,3653.65,CAD
100,S05,TIRE-0012,2024-06-27,14,2333.16,CAD
100,S04,HDWR-0053,2024-06-27,18,3718.82,CAD
100,S02,FUEL-0069,2024-06-27,9,5390.37,CAD
100,S02,LUBE-0027,2024-06-28,24,3249.0,CAD
100,S05,HDWR-0011,2024-06-28,6,793.6,CAD
100,S05,HDWR-0052,2024-06-28,31,13218.8,CAD
100,S02,SEED-0056,2024-06-28,35,3153.07,CAD
100,S05,SEED-0013,2024-06-28,36,13626.55,CAD
100,S02,FUEL-0019,2024-06-28,17,5370.38,CAD
100,S06,HDWR-0053,2024-06-28,21,3896.93,CAD
100,S03,FUEL-0079,2024-06-28,22,9990.94,CAD
100,S04,FUEL-0019,2024-06-28,28,10362.42,CAD
100,S04,LUBE-0034,2024-06-28,32,14352.78,CAD
100,S05,LUBE-0031,2024-06-28,12,5616.43,CAD
100,S05,TIRE-0064,2024-06-28,18,6634.64,CAD
100,S05,HDWR-0060,2024-06-28,11,3148.64,CAD
100,S01,SEED-0062,2024-06-29,21,8711.63,CAD
100,S03,FUEL-0019,2024-06-29,13,4032.71,CAD
100,S05,SEED-0055,2024-06-30,27,11060.43,CAD
100,S04,LUBE-0001,2024-06-30,27,1970.98,CAD
100,S01,HDWR-0022,2024-06-30,15,693.05,CAD
100,S06,TIRE-0045,2024-06-30,23,10157.12,CAD
100,S03,TIRE-0009,2024-07-01,22,2279.52,CAD
100,S06,FEED-0003,2024-07-01,22,1683.03,CAD
100,S04,FUEL-0023,2024-07-01,17,7848.0,CAD
100,S01,FUEL-0069,2024-07-01,28,14640.79,CAD
100,S04,FUEL-0046,2024-07-02,23,3014.4,CAD
100,S01,LUBE-0002,2024-07-02,28,4370.06,CAD
100,S06,LUBE-0036,2024-07-02,19,2165.49,CAD
100,S02,FUEL-0046,2024-07-02,26,3055.16,CAD
100,S02,LUBE-0001,2024-07-02,19,1509.03,CAD
100,S05,HDWR-0022,2024-07-02,21,1011.14,CAD
100,S02,TIRE-0076,2024-07-02,9,4829.07,CAD
100,S02,LUBE-0036,2024-07-02,6,671.34,CAD
100,S06,FEED-0003,2024-07-03,12,1072.76,CAD
100,S06,SEED-0055,2024-07-03,11,5014.68,CAD
100,S04,SEED-0042,2024-07-03,8,3869.53,CAD
100,S03,HDWR-0053,2024-07-03,24,4896.76,CAD
100,S01,HDWR-0067,2024-07-03,23,308.95,CAD
100,S04,LUBE-0036,2024-07-03,12,1188.08,CAD
100,S01,HDWR-0043,2024-07-03,16,2719.87,CAD
100,S02,LUBE-0010,2024-07-03,17,6011.72,CAD
100,S03,HDWR-0043,2024-07-03,27,3609.75,CAD
100,S01,SEED-0056,2024-07-03,19,1797.88,CAD
100,S01,FEED-0044,2024-07-03,12,6527.52,CAD
100,S01,HDWR-0011,2024-07-04,23,3273.9,CAD
100,S04,TIRE-0008,2024-07-04,27,8817.03,CAD
100,S06,FEED-0014,2024-07-04,19,6403.82,CAD
100,S03,SEED-0007,2024-07-04,19,2501.27,CAD
100,S02,HDWR-0053,2024-07-04,12,2698.88,CAD
100,S05,SEED-0055,2024-07-04,11,4717.93,CAD
100,S06,FEED-0044,2024-07-04,26,12821.15,CAD
100,S05,HDWR-0043,2024-07-04,13,1829.17,CAD
100,S01,FEED-0014,2024-07-04,14,5811.69,CAD
100,S05,FUEL-0025,2024-07-04,16,4584.41,CAD
100,S03,FUEL-0066,2024-07-05,13,3268.16,CAD
100,S01,HDWR-0018,2024-07-05,24,1311.22,CAD
100,S05,FEED-0040,2024-07-05,1,403.64,CAD
100,S05,FEED-0040,2024-07-05,22,9180.68,CAD
100,S01,LUBE-0048,2024-07-05,22,5663.22,CAD
100,S01,FUEL-0072,2024-07-05,22,9927.43,CAD
100,S06,LUBE-0026,2024-07-05,28,1275.87,CAD
100,S05,HDWR-0060,2024-07-05,13,3889.31,CAD
100,S05,HDWR-0043,2024-07-05,5,726.34,CAD
100,S02,HDWR-0043,2024-07-05,29,4967.37,CAD
100,S02,FUEL-0049,2024-07-06,7,514.87,CAD
100,S01,LUBE-0002,2024-07-06,25,3787.42,CAD
100,S01,HDWR-0047,2024-07-07,23,5785.88,CAD
100,S02,LUBE-0026,2024-07-07,16,712.27,CAD
100,S03,FUEL-0023,2024-07-07,22,10964.27,CAD
100,S02,FEED-0032,2024-07-07,17,3313.27,CAD
100,S01,SEED-0013,2024-07-07,19,8646.46,CAD
100,S04,HDWR-0018,2024-07-08,9,534.79,CAD
100,S03,LUBE-0027,2024-07-08,5,654.25,CAD
100,S03,LUBE-0048,2024-07-08,9,2610.09,CAD
100,S04,FUEL-0080,2024-07-08,3,459.52,CAD
100,S02,FUEL-0019,2024-07-08,19,6127.58,CAD
100,S03,LUBE-0048,2024-07-08,13,3421.95,CAD
100,S03,SEED-0020,2024-07-08,16,6028.93,CAD
100,S05,FUEL-0017,2024-07-08,27,1987.0,CAD
100,S04,FUEL-0066,2024-07-08,18,4389.71,CAD
100,S02,HDWR-0060,2024-07-08,7,1955.12,CAD
100,S05,LUBE-0048,2024-07-09,14,3581.14,CAD
100,S05,LUBE-0035,2024-07-09,7,331.18,CAD
100,S02,HDWR-0058,2024-07-09,14,4484.59,CAD
100,S04,FEED-0040,2024-07-09,22,9296.18,CAD
100,S03,LUBE-0048,2024-07-09,12,3117.01,CAD
100,S01,HDWR-0018,2024-07-09,15,863.36,CAD
100,S04,HDWR-0006,2024-07-09,26,715.26,CAD
100,S04,FEED-0044,2024-07-09,9,4330.33,CAD
100,S03,TIRE-0064,2024-07-09,20,7732.71,CAD
100,S02,FEED-0057,2024-07-09,15,7244.47,CAD
100,S05,HDWR-0038,2024-07-09,20,4287.97,CAD
100,S03,LUBE-0010,2024-07-09,2,673.35,CAD
100,S03,LUBE-0026,2024-07-10,20,901.09,CAD
100,S06,FUEL-0025,2024-07-10,14,4914.74,CAD
100,S01,LUBE-0034,2024-07-10,18,8825.79,CAD
100,S04,HDWR-0052,2024-07-10,12,6420.69,CAD
100,S04,SEED-0020,2024-07-10,16,5935.6,CAD
100,S04,SEED-0071,2024-07-10,20,10120.3,CAD
100,S05,HDWR-0058,2024-07-10,21,7643.45,CAD
100,S06,FEED-0040,2024-07-10,16,5214.05,CAD
100,S02,TIRE-0005,2024-07-11,26,1339.08,CAD
100,S05,HDWR-0043,2024-07-11,11,1742.36,CAD
100,S04,LUBE-0027,2024-07-11,24,3156.76,CAD
100,S05,HDWR-0043,2024-07-11,20,3469.55,CAD
100,S06,TIRE-0005,2024-07-11,19,1113.34,CAD
100,S02,SEED-0004,2024-07-11,20,7221.18,CAD
100,S02,LUBE-0027,2024-07-11,32,3993.43,CAD
100,S01,LUBE-0068,2024-07-11,11,4560.37,CAD
100,S02,FUEL-0015,2024-07-12,10,1402.1,CAD
100,S03,LUBE-0027,2024-07-12,7,920.72,CAD
100,S06,LUBE-0065,2024-07-12,15,2494.87,CAD
100,S04,TIRE-0009,2024-07-12,12,1443.48,CAD
100,S05,FEED-0032,2024-07-12,12,2497.69,CAD
100,S05,HDWR-0060,2024-07-12,25,6407.5,CAD
100,S03,TIRE-0012,2024-07-12,8,1221.04,CAD
100,S05,FUEL-0051,2024-07-12,24,9620.27,CAD
100,S05,FUEL-0023,2024-07-12,5,2419.94,CAD
100,S04,HDWR-0059,2024-07-12,21,4596.49,CAD
100,S06,FUEL-0051,2024-07-12,15,6917.48,CAD
100,S02,LUBE-0031,2024-07-13,16,6892.79,CAD
100,S03,FEED-0016,2024-07-13,12,5540.89,CAD
100,S05,FEED-0014,2024-07-13,16,6065.56,CAD
100,S02,FEED-0033,2024-07-14,10,3699.63,CAD
100,S01,HDWR-0060,2024-07-14,27,8481.2,CAD
100,S03,FUEL-0049,2024-07-14,22,2001.81,CAD
100,S06,FEED-0032,2024-07-15,16,3754.67,CAD
100,S04,HDWR-0018,2024-07-15,23,1300.2,CAD
100,S05,FEED-0003,2024-07-15,5,378.59,CAD
100,S01,HDWR-0038,2024-07-15,11,2075.16,CAD
100,S04,SEED-0020,2024-07-15,13,4543.7,CAD
100,S06,LUBE-0050,2024-07-15,17,4562.72,CAD
100,S01,FEED-0054,2024-07-15,19,6111.95,CAD
100,S02,FEED-0044,2024-07-16,15,8443.87,CAD
100,S06,SEED-0013,2024-07-16,14,5298.77,CAD
100,S01,HDWR-0022,2024-07-16,15,751.39,CAD
100,S06,FUEL-0072,2024-07-16,19,8009.47,CAD
100,S04,FEED-0070,2024-07-16,19,4938.71,CAD
100,S01,FUEL-0023,2024-07-16,16,7076.84,CAD
100,S01,SEED-0041,2024-07-16,10,1170.87,CAD
100,S01,LUBE-0048,2024-07-16,22,5325.9,CAD
100,S04,TIRE-0077,2024-07-16,20,4172.66,CAD
100,S04,HDWR-0058,2024-07-17,18,5955.18,CAD
100,S05,FEED-0003,2024-07-17,15,1368.63,CAD
100,S03,FEED-0016,2024-07-17,16,7774.92,CAD
100,S01,HDWR-0011,2024-07-17,25,2889.3,CAD
100,S03,TIRE-0064,2024-07-17,20,8575.92,CAD
100,S06,FEED-0057,2024-07-17,18,7428.25,CAD
100,S06,FEED-0054,2024-07-17,20,5240.73,CAD
100,S05,LUBE-0027,2024-07-17,32,4811.87,CAD
100,S05,FEED-0029,2024-07-18,21,9091.03,CAD
100,S01,FUEL-0017,2024-07-18,17,1007.36,CAD
100,S02,SEED-0071,2024-07-18,16,8101.48,CAD
100,S05,FUEL-0023,2024-07-18,18,8065.99,CAD
100,S04,HDWR-0022,2024-07-18,27,1397.44,CAD
100,S04,FEED-0003,2024-07-18,5,417.13,CAD
100,S03,HDWR-0011,2024-07-18,14,1911.41,CAD
100,S04,FEED-0033,2024-07-18,14,5118.75,CAD
100,S03,HDWR-0059,2024-07-19,11,2082.7,CAD
100,S06,HDWR-0018,2024-07-19,24,1480.21,CAD
100,S02,SEED-0020,2024-07-19,28,11951.58,CAD
100,S04,LUBE-0048,2024-07-19,18,4489.1,CAD
100,S04,FEED-0054,2024-07-19,22,6214.48,CAD
100,S02,TIRE-0021,2024-07-19,17,1409.04,CAD
100,S06,FEED-0033,2024-07-19,10,3831.49,CAD
100,S06,LUBE-0048,2024-07-19,26,5844.53,CAD
100,S04,LUBE-0050,2024-07-19,17,4606.42,CAD
100,S06,HDWR-0059,2024-07-19,8,1550.59,CAD
100,S05,FEED-0032,2024-07-20,8,1512.79,CAD
100,S01,FUEL-0015,2024-07-20,13,2152.68,CAD
100,S02,HDWR-0067,2024-07-20,23,308.34,CAD
100,S03,SEED-0055,2024-07-20,13,5447.15,CAD
100,S06,FEED-0014,2024-07-21,1,392.05,CAD
100,S02,LUBE-0001,2024-07-22,18,1110.4,CAD
100,S05,TIRE-0024,2024-07-22,25,13171.13,CAD
100,S02,TIRE-0024,2024-07-22,15,6381.95,CAD
100,S02,TIRE-0024,2024-07-22,17,8031.0,CAD
100,S03,TIRE-0009,2024-07-22,19,1931.74,CAD
100,S04,LUBE-0031,2024-07-22,6,2370.31,CAD
100,S01,LUBE-0035,2024-07-22,19,966.59,CAD
100,S06,LUBE-0048,2024-07-23,19,5392.99,CAD
100,S02,SEED-0041,2024-07-23,24,3086.42,CAD
100,S03,TIRE-0008,2024-07-23,14,5141.16,CAD
100,S05,FEED-0016,2024-07-23,14,7962.04,CAD
100,S04,LUBE-0048,2024-07-23,28,7407.7,CAD
100,S01,HDWR-0047,2024-07-23,29,6764.35,CAD
100,S05,HDWR-0030,2024-07-23,15,2379.1,CAD
100,S06,FUEL-0025,2024-07-24,11,3168.51,CAD
100,S05,HDWR-0067,2024-07-24,20,211.35,CAD
100,S03,TIRE-0012,2024-07-24,7,1218.44,CAD
100,S02,LUBE-0031,2024-07-24,24,10095.37,CAD
100,S02,SEED-0004,2024-07-24,13,5422.74,CAD
100,S04,SEED-0042,2024-07-24,16,6591.13,CAD
100,S06,TIRE-0061,2024-07-24,13,5488.95,CAD
100,S06,FUEL-0049,2024-07-24,12,1062.5,CAD
100,S04,FUEL-0072,2024-07-25,19,7830.24,CAD
100,S03,TIRE-0012,2024-07-25,13,2210.16,CAD
100,S03,SEED-0055,2024-07-25,16,7142.16,CAD
100,S02,TIRE-0076,2024-07-25,16,7161.88,CAD
100,S04,FEED-0029,2024-07-25,26,12951.53,CAD
100,S05,FUEL-0019,2024-07-25,15,5490.46,CAD
100,S03,SEED-0041,2024-07-25,6,748.39,CAD
100,S01,TIRE-0021,2024-07-26,11,891.72,CAD
100,S04,TIRE-0045,2024-07-26,16,7444.87,CAD
100,S01,FUEL-0051,2024-07-26,28,10319.2,CAD
100,S04,LUBE-0039,2024-07-26,16,6323.27,CAD
100,S02,FEED-0074,2024-07-26,9,2104.54,CAD
100,S06,SEED-0055,2024-07-27,24,8849.97,CAD
100,S02,TIRE-0061,2024-07-27,4,2118.14,CAD
100,S01,FEED-0032,2024-07-28,21,3919.36,CAD
100,S04,FUEL-0051,2024-07-28,14,5225.78,CAD
100,S05,FEED-0003,2024-07-29,8,638.42,CAD
100,S04,TIRE-0024,2024-07-29,7,3330.24,CAD
100,S02,FEED-0074,2024-07-29,17,3184.05,CAD
100,S05,TIRE-0009,2024-07-29,22,2798.77,CAD
100,S06,LUBE-0027,2024-07-29,21,2857.93,CAD
100,S01,TIRE-0024,2024-07-29,15,7379.96,CAD
100,S01,TIRE-0021,2024-07-29,20,1571.92,CAD
100,S02,LUBE-0001,2024-07-30,12,844.9,CAD
100,S02,FEED-0057,2024-07-30,7,3061.59,CAD
100,S05,FUEL-0046,2024-07-30,12,1507.14,CAD
100,S06,LUBE-0027,2024-07-30,28,3438.78,CAD
100,S02,FUEL-0025,2024-07-30,25,7547.57,CAD
100,S03,FUEL-0046,2024-07-30,15,1672.41,CAD
100,S04,HDWR-0052,2024-07-30,20,8691.48,CAD
100,S06,FEED-0033,2024-07-30,7,2611.11,CAD
100,S06,LUBE-0010,2024-07-30,22,9039.99,CAD
100,S02,FEED-0054,2024-07-31,11,3011.79,CAD
100,S02,SEED-0078,2024-07-31,26,1614.35,CAD
100,S06,FUEL-0015,2024-07-31,15,2481.07,CAD
100,S03,HDWR-0047,2024-07-31,17,4070.11,CAD
100,S02,FUEL-0019,2024-07-31,17,6427.34,CAD
100,S04,FEED-0029,2024-07-31,19,10143.14,CAD
100,S06,TIRE-0045,2024-07-31,12,5392.32,CAD
100,S01,SEED-0013,2024-07-31,13,4924.59,CAD
100,S06,FUEL-0066,2024-08-01,18,3960.88,CAD
100,S05,FUEL-0049,2024-08-01,17,1538.62,CAD
100,S06,LUBE-0048,2024-08-01,15,4137.78,CAD
100,S04,FUEL-0046,2024-08-01,21,2611.49,CAD
100,S04,LUBE-0036,2024-08-01,6,684.25,CAD
100,S03,HDWR-0030,2024-08-01,16,2644.35,CAD
100,S03,TIRE-0012,2024-08-01,12,1695.62,CAD
100,S01,HDWR-0011,2024-08-01,21,2869.58,CAD
100,S02,TIRE-0012,2024-08-01,15,2249.11,CAD
100,S04,LUBE-0002,2024-08-01,10,1418.25,CAD
100,S06,LUBE-0001,2024-08-02,18,1234.37,CAD
100,S05,HDWR-0006,2024-08-02,13,398.88,CAD
100,S01,FUEL-0023,2024-08-02,15,6542.3,CAD
100,S04,SEED-0007,2024-08-02,20,2546.91,CAD
100,S03,HDWR-0022,2024-08-02,24,1325.28,CAD
100,S06,LUBE-0001,2024-08-02,25,1814.37,CAD
100,S02,FUEL-0051,2024-08-02,32,14806.21,CAD
100,S03,LUBE-0039,2024-08-03,18,6079.48,CAD
100,S06,TIRE-0045,2024-08-03,20,8536.22,CAD
100,S04,SEED-0020,2024-08-03,23,8348.56,CAD
100,S03,FUEL-0051,2024-08-04,15,5615.59,CAD
100,S06,FEED-0057,2024-08-04,20,8340.75,CAD
100,S01,SEED-0056,2024-08-04,14,1241.3,CAD
100,S04,FUEL-0051,2024-08-05,22,9641.05,CAD
100,S01,FEED-0014,2024-08-05,12,4134.34,CAD
100,S05,TIRE-0045,2024-08-05,28,11767.32,CAD
100,S06,TIRE-0077,2024-08-05,25,4322.94,CAD
100,S02,SEED-0055,2024-08-05,18,7716.9,CAD
100,S06,LUBE-0034,2024-08-05,23,10953.61,CAD
100,S02,TIRE-0024,2024-08-06,27,13572.94,CAD
100,S01,HDWR-0030,2024-08-06,17,2432.18,CAD
100,S03,TIRE-0005,2024-08-06,34,1897.32,CAD
100,S02,FUEL-0079,2024-08-06,17,7251.3,CAD
100,S05,HDWR-0053,2024-08-06,14,2647.24,CAD
100,S04,FEED-0044,2024-08-06,27,13408.08,CAD
100,S04,FUEL-0066,2024-08-06,14,3187.96,CAD
100,S06,TIRE-0045,2024-08-06,13,6095.61,CAD
100,S01,SEED-0041,2024-08-06,18,2501.88,CAD
100,S02,SEED-0042,2024-08-06,18,7475.97,CAD
100,S05,LUBE-0036,2024-08-06,21,2409.42,CAD
100,S03,HDWR-0047,2024-08-06,20,4205.12,CAD
100,S06,SEED-0013,2024-08-07,26,11923.61,CAD
100,S03,HDWR-0043,2024-08-07,18,2953.44,CAD
100,S06,HDWR-0047,2024-08-07,19,4073.51,CAD
100,S01,LUBE-0050,2024-08-07,20,6639.21,CAD
100,S01,FEED-0016,2024-08-07,15,8034.3,CAD
100,S01,SEED-0013,2024-08-07,13,6081.62,CAD
100,S01,SEED-0020,2024-08-07,25,8997.3,CAD
100,S05,FEED-0054,2024-08-07,14,4251.0,CAD
100,S04,TIRE-0009,2024-08-07,21,2399.76,CAD
100,S03,FUEL-0017,2024-08-08,13,740.26,CAD
100,S01,TIRE-0073,2024-08-08,20,7180.11,CAD
100,S02,LUBE-0010,2024-08-08,10,3927.16,CAD
100,S04,LUBE-0050,2024-08-08,21,6726.3,CAD
100,S02,LUBE-0027,2024-08-08,27,3667.56,CAD
100,S05,LUBE-0002,2024-08-08,18,2803.63,CAD
100,S02,HDWR-0022,2024-08-08,22,1009.71,CAD
100,S03,FUEL-0019,2024-08-08,19,7091.77,CAD
100,S01,LUBE-0035,2024-08-08,14,742.04,CAD
100,S01,FUEL-0069,2024-08-08,13,5949.27,CAD
100,S03,SEED-0078,2024-08-09,10,777.94,CAD
100,S04,HDWR-0018,2024-08-09,33,2279.2,CAD
100,S03,HDWR-0038,2024-08-09,27,4986.27,CAD
100,S02,FUEL-0046,2024-08-09,17,2247.61,CAD
100,S02,LUBE-0036,2024-08-09,17,1810.66,CAD
100,S06,HDWR-0030,2024-08-09,17,3009.49,CAD
100,S04,TIRE-0012,2024-08-09,11,1598.69,CAD
100,S02,TIRE-0024,2024-08-09,21,10824.49,CAD
100,S02,TIRE-0021,2024-08-10,22,1552.77,CAD
100,S01,FUEL-0019,2024-08-10,8,2615.67,CAD
100,S06,HDWR-0059,2024-08-10,21,4544.23,CAD
100,S04,FUEL-0049,2024-08-10,30,2742.12,CAD
100,S05,FEED-0014,2024-08-11,17,6908.76,CAD
100,S02,LUBE-0026,2024-08-11,11,521.4,CAD
100,S04,TIRE-0073,2024-08-12,20,6692.08,CAD
100,S01,FEED-0003,2024-08-12,22,1879.0,CAD
100,S04,FUEL-0015,2024-08-12,27,3905.66,CAD
100,S02,FUEL-0015,2024-08-12,32,4893.83,CAD
100,S06,SEED-0020,2024-08-12,14,5286.1,CAD
100,S06,SEED-0020,2024-08-13,20,7906.44,CAD
100,S05,FUEL-0015,2024-08-13,7,1004.89,CAD
100,S02,SEED-0042,2024-08-13,22,8859.0,CAD
100,S03,LUBE-0050,2024-08-13,14,4588.16,CAD
100,S05,HDWR-0053,2024-08-13,24,5301.25,CAD
100,S02,HDWR-0043,2024-08-13,21,3002.6,CAD
100,S05,FEED-0054,2024-08-13,8,2264.55,CAD
100,S05,FEED-0054,2024-08-13,15,4341.08,CAD
100,S01,LUBE-0027,2024-08-13,20,2548.19,CAD
100,S05,FUEL-0019,2024-08-14,33,10228.74,CAD
100,S01,HDWR-0018,2024-08-14,28,1682.64,CAD
100,S06,SEED-0004,2024-08-14,15,6312.62,CAD
100,S01,LUBE-0048,2024-08-14,14,3163.01,CAD
100,S02,SEED-0004,2024-08-14,16,5266.77,CAD
100,S04,TIRE-0073,2024-08-14,20,6078.44,CAD
100,S06,HDWR-0053,2024-08-14,7,1365.56,CAD
100,S02,SEED-0055,2024-08-15,13,5056.47,CAD
100,S05,TIRE-0012,2024-08-15,5,850.62,CAD
100,S05,HDWR-0052,2024-08-15,29,12495.11,CAD
100,S02,FUEL-0051,2024-08-15,26,10983.61,CAD
100,S06,LUBE-0010,2024-08-15,1,382.66,CAD
100,S06,SEED-0041,2024-08-15,9,1086.56,CAD
100,S03,FUEL-0025,2024-08-15,20,6575.29,CAD
100,S02,LUBE-0037,2024-08-15,15,2179.86,CAD
100,S06,LUBE-0026,2024-08-16,22,927.99,CAD
100,S02,LUBE-0065,2024-08-16,15,2773.59,CAD
100,S05,SEED-0004,2024-08-16,17,6857.95,CAD
100,S06,HDWR-0011,2024-08-16,16,1823.96,CAD
100,S02,HDWR-0058,2024-08-16,17,5357.25,CAD
100,S05,HDWR-0047,2024-08-17,22,5419.71,CAD
100,S05,LUBE-0027,2024-08-17,4,539.64,CAD
100,S01,TIRE-0064,2024-08-17,7,3131.68,CAD
100,S04,TIRE-0012,2024-08-18,12,1697.73,CAD
100,S02,SEED-0041,2024-08-18,21,2624.53,CAD
100,S03,HDWR-0047,2024-08-18,16,3152.21,CAD
100,S06,FUEL-0023,2024-08-18,18,8122.62,CAD
100,S04,FEED-0033,2024-08-18,12,4616.58,CAD
100,S01,HDWR-0018,2024-08-19,25,1496.33,CAD
100,S04,LUBE-0037,2024-08-19,16,2207.25,CAD
100,S01,LUBE-0048,2024-08-19,22,5919.98,CAD
100,S06,FEED-0032,2024-08-19,18,4123.15,CAD
100,S04,HDWR-0038,2024-08-19,17,3288.15,CAD
100,S01,HDWR-0052,2024-08-19,20,10285.64,CAD
100,S04,TIRE-0045,2024-08-19,32,15218.92,CAD
100,S04,FUEL-0051,2024-08-19,20,7526.75,CAD
100,S01,HDWR-0043,2024-08-19,8,1225.75,CAD
100,S04,LUBE-0036,2024-08-20,21,2125.5,CAD
100,S05,TIRE-0005,2024-08-20,18,1113.0,CAD
100,S01,FUEL-0028,2024-08-20,18,10379.14,CAD
100,S03,SEED-0055,2024-08-20,19,7347.07,CAD
100,S01,FUEL-0023,2024-08-20,21,8441.2,CAD
100,S05,FEED-0054,2024-08-20,21,5428.74,CAD
100,S01,SEED-0007,2024-08-20,32,4526.38,CAD
100,S03,SEED-0055,2024-08-20,23,8752.43,CAD
100,S04,FEED-0054,2024-08-20,16,4501.98,CAD
100,S03,FUEL-0019,2024-08-21,28,9769.92,CAD
100,S04,SEED-0020,2024-08-21,6,2696.69,CAD
100,S04,LUBE-0001,2024-08-21,30,2358.85,CAD
100,S02,TIRE-0005,2024-08-21,10,608.42,CAD
100,S04,FUEL-0025,2024-08-21,14,4599.92,CAD
100,S03,FUEL-0028,2024-08-21,6,2969.01,CAD
100,S06,FUEL-0025,2024-08-21,16,5558.47,CAD
100,S03,FEED-0003,2024-08-21,17,1606.31,CAD
100,S01,LUBE-0065,2024-08-21,14,2663.47,CAD
100,S05,FUEL-0046,2024-08-21,8,973.82,CAD
100,S05,FUEL-0023,2024-08-22,20,9331.39,CAD
100,S04,FEED-0070,2024-08-22,8,2376.39,CAD
100,S06,LUBE-0037,2024-08-22,27,3948.36,CAD
100,S01,HDWR-0053,2024-08-22,6,1370.7,CAD
100,S06,SEED-0013,2024-08-22,18,7386.61,CAD
100,S03,FEED-0016,2024-08-22,33,16845.49,CAD
100,S03,LUBE-0037,2024-08-22,18,2815.1,CAD
100,S03,LUBE-0034,2024-08-23,24,11999.44,CAD
100,S01,LUBE-0031,2024-08-23,7,3554.64,CAD
100,S01,FEED-0054,2024-08-23,22,6015.75,CAD
100,S03,TIRE-0077,2024-08-23,8,1673.03,CAD
100,S02,FUEL-0051,2024-08-23,33,13982.69,CAD
100,S01,FUEL-0051,2024-08-23,20,7366.24,CAD
100,S04,FUEL-0023,2024-08-23,24,10721.81,CAD
100,S06,SEED-0013,2024-08-23,13,5870.57,CAD
100,S05,LUBE-0034,2024-08-23,8,3709.78,CAD
100,S02,SEED-0042,2024-08-23,19,7255.2,CAD
100,S06,FUEL-0080,2024-08-24,1,141.4,CAD
100,S03,FEED-0029,2024-08-24,13,5645.34,CAD
100,S06,LUBE-0034,2024-08-25,5,2242.53,CAD
100,S02,HDWR-0011,2024-08-25,11,1444.18,CAD
100,S01,FEED-0014,2024-08-25,10,3799.69,CAD
100,S01,TIRE-0077,2024-08-25,22,4490.71,CAD
100,S03,TIRE-0064,2024-08-25,21,9654.14,CAD
100,S04,SEED-0013,2024-08-26,20,8305.25,CAD
100,S04,FEED-0054,2024-08-26,25,6986.06,CAD
100,S02,TIRE-0021,2024-08-26,11,802.49,CAD
100,S03,FEED-0016,2024-08-26,9,5351.41,CAD
100,S05,SEED-0062,2024-08-26,17,6409.36,CAD
100,S02,FEED-0016,2024-08-26,17,9153.68,CAD
100,S01,FUEL-0069,2024-08-26,6,2935.41,CAD
100,S02,HDWR-0018,2024-08-26,27,1505.86,CAD
100,S04,LUBE-0036,2024-08-26,23,2151.93,CAD
100,S03,TIRE-0012,2024-08-26,15,2369.07,CAD
100,S02,HDWR-0052,2024-08-27,17,9151.88,CAD
100,S05,FEED-0014,2024-08-27,20,6974.71,CAD
100,S06,LUBE-0027,2024-08-27,9,1188.1,CAD
100,S01,FUEL-0080,2024-08-27,23,3283.58,CAD
100,S03,TIRE-0073,2024-08-27,11,3255.54,CAD
100,S05,TIRE-0005,2024-08-27,25,1326.76,CAD
100,S03,HDWR-0053,2024-08-27,6,1378.56,CAD
100,S03,LUBE-0068,2024-08-27,9,4194.01,CAD
100,S06,FUEL-0028,2024-08-27,19,9860.23,CAD
100,S03,FUEL-0019,2024-08-27,22,6348.24,CAD
100,S02,HDWR-0043,2024-08-27,22,3351.22,CAD
100,S02,SEED-0078,2024-08-28,12,850.17,CAD
100,S06,LUBE-0036,2024-08-28,6,673.41,CAD
100,S05,LUBE-0010,2024-08-28,8,3424.09,CAD
100,S06,FEED-0054,2024-08-28,18,4845.32,CAD
100,S01,LUBE-0026,2024-08-28,11,568.19,CAD
100,S01,TIRE-0064,2024-08-28,25,9240.52,CAD
100,S05,SEED-0042,2024-08-28,17,7263.41,CAD
100,S06,FEED-0044,2024-08-28,19,8218.75,CAD
100,S01,TIRE-0061,2024-08-28,21,9354.5,CAD
100,S04,TIRE-0045,2024-08-28,11,4663.4,CAD
100,S04,HDWR-0059,2024-08-29,18,4239.7,CAD
100,S01,FEED-0029,2024-08-29,4,2069.0,CAD
100,S01,HDWR-0018,2024-08-29,31,2048.11,CAD
100,S02,FEED-0029,2024-08-29,17,7146.02,CAD
100,S06,HDWR-0043,2024-08-29,28,4440.95,CAD
100,S01,HDWR-0059,2024-08-29,22,4236.53,CAD
100,S06,HDWR-0053,2024-08-29,3,603.81,CAD
100,S05,FEED-0016,2024-08-30,8,4371.53,CAD
100,S03,LUBE-0036,2024-08-30,16,1756.3,CAD
100,S02,SEED-0062,2024-08-30,28,11107.64,CAD
100,S01,FUEL-0028,2024-08-30,15,8452.33,CAD
100,S04,HDWR-0060,2024-08-30,19,5131.84,CAD
100,S05,TIRE-0076,2024-08-30,21,10589.95,CAD
100,S06,FEED-0040,2024-08-30,14,5285.69,CAD
100,S04,HDWR-0047,2024-08-30,31,6916.99,CAD
100,S04,LUBE-0036,2024-08-30,21,2362.83,CAD
100,S03,TIRE-0024,2024-08-31,12,5056.61,CAD
100,S03,HDWR-0011,2024-08-31,19,2394.54,CAD
100,S04,SEED-0020,2024-08-31,9,3164.35,CAD
100,S03,LUBE-0035,2024-09-01,17,734.88,CAD
100,S02,HDWR-0052,2024-09-01,10,5040.65,CAD
100,S02,FUEL-0015,2024-09-01,18,2560.62,CAD
100,S02,LUBE-0036,2024-09-02,15,1693.15,CAD
100,S02,LUBE-0027,2024-09-02,19,2368.93,CAD
100,S03,TIRE-0077,2024-09-02,11,2155.26,CAD
100,S03,HDWR-0022,2024-09-02,10,552.54,CAD
100,S02,HDWR-0022,2024-09-02,14,830.84,CAD
100,S02,FEED-0003,2024-09-02,48,3713.95,CAD
100,S05,TIRE-0061,2024-09-02,32,14971.22,CAD
100,S05,FEED-0003,2024-09-02,27,2413.31,CAD
100,S02,HDWR-0038,2024-09-03,13,2505.53,CAD
100,S01,SEED-0013,2024-09-03,25,9856.62,CAD
100,S06,FEED-0033,2024-09-03,32,11774.77,CAD
100,S04,HDWR-0047,2024-09-03,24,5645.69,CAD
100,S02,HDWR-0053,2024-09-03,15,3062.39,CAD
100,S05,FEED-0032,2024-09-03,22,4896.97,CAD
100,S03,SEED-0056,2024-09-03,28,2884.23,CAD
100,S06,FUEL-0049,2024-09-03,20,1518.8,CAD
100,S06,LUBE-0036,2024-09-03,11,1106.92,CAD
100,S03,LUBE-0036,2024-09-04,23,2146.3,CAD
100,S06,TIRE-0064,2024-09-04,24,9965.21,CAD
100,S06,FUEL-0072,2024-09-04,26,10870.86,CAD
100,S03,TIRE-0009,2024-09-04,20,2197.44,CAD
100,S01,TIRE-0076,2024-09-04,18,7923.42,CAD
100,S03,SEED-0056,2024-09-04,26,2233.67,CAD
100,S03,TIRE-0045,2024-09-04,17,8800.54,CAD
100,S06,FUEL-0019,2024-09-04,15,4585.97,CAD
100,S01,FEED-0075,2024-09-04,26,8714.35,CAD
100,S01,HDWR-0052,2024-09-05,30,15134.15,CAD
100,S05,FUEL-0023,2024-09-05,8,3572.34,CAD
100,S02,FEED-0033,2024-09-05,21,7576.45,CAD
100,S03,LUBE-0026,2024-09-05,16,852.72,CAD
100,S05,HDWR-0060,2024-09-05,23,6164.9,CAD
100,S06,LUBE-0065,2024-09-05,22,4486.54,CAD
100,S04,SEED-0055,2024-09-05,17,6135.08,CAD
100,S01,FUEL-0072,2024-09-05,21,10912.24,CAD
100,S05,HDWR-0060,2024-09-05,22,6392.4,CAD
100,S01,SEED-0007,2024-09-06,45,5975.82,CAD
100,S05,HDWR-0043,2024-09-06,22,3006.42,CAD
100,S05,HDWR-0038,2024-09-06,11,2064.28,CAD
100,S01,HDWR-0067,2024-09-06,20,225.84,CAD
100,S05,SEED-0004,2024-09-06,23,7677.23,CAD
100,S04,HDWR-0052,2024-09-06,18,10024.88,CAD
100,S03,TIRE-0064,2024-09-07,14,6092.1,CAD
100,S04,FEED-0054,2024-09-08,17,4346.8,CAD
100,S04,LUBE-0037,2024-09-08,23,3327.51,CAD
100,S06,TIRE-0005,2024-09-08,22,1305.46,CAD
100,S04,HDWR-0018,2024-09-08,23,1582.23,CAD
100,S03,HDWR-0059,2024-09-09,22,4726.41,CAD
100,S03,SEED-0020,2024-09-09,25,10464.28,CAD
100,S06,TIRE-0009,2024-09-09,1,120.32,CAD
100,S05,TIRE-0024,2024-09-09,19,9740.09,CAD
100,S05,TIRE-0045,2024-09-09,17,8421.56,CAD
100,S01,HDWR-0052,2024-09-09,31,13792.01,CAD
100,S06,SEED-0013,2024-09-09,32,11883.72,CAD
100,S02,FEED-0014,2024-09-10,25,10867.32,CAD
100,S01,FEED-0033,2024-09-10,44,15987.95,CAD
100,S05,LUBE-0048,2024-09-10,20,5309.57,CAD
100,S02,SEED-0004,2024-09-10,19,6843.9,CAD
100,S03,LUBE-0026,2024-09-10,7,308.25,CAD
100,S02,LUBE-0068,2024-09-10,19,10270.72,CAD
100,S02,TIRE-0005,2024-09-10,18,1137.06,CAD
100,S04,HDWR-0047,2024-09-10,5,1062.47,CAD
100,S05,FUEL-0046,2024-09-11,29,3905.13,CAD
100,S04,FEED-0057,2024-09-11,14,6296.42,CAD
100,S01,SEED-0013,2024-09-11,24,10000.09,CAD
100,S05,SEED-0007,2024-09-11,24,3332.39,CAD
100,S03,HDWR-0038,2024-09-11,17,3521.71,CAD
100,S01,FUEL-0046,2024-09-11,20,2339.72,CAD
100,S06,SEED-0071,2024-09-11,18,9559.24,CAD
100,S06,FUEL-0079,2024-09-12,24,11052.1,CAD
100,S05,FEED-0054,2024-09-12,10,3020.69,CAD
100,S01,TIRE-0008,2024-09-12,19,6383.81,CAD
100,S05,SEED-0055,2024-09-12,34,15669.13,CAD
100,S04,FEED-0044,2024-09-12,33,14620.29,CAD
100,S02,LUBE-0002,2024-09-12,15,2308.6,CAD
100,S01,LUBE-0010,2024-09-13,21,7082.41,CAD
100,S05,TIRE-0045,2024-09-13,21,10508.39,CAD
100,S03,FEED-0032,2024-09-13,34,7404.14,CAD
100,S04,FEED-0029,2024-09-13,27,13567.28,CAD
100,S05,HDWR-0047,2024-09-13,15,3359.29,CAD
100,S03,LUBE-0035,2024-09-13,27,1385.38,CAD
100,S01,LUBE-0036,2024-09-13,23,2154.74,CAD
100,S05,HDWR-0018,2024-09-13,19,1087.23,CAD
100,S06,LUBE-0048,2024-09-13,29,8079.64,CAD
100,S01,FUEL-0019,2024-09-14,28,9733.29,CAD
100,S01,HDWR-0059,2024-09-14,16,2981.18,CAD
100,S01,HDWR-0011,2024-09-14,27,3256.39,CAD
100,S04,FUEL-0079,2024-09-14,4,1862.7,CAD
100,S04,LUBE-0027,2024-09-15,18,2175.87,CAD
100,S05,SEED-0056,2024-09-15,35,3266.29,CAD
100,S01,TIRE-0045,2024-09-15,19,10150.91,CAD
100,S02,TIRE-0076,2024-09-15,10,5381.33,CAD
100,S03,LUBE-0002,2024-09-16,23,3210.86,CAD
100,S05,FEED-0032,2024-09-16,2,393.73,CAD
100,S04,FEED-0074,2024-09-16,35,6901.1,CAD
100,S05,FEED-0040,2024-09-16,16,6613.99,CAD
100,S04,FEED-0057,2024-09-16,10,3765.39,CAD
100,S04,LUBE-0002,2024-09-16,24,3929.24,CAD
100,S03,HDWR-0011,2024-09-17,25,3614.8,CAD
100,S02,FEED-0057,2024-09-17,18,7299.27,CAD
100,S02,FUEL-0023,2024-09-17,26,13035.37,CAD
100,S04,LUBE-0065,2024-09-17,28,5511.96,CAD
100,S01,FEED-0033,2024-09-17,33,12790.42,CAD
100,S01,FEED-0014,2024-09-17,26,10011.49,CAD
100,S05,FUEL-0015,2024-09-17,22,3571.19,CAD
100,S06,HDWR-0053,2024-09-18,6,1155.79,CAD
100,S02,SEED-0004,2024-09-18,44,15806.67,CAD
100,S02,HDWR-0038,2024-09-18,19,4181.77,CAD
100,S04,FUEL-0028,2024-09-18,17,9985.18,CAD
100,S06,TIRE-0005,2024-09-18,16,1037.11,CAD
100,S01,HDWR-0011,2024-09-18,11,1592.6,CAD
100,S05,FEED-0029,2024-09-18,13,6250.72,CAD
100,S05,FEED-0054,2024-09-18,26,7841.05,CAD
100,S04,HDWR-0067,2024-09-18,8,92.21,CAD
100,S04,HDWR-0030,2024-09-18,14,2115.69,CAD
100,S06,FUEL-0015,2024-09-19,18,3167.81,CAD
100,S01,HDWR-0047,2024-09-19,29,6182.46,CAD
100,S01,LUBE-0065,2024-09-19,26,5153.37,CAD
100,S02,FEED-0054,2024-09-19,19,5485.98,CAD
100,S03,SEED-0078,2024-09-19,29,1823.46,CAD
100,S04,FEED-0016,2024-09-19,14,6843.27,CAD
100,S06,SEED-0071,2024-09-19,42,17947.93,CAD
100,S01,SEED-0056,2024-09-19,19,1845.21,CAD
100,S02,LUBE-0010,2024-09-19,9,3366.67,CAD
100,S03,SEED-0055,2024-09-19,25,9308.99,CAD
100,S01,FUEL-0079,2024-09-20,20,10256.86,CAD
100,S04,HDWR-0058,2024-09-20,17,5810.36,CAD
100,S06,TIRE-0024,2024-09-20,25,13008.68,CAD
100,S06,LUBE-0048,2024-09-20,25,6669.09,CAD
100,S03,FUEL-0049,2024-09-20,10,872.67,CAD
100,S03,LUBE-0050,2024-09-20,18,4888.91,CAD
100,S03,HDWR-0067,2024-09-21,9,97.16,CAD
100,S03,FEED-0016,2024-09-21,20,9806.44,CAD
100,S02,FEED-0057,2024-09-21,33,16002.25,CAD
100,S01,FUEL-0019,2024-09-21,21,7503.68,CAD
100,S05,SEED-0004,2024-09-22,46,19062.47,CAD
100,S05,LUBE-0037,2024-09-22,11,1395.55,CAD
100,S03,HDWR-0059,2024-09-22,21,5032.91,CAD
100,S03,TIRE-0064,2024-09-23,16,5845.88,CAD
100,S06,LUBE-0036,2024-09-23,9,995.8,CAD
100,S02,SEED-0042,2024-09-23,18,8236.03,CAD
100,S01,SEED-0041,2024-09-23,4,575.69,CAD
100,S02,SEED-0041,2024-09-23,36,5243.9,CAD
100,S05,HDWR-0018,2024-09-23,20,1201.45,CAD
100,S06,FEED-0029,2024-09-23,30,14173.54,CAD
100,S06,TIRE-0024,2024-09-23,25,12105.34,CAD
100,S02,FUEL-0017,2024-09-23,16,1046.99,CAD
100,S01,SEED-0056,2024-09-24,12,1171.51,CAD
100,S04,TIRE-0005,2024-09-24,18,1078.77,CAD
100,S03,TIRE-0024,2024-09-24,14,7425.29,CAD
100,S03,TIRE-0077,2024-09-24,10,1862.27,CAD
100,S01,FEED-0029,2024-09-24,48,24440.03,CAD
100,S04,FEED-0054,2024-09-24,21,5661.56,CAD
100,S03,FUEL-0015,2024-09-24,23,3861.9,CAD
100,S05,SEED-0063,2024-09-24,15,5495.51,CAD
100,S03,HDWR-0038,2024-09-24,3,691.12,CAD
100,S05,TIRE-0008,2024-09-24,17,6084.15,CAD
100,S06,LUBE-0034,2024-09-25,15,7557.58,CAD
100,S03,HDWR-0052,2024-09-25,24,13136.89,CAD
100,S04,LUBE-0035,2024-09-25,17,899.93,CAD
100,S04,FEED-0040,2024-09-25,17,6250.23,CAD
100,S01,SEED-0071,2024-09-25,19,8710.41,CAD
100,S05,TIRE-0021,2024-09-25,11,825.26,CAD
100,S02,HDWR-0053,2024-09-25,22,4560.1,CAD
100,S01,FEED-0032,2024-09-25,29,6789.14,CAD
100,S05,FEED-0014,2024-09-25,27,10083.33,CAD
100,S01,FEED-0032,2024-09-26,34,6647.5,CAD
100,S04,FEED-0016,2024-09-26,23,12832.2,CAD
100,S01,LUBE-0035,2024-09-26,14,601.18,CAD
100,S05,FEED-0070,2024-09-26,10,3150.62,CAD
100,S04,TIRE-0076,2024-09-26,21,10000.61,CAD
100,S06,FUEL-0066,2024-09-26,26,5489.97,CAD
100,S01,LUBE-0026,2024-09-26,17,803.77,CAD
100,S04,HDWR-0038,2024-09-26,28,5307.86,CAD
100,S05,HDWR-0053,2024-09-26,16,3452.14,CAD
100,S02,HDWR-0058,2024-09-26,14,4717.29,CAD
100,S04,SEED-0004,2024-09-27,28,10372.47,CAD
100,S06,FEED-0014,2024-09-27,15,5462.44,CAD
100,S06,FUEL-0019,2024-09-27,21,6367.04,CAD
100,S02,HDWR-0011,2024-09-27,7,905.09,CAD
100,S04,TIRE-0008,2024-09-27,17,5404.22,CAD
100,S01,SEED-0020,2024-09-27,36,13730.57,CAD
100,S06,SEED-0041,2024-09-27,28,3708.72,CAD
100,S06,FUEL-0072,2024-09-27,25,13103.36,CAD
100,S04,FEED-0014,2024-09-27,23,9468.15,CAD
100,S05,TIRE-0021,2024-09-27,11,908.25,CAD
100,S02,HDWR-0022,2024-09-28,1,45.9,CAD
100,S04,SEED-0055,2024-09-28,37,13961.38,CAD
100,S01,HDWR-0052,2024-09-28,18,8345.15,CAD
100,S03,SEED-0056,2024-09-28,22,1901.09,CAD
100,S05,SEED-0042,2024-09-29,5,2446.1,CAD
100,S04,FEED-0033,2024-09-29,3,1239.07,CAD
100,S01,TIRE-0009,2024-09-30,18,1994.49,CAD
100,S02,FUEL-0025,2024-09-30,15,4570.13,CAD
100,S05,TIRE-0008,2024-09-30,9,2969.58,CAD
100,S01,TIRE-0021,2024-09-30,12,856.77,CAD
100,S03,LUBE-0036,2024-09-30,24,2506.81,CAD
100,S03,FEED-0040,2024-09-30,7,2730.55,CAD
100,S03,HDWR-0052,2024-09-30,8,3606.47,CAD
100,S02,TIRE-0076,2024-09-30,14,6259.62,CAD
100,S03,FUEL-0023,2024-09-30,14,6404.06,CAD
100,S06,FUEL-0079,2024-09-30,6,3213.32,CAD
100,S02,LUBE-0001,2024-10-01,21,1594.19,CAD
100,S02,FUEL-0019,2024-10-01,17,5147.3,CAD
100,S04,FUEL-0066,2024-10-01,31,7385.16,CAD
100,S05,LUBE-0039,2024-10-01,18,6619.91,CAD
100,S03,FUEL-0046,2024-10-01,21,2305.03,CAD
100,S02,SEED-0055,2024-10-01,9,4171.99,CAD
100,S04,FUEL-0025,2024-10-01,8,2467.97,CAD
100,S01,FUEL-0025,2024-10-02,17,5563.42,CAD
100,S01,HDWR-0043,2024-10-02,31,4771.58,CAD
100,S05,LUBE-0002,2024-10-02,9,1330.12,CAD
100,S05,TIRE-0008,2024-10-02,24,8933.97,CAD
100,S06,SEED-0078,2024-10-02,7,486.01,CAD
100,S05,SEED-0004,2024-10-02,6,2481.28,CAD
100,S06,SEED-0020,2024-10-02,21,7566.64,CAD
100,S01,FEED-0054,2024-10-02,5,1242.34,CAD
100,S06,TIRE-0076,2024-10-03,25,14090.77,CAD
100,S02,TIRE-0009,2024-10-03,21,2610.46,CAD
100,S02,HDWR-0011,2024-10-03,10,1264.52,CAD
100,S05,LUBE-0036,2024-10-03,20,1856.4,CAD
100,S03,FUEL-0072,2024-10-03,23,11594.93,CAD
100,S06,FUEL-0049,2024-10-04,16,1387.57,CAD
100,S02,HDWR-0053,2024-10-04,23,5134.72,CAD
100,S02,LUBE-0035,2024-10-04,20,1026.15,CAD
100,S01,LUBE-0034,2024-10-04,23,11744.62,CAD
100,S05,TIRE-0012,2024-10-04,18,2843.4,CAD
100,S01,TIRE-0005,2024-10-04,12,686.82,CAD
100,S06,SEED-0042,2024-10-05,30,14718.69,CAD
100,S04,TIRE-0021,2024-10-05,22,1688.16,CAD
100,S06,FEED-0044,2024-10-05,28,13435.32,CAD
100,S04,TIRE-0021,2024-10-06,15,1173.9,CAD
100,S01,LUBE-0039,2024-10-06,24,10281.16,CAD
100,S04,FEED-0054,2024-10-07,3,914.39,CAD
100,S04,FEED-0074,2024-10-07,18,3441.65,CAD
100,S06,TIRE-0077,2024-10-07,15,3098.72,CAD
100,S02,FEED-0040,2024-10-07,29,11848.24,CAD
100,S04,HDWR-0059,2024-10-07,18,3488.95,CAD
100,S02,HDWR-0011,2024-10-07,18,2049.95,CAD
100,S02,FEED-0032,2024-10-07,29,6360.76,CAD
100,S06,SEED-0071,2024-10-07,23,10641.18,CAD
100,S02,LUBE-0050,2024-10-07,23,6794.59,CAD
100,S02,SEED-0004,2024-10-08,21,8665.68,CAD
100,S02,FUEL-0023,2024-10-08,13,6439.12,CAD
100,S01,SEED-0056,2024-10-08,27,2380.39,CAD
100,S02,FEED-0054,2024-10-08,30,9285.51,CAD
100,S01,HDWR-0060,2024-10-08,27,7594.94,CAD
100,S03,TIRE-0021,2024-10-08,12,831.79,CAD
100,S01,SEED-0055,2024-10-09,22,8635.84,CAD
100,S06,LUBE-0034,2024-10-09,11,6104.5,CAD
100,S05,HDWR-0058,2024-10-09,10,3182.2,CAD
100,S05,SEED-0055,2024-10-09,33,14686.43,CAD
100,S05,FUEL-0066,2024-10-09,16,3405.51,CAD
100,S04,FEED-0016,2024-10-09,13,6725.2,CAD
100,S05,SEED-0007,2024-10-09,20,2435.3,CAD
100,S01,HDWR-0038,2024-10-09,13,2810.22,CAD
100,S03,FUEL-0023,2024-10-09,17,7353.27,CAD
100,S06,FUEL-0046,2024-10-10,29,3353.23,CAD
100,S05,HDWR-0011,2024-10-10,20,2280.86,CAD
100,S06,HDWR-0059,2024-10-10,12,2661.27,CAD
100,S03,SEED-0042,2024-10-10,12,4621.48,CAD
100,S03,HDWR-0011,2024-10-10,6,862.03,CAD
100,S06,FEED-0033,2024-10-10,24,9239.55,CAD
100,S05,FUEL-0025,2024-10-10,11,3283.22,CAD
100,S05,LUBE-0039,2024-10-10,4,1408.33,CAD
100,S05,LUBE-0036,2024-10-11,10,1069.09,CAD
100,S04,SEED-0078,2024-10-11,34,2240.28,CAD
100,S04,FEED-0003,2024-10-11,16,1421.5,CAD
100,S03,LUBE-0036,2024-10-11,5,529.37,CAD
100,S02,SEED-0013,2024-10-11,27,10396.52,CAD
100,S05,HDWR-0043,2024-10-11,5,665.21,CAD
100,S03,FEED-0044,2024-10-11,36,17216.03,CAD
100,S02,FEED-0057,2024-10-11,8,3198.51,CAD
100,S04,FEED-0033,2024-10-11,40,16687.26,CAD
100,S01,TIRE-0045,2024-10-12,23,10635.17,CAD
100,S03,HDWR-0038,2024-10-12,37,7798.59,CAD
100,S01,HDWR-0060,2024-10-12,23,6989.93,CAD
100,S02,FUEL-0023,2024-10-13,20,9764.43,CAD
100,S05,FUEL-0069,2024-10-14,7,3711.3,CAD
100,S02,HDWR-0053,2024-10-14,24,5087.98,CAD
100,S05,SEED-0042,2024-10-14,23,10077.44,CAD
100,S03,TIRE-0012,2024-10-14,27,3734.8,CAD
100,S03,HDWR-0059,2024-10-14,23,5245.55,CAD
100,S02,LUBE-0031,2024-10-15,7,2933.98,CAD
100,S03,FUEL-0017,2024-10-15,19,1088.56,CAD
100,S02,SEED-0004,2024-10-15,14,5485.25,CAD
100,S02,FEED-0057,2024-10-15,18,8466.48,CAD
100,S05,HDWR-0060,2024-10-15,10,3212.9,CAD
100,S06,FUEL-0066,2024-10-15,11,2786.69,CAD
100,S01,FEED-0016,2024-10-16,27,15395.17,CAD
100,S04,HDWR-0047,2024-10-16,15,3097.25,CAD
100,S02,SEED-0062,2024-10-16,19,6656.16,CAD
100,S05,LUBE-0036,2024-10-16,24,2134.6,CAD
100,S02,HDWR-0018,2024-10-16,16,1100.06,CAD
100,S03,TIRE-0073,2024-10-16,17,6060.45,CAD
100,S06,FEED-0033,2024-10-16,32,10928.47,CAD
100,S06,HDWR-0047,2024-10-17,16,3565.26,CAD
100,S06,TIRE-0045,2024-10-17,23,9983.32,CAD
100,S04,FUEL-0023,2024-10-17,18,9196.05,CAD
100,S02,FEED-0044,2024-10-17,22,10408.14,CAD
100,S02,FEED-0029,2024-10-17,20,10249.93,CAD
100,S05,HDWR-0059,2024-10-17,30,7050.65,CAD
100,S05,HDWR-0043,2024-10-17,19,2572.02,CAD
100,S05,HDWR-0058,2024-10-18,10,3319.32,CAD
100,S03,FEED-0032,2024-10-18,25,5846.9,CAD
100,S01,LUBE-0036,2024-10-18,35,3812.7,CAD
100,S02,LUBE-0027,2024-10-18,15,1845.97,CAD
100,S03,SEED-0007,2024-10-18,23,3168.11,CAD
100,S02,LUBE-0010,2024-10-18,10,3834.73,CAD
100,S05,SEED-0013,2024-10-18,24,10251.25,CAD
100,S05,FUEL-0025,2024-10-19,21,6630.94,CAD
100,S03,LUBE-0001,2024-10-19,8,599.74,CAD
100,S02,FUEL-0015,2024-10-20,26,4125.59,CAD
100,S05,SEED-0041,2024-10-20,18,2107.27,CAD
100,S06,SEED-0056,2024-10-20,24,2094.47,CAD
100,S01,FUEL-0025,2024-10-20,26,8915.32,CAD
100,S03,FUEL-0028,2024-10-21,11,5968.74,CAD
100,S06,FEED-0014,2024-10-21,23,8349.92,CAD
100,S02,LUBE-0035,2024-10-21,25,1336.12,CAD
100,S03,LUBE-0039,2024-10-21,14,4784.06,CAD
100,S06,HDWR-0043,2024-10-21,10,1516.61,CAD
100,S05,SEED-0055,2024-10-21,35,14103.38,CAD
100,S01,FEED-0054,2024-10-21,24,7681.55,CAD
100,S06,FUEL-0046,2024-10-21,10,1347.9,CAD
100,S03,HDWR-0059,2024-10-21,28,5529.05,CAD
100,S01,LUBE-0048,2024-10-22,12,2925.59,CAD
100,S06,FUEL-0072,2024-10-22,29,12261.66,CAD
100,S04,LUBE-0065,2024-10-22,20,3577.91,CAD
100,S06,HDWR-0006,2024-10-22,4,115.94,CAD
100,S03,FEED-0032,2024-10-22,38,8998.38,CAD
100,S03,FEED-0057,2024-10-22,24,9307.79,CAD
100,S06,HDWR-0018,2024-10-22,35,2317.32,CAD
100,S03,TIRE-0076,2024-10-22,9,4443.82,CAD
100,S06,HDWR-0038,2024-10-22,29,5454.44,CAD
100,S03,SEED-0041,2024-10-23,31,4564.88,CAD
100,S03,TIRE-0024,2024-10-23,13,6245.23,CAD
100,S03,HDWR-0059,2024-10-23,12,2723.24,CAD
100,S05,FEED-0033,2024-10-23,35,13813.54,CAD
100,S02,FEED-0003,2024-10-23,30,2480.77,CAD
100,S01,SEED-0063,2024-10-23,29,11890.25,CAD
100,S01,FUEL-0025,2024-10-23,14,4805.84,CAD
100,S03,SEED-0056,2024-10-23,4,419.56,CAD
100,S06,SEED-0020,2024-10-23,27,10324.89,CAD
100,S06,TIRE-0024,2024-10-24,11,5746.2,CAD
100,S05,HDWR-0052,2024-10-24,15,7144.47,CAD
100,S02,LUBE-0002,2024-10-24,27,4048.55,CAD
100,S03,SEED-0020,2024-10-24,30,12929.97,CAD
100,S04,FUEL-0069,2024-10-24,10,5535.32,CAD
100,S02,FEED-0074,2024-10-24,14,2695.18,CAD
100,S02,FEED-0040,2024-10-24,32,13551.77,CAD
100,S02,HDWR-0006,2024-10-24,23,637.59,CAD
100,S03,TIRE-0009,2024-10-24,29,3538.47,CAD
100,S03,LUBE-0026,2024-10-24,6,259.29,CAD
100,S02,LUBE-0035,2024-10-24,22,1027.34,CAD
100,S04,HDWR-0018,2024-10-24,16,891.4,CAD
100,S01,FUEL-0049,2024-10-25,7,635.94,CAD
100,S01,FUEL-0049,2024-10-25,21,1762.62,CAD
100,S02,HDWR-0052,2024-10-25,19,10147.06,CAD
100,S02,TIRE-0012,2024-10-25,24,3832.53,CAD
100,S04,SEED-0041,2024-10-25,32,4612.14,CAD
100,S04,HDWR-0047,2024-10-25,36,7460.47,CAD
100,S04,FUEL-0015,2024-10-25,24,3736.73,CAD
100,S01,FEED-0040,2024-10-25,7,2493.86,CAD
100,S02,HDWR-0006,2024-10-26,20,473.82,CAD
100,S02,HDWR-0067,2024-10-26,14,153.05,CAD
100,S01,TIRE-0005,2024-10-26,14,850.5,CAD
100,S03,HDWR-0038,2024-10-26,15,3308.95,CAD
100,S06,SEED-0020,2024-10-27,26,11326.27,CAD
100,S04,SEED-0004,2024-10-27,38,13006.89,CAD
100,S06,HDWR-0052,2024-10-27,8,4062.84,CAD
100,S01,SEED-0004,2024-10-27,35,12440.79,CAD
100,S05,HDWR-0006,2024-10-28,21,556.15,CAD
100,S04,TIRE-0012,2024-10-28,17,3076.01,CAD
100,S04,FUEL-0015,2024-10-28,10,1767.79,CAD
100,S02,FEED-0057,2024-10-28,25,11940.03,CAD
100,S02,FEED-0033,2024-10-28,23,8078.22,CAD
100,S03,FEED-0070,2024-10-28,36,9027.19,CAD
100,S05,FEED-0029,2024-10-28,38,16660.17,CAD
100,S06,HDWR-0011,2024-10-28,30,3421.52,CAD
100,S03,HDWR-0052,2024-10-28,20,9080.49,CAD
100,S06,TIRE-0024,2024-10-28,15,7590.63,CAD
100,S06,HDWR-0043,2024-10-29,28,4330.24,CAD
100,S03,FEED-0074,2024-10-29,21,4742.36,CAD
100,S03,SEED-0055,2024-10-29,17,7907.82,CAD
100,S06,TIRE-0005,2024-10-29,10,633.71,CAD
100,S06,LUBE-0050,2024-10-29,22,6241.09,CAD
100,S06,FUEL-0019,2024-10-29,19,5523.33,CAD
100,S06,FEED-0016,2024-10-29,25,12277.82,CAD
100,S03,FEED-0033,2024-10-29,19,7614.09,CAD
100,S01,LUBE-0034,2024-10-29,18,9936.94,CAD
100,S06,SEED-0055,2024-10-30,34,12531.74,CAD
100,S01,HDWR-0059,2024-10-30,19,3652.03,CAD
100,S04,TIRE-0024,2024-10-30,24,11666.8,CAD
100,S06,FUEL-0019,2024-10-30,4,1232.22,CAD
100,S02,FEED-0003,2024-10-30,22,1925.37,CAD
100,S05,SEED-0020,2024-10-30,14,6177.33,CAD
100,S02,LUBE-0068,2024-10-30,11,5091.2,CAD
100,S06,HDWR-0022,2024-10-30,11,633.73,CAD
100,S04,HDWR-0038,2024-10-30,13,3085.73,CAD
100,S04,FEED-0054,2024-10-31,18,5718.04,CAD
100,S01,LUBE-0001,2024-10-31,18,1173.75,CAD
100,S04,TIRE-0008,2024-10-31,32,9589.93,CAD
100,S02,SEED-0062,2024-10-31,24,10117.44,CAD
100,S05,FUEL-0051,2024-10-31,22,7956.97,CAD
100,S02,LUBE-0036,2024-10-31,30,3394.81,CAD
100,S06,FEED-0016,2024-10-31,21,9925.65,CAD
100,S02,FEED-0057,2024-10-31,1,455.37,CAD
100,S06,FEED-0014,2024-10-31,23,9080.32,CAD
100,S06,HDWR-0030,2024-10-31,5,805.54,CAD
100,S03,FUEL-0049,2024-11-01,22,1673.22,CAD
100,S04,HDWR-0060,2024-11-01,5,1546.88,CAD
100,S05,FEED-0029,2024-11-01,26,12689.62,CAD
100,S06,LUBE-0036,2024-11-01,16,1738.12,CAD
100,S03,FEED-0033,2024-11-01,9,2940.32,CAD
100,S06,SEED-0013,2024-11-01,13,5411.11,CAD
100,S04,TIRE-0076,2024-11-01,13,6830.03,CAD
100,S05,HDWR-0006,2024-11-02,28,798.01,CAD
100,S05,SEED-0013,2024-11-02,18,6661.1,CAD
100,S04,FEED-0054,2024-11-02,18,5407.58,CAD
100,S03,HDWR-0006,2024-11-02,13,352.55,CAD
100,S06,HDWR-0052,2024-11-03,17,9295.38,CAD
100,S05,FUEL-0028,2024-11-03,10,4905.1,CAD
100,S03,FEED-0033,2024-11-04,14,5848.93,CAD
100,S03,FEED-0032,2024-11-04,8,1644.34,CAD
100,S03,SEED-0007,2024-11-04,1,119.14,CAD
100,S01,FEED-0040,2024-11-04,14,5141.77,CAD
100,S03,LUBE-0026,2024-11-04,22,1001.15,CAD
100,S03,FEED-0057,2024-11-04,8,3722.45,CAD
100,S03,HDWR-0022,2024-11-04,22,1096.71,CAD
100,S06,LUBE-0065,2024-11-04,18,3603.33,CAD
100,S05,FUEL-0072,2024-11-05,22,8954.89,CAD
100,S04,FUEL-0046,2024-11-05,14,1563.11,CAD
100,S01,LUBE-0050,2024-11-05,24,8243.83,CAD
100,S03,HDWR-0011,2024-11-05,25,2803.22,CAD
100,S02,SEED-0071,2024-11-05,12,5985.08,CAD
100,S02,TIRE-0064,2024-11-05,28,10737.29,CAD
100,S02,HDWR-0038,2024-11-05,31,6592.22,CAD
100,S04,FEED-0057,2024-11-05,10,4414.21,CAD
100,S01,FUEL-0046,2024-11-06,21,2870.02,CAD
100,S06,HDWR-0030,2024-11-06,11,1983.38,CAD
100,S01,FEED-0074,2024-11-06,7,1511.84,CAD
100,S01,HDWR-0022,2024-11-06,19,1016.21,CAD
100,S06,FUEL-0072,2024-11-06,24,12195.53,CAD
100,S06,FUEL-0069,2024-11-07,17,9462.67,CAD
100,S01,SEED-0041,2024-11-07,11,1654.78,CAD
100,S06,SEED-0007,2024-11-07,12,1646.41,CAD
100,S05,LUBE-0010,2024-11-07,8,2715.09,CAD
100,S06,HDWR-0053,2024-11-07,20,4628.47,CAD
100,S06,SEED-0004,2024-11-07,19,6753.98,CAD
100,S04,SEED-0013,2024-11-07,9,3828.25,CAD
100,S03,FEED-0040,2024-11-07,14,4916.56,CAD
100,S02,TIRE-0012,2024-11-07,24,3571.72,CAD
100,S02,LUBE-0026,2024-11-08,11,463.49,CAD
100,S01,HDWR-0058,2024-11-08,26,8632.42,CAD
100,S05,FEED-0003,2024-11-08,18,1610.0,CAD
100,S02,SEED-0013,2024-11-08,14,5030.27,CAD
100,S06,FUEL-0025,2024-11-08,14,4125.85,CAD
100,S01,TIRE-0045,2024-11-08,14,7409.02,CAD
100,S03,FEED-0040,2024-11-08,18,6956.77,CAD
100,S01,HDWR-0022,2024-11-08,24,1261.84,CAD
100,S01,HDWR-0052,2024-11-09,8,4388.49,CAD
100,S05,SEED-0042,2024-11-10,16,7188.6,CAD
100,S03,LUBE-0037,2024-11-10,16,2035.72,CAD
100,S01,FUEL-0049,2024-11-11,27,2294.03,CAD
100,S01,SEED-0063,2024-11-11,10,3639.55,CAD
100,S05,FEED-0040,2024-11-11,12,4835.51,CAD
100,S05,FEED-0074,2024-11-11,14,2580.11,CAD
100,S04,LUBE-0039,2024-11-11,23,7963.92,CAD
100,S02,TIRE-0024,2024-11-11,19,9750.06,CAD
100,S06,LUBE-0010,2024-11-11,19,7619.88,CAD
100,S01,LUBE-0002,2024-11-11,22,3875.0,CAD
100,S06,LUBE-0027,2024-11-12,22,3240.39,CAD
100,S02,LUBE-0050,2024-11-12,8,2174.79,CAD
100,S05,FUEL-0019,2024-11-12,27,8378.15,CAD
100,S04,FEED-0054,2024-11-12,8,2189.25,CAD
100,S01,FUEL-0015,2024-11-12,25,3604.62,CAD
100,S03,TIRE-0073,2024-11-13,23,6901.84,CAD
100,S05,FUEL-0017,2024-11-13,15,1111.24,CAD
100,S04,TIRE-0061,2024-11-13,21,10813.27,CAD
100,S04,LUBE-0031,2024-11-13,12,4943.04,CAD
100,S02,FUEL-0025,2024-11-13,17,4702.75,CAD
100,S03,SEED-0020,2024-11-13,11,4853.08,CAD
100,S02,FEED-0033,2024-11-13,10,3840.85,CAD
100,S04,FUEL-0051,2024-11-13,21,7792.39,CAD
100,S05,HDWR-0038,2024-11-13,22,4302.28,CAD
100,S01,TIRE-0008,2024-11-14,15,5039.97,CAD
100,S01,LUBE-0048,2024-11-14,20,4745.43,CAD
100,S01,FUEL-0049,2024-11-14,20,1733.37,CAD
100,S01,LUBE-0010,2024-11-14,8,3462.19,CAD
100,S06,TIRE-0045,2024-11-14,21,9949.74,CAD
100,S06,LUBE-0037,2024-11-14,22,3312.54,CAD
100,S03,LUBE-0050,2024-11-15,22,5935.54,CAD
100,S04,HDWR-0059,2024-11-15,15,2978.39,CAD
100,S02,HDWR-0052,2024-11-15,9,4837.89,CAD
100,S02,FUEL-0046,2024-11-15,24,2914.76,CAD
100,S04,LUBE-0050,2024-11-15,13,3930.6,CAD
100,S06,FUEL-0028,2024-11-15,19,11281.31,CAD
100,S05,HDWR-0060,2024-11-15,26,7373.99,CAD
100,S02,FEED-0040,2024-11-15,5,1829.44,CAD
100,S02,LUBE-0026,2024-11-16,10,497.65,CAD
100,S01,FEED-0057,2024-11-16,10,4547.42,CAD
100,S06,LUBE-0035,2024-11-16,11,561.87,CAD
100,S04,SEED-0020,2024-11-17,7,2665.98,CAD
100,S06,FEED-0032,2024-11-17,20,3960.86,CAD
100,S01,LUBE-0002,2024-11-17,6,902.07,CAD
100,S03,TIRE-0012,2024-11-18,23,3913.33,CAD
100,S03,FUEL-0028,2024-11-18,15,8832.7,CAD
100,S05,HDWR-0047,2024-11-18,25,6062.68,CAD
100,S03,TIRE-0061,2024-11-18,12,5976.15,CAD
100,S05,SEED-0013,2024-11-18,18,6803.1,CAD
100,S05,FEED-0016,2024-11-18,21,12232.59,CAD
100,S02,HDWR-0053,2024-11-18,8,1724.71,CAD
100,S06,LUBE-0036,2024-11-18,14,1566.58,CAD
100,S01,FEED-0032,2024-11-18,11,2260.27,CAD
100,S04,FUEL-0049,2024-11-18,14,1034.1,CAD
100,S02,FUEL-0051,2024-11-19,19,6959.27,CAD
100,S03,HDWR-0022,2024-11-19,19,1096.84,CAD
100,S05,FUEL-0025,2024-11-19,16,5703.13,CAD
100,S03,SEED-0063,2024-11-19,18,7518.94,CAD
100,S06,LUBE-0031,2024-11-19,15,6729.85,CAD
100,S03,HDWR-0006,2024-11-19,25,732.88,CAD
100,S05,FUEL-0017,2024-11-19,18,1013.68,CAD
100,S01,FEED-0074,2024-11-19,11,2298.14,CAD
100,S03,FUEL-0049,2024-11-20,12,1162.02,CAD
100,S04,SEED-0055,2024-11-20,16,7024.42,CAD
100,S03,FUEL-0017,2024-11-20,16,1039.06,CAD
100,S01,LUBE-0035,2024-11-20,9,487.93,CAD
100,S01,FUEL-0066,2024-11-20,23,4855.86,CAD
100,S06,LUBE-0002,2024-11-20,30,5216.05,CAD
100,S01,FUEL-0079,2024-11-20,13,5484.9,CAD
100,S01,TIRE-0012,2024-11-20,16,2502.95,CAD
100,S03,LUBE-0026,2024-11-21,20,859.16,CAD
100,S05,FEED-0070,2024-11-21,20,5963.35,CAD
100,S03,TIRE-0024,2024-11-21,16,8304.79,CAD
100,S02,HDWR-0030,2024-11-21,7,1052.25,CAD
100,S05,HDWR-0053,2024-11-21,26,5518.12,CAD
100,S04,FUEL-0028,2024-11-21,17,8490.75,CAD
100,S06,LUBE-0001,2024-11-21,24,1862.52,CAD
100,S03,TIRE-0064,2024-11-21,22,10088.66,CAD
100,S06,LUBE-0002,2024-11-22,23,3802.45,CAD
100,S05,SEED-0041,2024-11-22,14,1965.33,CAD
100,S03,TIRE-0064,2024-11-22,21,9295.92,CAD
100,S04,HDWR-0053,2024-11-22,22,4967.1,CAD
100,S04,SEED-0042,2024-11-22,2,871.47,CAD
100,S06,FUEL-0019,2024-11-22,21,7495.31,CAD
100,S01,FEED-0054,2024-11-22,18,4931.93,CAD
100,S01,HDWR-0047,2024-11-22,6,1483.52,CAD
100,S05,SEED-0020,2024-11-22,16,7212.91,CAD
100,S01,FUEL-0028,2024-11-23,25,12598.6,CAD
100,S01,LUBE-0026,2024-11-23,18,857.21,CAD
100,S03,TIRE-0021,2024-11-23,24,1740.05,CAD
100,S04,FUEL-0025,2024-11-23,5,1645.43,CAD
100,S01,FUEL-0046,2024-11-24,23,2515.62,CAD
100,S06,SEED-0042,2024-11-24,8,3273.58,CAD
100,S02,TIRE-0064,2024-11-24,18,7254.19,CAD
100,S06,FEED-0040,2024-11-24,16,6340.76,CAD
100,S05,SEED-0055,2024-11-24,18,6690.87,CAD
100,S05,FUEL-0017,2024-11-25,15,1060.25,CAD
100,S05,LUBE-0036,2024-11-25,6,585.37,CAD
100,S04,FEED-0032,2024-11-25,6,1273.92,CAD
100,S05,FUEL-0019,2024-11-25,31,9835.62,CAD
100,S04,TIRE-0009,2024-11-25,21,2379.75,CAD
100,S03,FUEL-0025,2024-11-26,16,5507.46,CAD
100,S02,TIRE-0061,2024-11-26,11,4788.44,CAD
100,S05,FUEL-0046,2024-11-26,14,1630.43,CAD
100,S04,SEED-0041,2024-11-26,12,1811.58,CAD
100,S01,SEED-0078,2024-11-26,21,1393.08,CAD
100,S04,FUEL-0049,2024-11-26,16,1438.76,CAD
100,S06,SEED-0004,2024-11-26,15,5815.6,CAD
100,S01,FEED-0054,2024-11-26,6,1931.83,CAD
100,S06,HDWR-0058,2024-11-26,26,8295.55,CAD
100,S05,TIRE-0021,2024-11-26,12,1039.28,CAD
100,S03,HDWR-0059,2024-11-26,20,3936.44,CAD
100,S04,SEED-0078,2024-11-27,11,735.53,CAD
100,S03,SEED-0007,2024-11-27,18,2328.49,CAD
100,S02,LUBE-0048,2024-11-27,13,3376.37,CAD
100,S02,FUEL-0051,2024-11-27,11,3933.47,CAD
100,S03,LUBE-0037,2024-11-27,29,4178.6,CAD
100,S01,TIRE-0073,2024-11-27,19,6779.59,CAD
100,S01,TIRE-0009,2024-11-27,16,1683.83,CAD
100,S05,FEED-0014,2024-11-27,16,5454.11,CAD
100,S03,HDWR-0047,2024-11-27,27,5733.1,CAD
100,S03,HDWR-0053,2024-11-27,18,3723.01,CAD
100,S04,LUBE-0068,2024-11-27,9,4485.03,CAD
100,S05,SEED-0020,2024-11-27,16,6328.36,CAD
100,S03,FUEL-0015,2024-11-27,6,883.22,CAD
100,S06,TIRE-0008,2024-11-28,17,5882.18,CAD
100,S02,HDWR-0006,2024-11-28,18,555.61,CAD
100,S05,HDWR-0018,2024-11-28,1,59.1,CAD
100,S06,LUBE-0050,2024-11-28,17,5676.94,CAD
100,S03,LUBE-0001,2024-11-28,20,1478.9,CAD
100,S03,FEED-0075,2024-11-28,3,872.29,CAD
100,S06,LUBE-0001,2024-11-28,17,1271.05,CAD
100,S03,LUBE-0037,2024-11-28,10,1281.88,CAD
100,S05,LUBE-0026,2024-11-28,15,666.62,CAD
100,S03,LUBE-0026,2024-11-28,23,1141.81,CAD
100,S01,HDWR-0058,2024-11-28,13,4223.21,CAD
100,S04,HDWR-0006,2024-11-29,17,505.41,CAD
100,S04,LUBE-0027,2024-11-29,24,3026.99,CAD
100,S05,FUEL-0051,2024-11-29,15,6590.38,CAD
100,S01,FEED-0014,2024-11-29,16,6757.3,CAD
100,S01,LUBE-0036,2024-11-29,10,965.08,CAD
100,S06,FUEL-0049,2024-11-30,14,1045.19,CAD
100,S06,FUEL-0028,2024-11-30,16,7872.12,CAD
100,S06,SEED-0055,2024-11-30,13,5274.19,CAD
100,S03,FEED-0003,2024-11-30,11,1006.64,CAD
100,S01,FUEL-0015,2024-12-01,16,2820.21,CAD
100,S06,FEED-0003,2024-12-02,6,537.95,CAD
100,S01,FUEL-0028,2024-12-02,17,8887.86,CAD
100,S01,FUEL-0049,2024-12-02,25,2109.5,CAD
100,S01,FUEL-0023,2024-12-02,19,8821.45,CAD
100,S06,HDWR-0006,2024-12-02,29,746.83,CAD
100,S06,LUBE-0037,2024-12-02,22,3095.44,CAD
100,S06,LUBE-0031,2024-12-02,18,8110.09,CAD
100,S06,LUBE-0001,2024-12-02,26,2000.81,CAD
100,S06,FUEL-0072,2024-12-02,20,9194.72,CAD
100,S04,HDWR-0059,2024-12-02,19,4131.58,CAD
100,S06,LUBE-0048,2024-12-02,27,6994.54,CAD
100,S06,SEED-0042,2024-12-02,4,1834.48,CAD
100,S02,HDWR-0053,2024-12-03,12,2779.61,CAD
100,S05,TIRE-0012,2024-12-03,11,1633.49,CAD
100,S03,HDWR-0018,2024-12-03,26,1595.28,CAD
100,S06,FEED-0070,2024-12-03,5,1280.31,CAD
100,S06,HDWR-0022,2024-12-03,16,778.09,CAD
100,S05,LUBE-0048,2024-12-03,18,5168.88,CAD
100,S06,HDWR-0067,2024-12-04,20,232.83,CAD
100,S01,LUBE-0065,2024-12-04,2,405.98,CAD
100,S05,LUBE-0027,2024-12-04,6,726.74,CAD
100,S01,FEED-0003,2024-12-04,1,80.32,CAD
100,S02,LUBE-0027,2024-12-04,22,2564.65,CAD
100,S01,HDWR-0058,2024-12-04,8,2581.63,CAD
100,S06,FUEL-0046,2024-12-04,9,1056.64,CAD
100,S03,LUBE-0050,2024-12-04,24,6862.79,CAD
100,S05,SEED-0055,2024-12-04,4,1713.57,CAD
100,S06,HDWR-0006,2024-12-04,13,355.57,CAD
100,S04,TIRE-0005,2024-12-05,17,1022.23,CAD
100,S01,FUEL-0049,2024-12-05,29,2187.82,CAD
100,S05,FEED-0033,2024-12-05,6,1965.71,CAD
100,S06,FEED-0032,2024-12-05,9,1666.83,CAD
100,S06,FUEL-0049,2024-12-05,9,732.17,CAD
100,S05,FUEL-0028,2024-12-05,19,9970.49,CAD
100,S06,LUBE-0002,2024-12-05,27,4589.12,CAD
100,S01,FEED-0075,2024-12-06,6,1995.75,CAD
100,S01,TIRE-0021,2024-12-06,10,727.72,CAD
100,S04,HDWR-0043,2024-12-06,21,3531.62,CAD
100,S04,LUBE-0026,2024-12-06,20,949.53,CAD
100,S04,LUBE-0001,2024-12-06,20,1557.86,CAD
100,S02,TIRE-0024,2024-12-06,12,6372.34,CAD
100,S06,HDWR-0030,2024-12-06,26,4078.05,CAD
100,S05,SEED-0078,2024-12-06,8,488.33,CAD
100,S06,LUBE-0048,2024-12-06,22,5703.49,CAD
100,S04,FEED-0054,2024-12-06,10,2991.47,CAD
100,S01,TIRE-0009,2024-12-06,19,1967.16,CAD
100,S01,TIRE-0021,2024-12-07,8,608.85,CAD
100,S03,FEED-0070,2024-12-07,5,1433.96,CAD
100,S02,HDWR-0030,2024-12-08,24,3449.64,CAD
100,S06,HDWR-0018,2024-12-08,17,928.63,CAD
100,S03,HDWR-0018,2024-12-08,17,1180.69,CAD
100,S02,SEED-0062,2024-12-09,5,1665.76,CAD
100,S05,FUEL-0017,2024-12-09,14,822.45,CAD
100,S02,HDWR-0022,2024-12-09,20,1089.21,CAD
100,S06,HDWR-0053,2024-12-09,14,2671.83,CAD
100,S04,TIRE-0008,2024-12-09,21,6104.88,CAD
100,S04,SEED-0042,2024-12-09,11,5436.88,CAD
100,S04,FUEL-0051,2024-12-09,19,8029.41,CAD
100,S04,SEED-0004,2024-12-10,8,3306.22,CAD
100,S06,FUEL-0019,2024-12-10,19,5533.58,CAD
100,S04,LUBE-0036,2024-12-10,16,1853.09,CAD
100,S03,FEED-0044,2024-12-10,11,6005.91,CAD
100,S03,SEED-0078,2024-12-10,12,836.77,CAD
100,S06,FUEL-0072,2024-12-10,9,4235.85,CAD
100,S06,TIRE-0012,2024-12-10,11,1748.31,CAD
100,S05,FEED-0044,2024-12-10,3,1395.34,CAD
100,S03,LUBE-0035,2024-12-10,16,859.11,CAD
100,S05,TIRE-0077,2024-12-10,20,3501.1,CAD
100,S03,FUEL-0025,2024-12-10,33,11927.5,CAD
100,S03,FUEL-0025,2024-12-10,10,2987.34,CAD
100,S06,SEED-0055,2024-12-10,6,2600.93,CAD
100,S02,HDWR-0038,2024-12-11,15,3370.67,CAD
100,S06,HDWR-0047,2024-12-11,12,2887.76,CAD
100,S02,FEED-0044,2024-12-11,7,3132.68,CAD
100,S05,FUEL-0049,2024-12-11,20,1932.08,CAD
100,S01,LUBE-0001,2024-12-11,24,1879.86,CAD
100,S05,HDWR-0059,2024-12-11,33,7252.44,CAD
100,S05,LUBE-0036,2024-12-11,13,1161.84,CAD
100,S06,SEED-0055,2024-12-11,6,2823.47,CAD
100,S01,TIRE-0077,2024-12-12,11,1810.85,CAD
100,S01,HDWR-0047,2024-12-12,19,3686.88,CAD
100,S03,TIRE-0009,2024-12-12,24,2516.04,CAD
100,S06,SEED-0013,2024-12-12,9,3945.35,CAD
100,S01,LUBE-0027,2024-12-12,25,2861.96,CAD
100,S05,FEED-0044,2024-12-12,4,2119.37,CAD
100,S04,LUBE-0037,2024-12-12,18,2620.45,CAD
100,S02,FUEL-0046,2024-12-12,23,2713.36,CAD
100,S02,FEED-0029,2024-12-12,10,5146.56,CAD
100,S05,TIRE-0012,2024-12-12,27,4590.18,CAD
100,S04,LUBE-0035,2024-12-12,21,995.09,CAD
100,S04,LUBE-0031,2024-12-12,21,9891.43,CAD
100,S04,FEED-0057,2024-12-13,10,4768.39,CAD
100,S04,FEED-0003,2024-12-13,4,335.1,CAD
100,S03,LUBE-0027,2024-12-13,17,2030.1,CAD
100,S05,LUBE-0010,2024-12-13,23,8063.44,CAD
100,S02,HDWR-0052,2024-12-13,8,3623.17,CAD
100,S04,FUEL-0046,2024-12-13,16,2207.89,CAD
100,S05,FUEL-0049,2024-12-13,28,2634.8,CAD
100,S06,SEED-0004,2024-12-14,9,3539.16,CAD
100,S06,HDWR-0058,2024-12-14,15,5358.7,CAD
100,S05,LUBE-0050,2024-12-14,14,4343.99,CAD
100,S04,TIRE-0012,2024-12-14,17,2609.58,CAD
100,S04,LUBE-0034,2024-12-15,23,10662.5,CAD
100,S05,FEED-0029,2024-12-15,4,2060.95,CAD
100,S01,HDWR-0047,2024-12-15,18,4462.19,CAD
100,S05,TIRE-0012,2024-12-15,14,2352.2,CAD
100,S03,SEED-0007,2024-12-16,12,1510.18,CAD
100,S02,HDWR-0038,2024-12-16,25,5871.29,CAD
100,S02,LUBE-0036,2024-12-16,18,1847.57,CAD
100,S01,HDWR-0030,2024-12-16,23,3786.35,CAD
100,S05,LUBE-0037,2024-12-16,4,561.41,CAD
100,S02,SEED-0055,2024-12-16,7,2661.19,CAD
100,S03,SEED-0013,2024-12-16,7,2614.04,CAD
100,S05,HDWR-0060,2024-12-16,13,4095.31,CAD
100,S03,LUBE-0002,2024-12-16,31,5369.95,CAD
100,S04,TIRE-0008,2024-12-16,17,5086.26,CAD
100,S04,SEED-0007,2024-12-17,8,1122.2,CAD
100,S04,LUBE-0036,2024-12-17,18,1638.66,CAD
100,S02,FEED-0032,2024-12-17,8,1734.08,CAD
100,S05,HDWR-0059,2024-12-17,20,4651.49,CAD
100,S06,HDWR-0060,2024-12-17,14,4618.12,CAD
100,S05,FUEL-0046,2024-12-17,6,726.1,CAD
100,S05,FEED-0033,2024-12-17,4,1656.1,CAD
100,S05,HDWR-0022,2024-12-17,20,917.14,CAD
100,S05,LUBE-0010,2024-12-17,15,6583.81,CAD
100,S03,LUBE-0039,2024-12-17,28,9212.23,CAD
100,S05,HDWR-0058,2024-12-18,13,4632.84,CAD
100,S02,FEED-0003,2024-12-18,5,473.27,CAD
100,S04,FEED-0033,2024-12-18,3,1068.62,CAD
100,S04,LUBE-0027,2024-12-18,24,2853.61,CAD
100,S02,SEED-0007,2024-12-18,12,1709.17,CAD
100,S03,HDWR-0038,2024-12-18,13,2433.65,CAD
100,S04,HDWR-0060,2024-12-18,28,7265.33,CAD
100,S03,HDWR-0038,2024-12-18,8,1861.11,CAD
100,S04,SEED-0071,2024-12-18,14,7314.58,CAD
100,S02,HDWR-0043,2024-12-18,22,3205.95,CAD
100,S01,TIRE-0008,2024-12-18,18,6006.87,CAD
100,S04,FUEL-0079,2024-12-19,23,10594.9,CAD
100,S01,LUBE-0048,2024-12-19,20,5667.44,CAD
100,S04,SEED-0020,2024-12-19,4,1529.49,CAD
100,S03,LUBE-0050,2024-12-19,16,4705.38,CAD
100,S02,HDWR-0018,2024-12-19,19,1155.18,CAD
100,S04,FUEL-0025,2024-12-19,22,6889.56,CAD
100,S03,TIRE-0073,2024-12-19,4,1529.12,CAD
100,S02,TIRE-0009,2024-12-19,21,2443.03,CAD
100,S02,TIRE-0009,2024-12-19,13,1506.31,CAD
100,S06,HDWR-0022,2024-12-20,15,780.34,CAD
100,S04,LUBE-0048,2024-12-20,23,5987.35,CAD
100,S05,HDWR-0043,2024-12-20,19,2760.87,CAD
100,S01,FEED-0033,2024-12-20,8,3219.91,CAD
100,S02,FUEL-0072,2024-12-20,20,10389.25,CAD
100,S01,SEED-0020,2024-12-20,5,2115.88,CAD
100,S03,LUBE-0065,2024-12-20,11,2157.6,CAD
100,S02,FEED-0032,2024-12-20,8,1726.19,CAD
100,S04,SEED-0056,2024-12-21,8,802.48,CAD
100,S04,SEED-0020,2024-12-21,6,2699.21,CAD
100,S03,FEED-0016,2024-12-21,7,3393.56,CAD
100,S02,SEED-0056,2024-12-22,5,434.03,CAD
100,S01,SEED-0013,2024-12-22,10,3686.06,CAD
100,S01,SEED-0007,2024-12-23,6,720.84,CAD
100,S05,TIRE-0005,2024-12-23,19,932.55,CAD
100,S05,HDWR-0038,2024-12-23,10,2335.71,CAD
100,S05,LUBE-0010,2024-12-23,17,6755.54,CAD
100,S02,LUBE-0034,2024-12-23,20,10648.28,CAD
100,S04,TIRE-0005,2024-12-23,23,1437.99,CAD
100,S04,HDWR-0052,2024-12-24,19,10586.74,CAD
100,S06,FEED-0040,2024-12-24,5,1794.86,CAD
100,S04,LUBE-0031,2024-12-24,20,8078.13,CAD
100,S02,FUEL-0017,2024-12-24,17,1056.13,CAD
100,S05,SEED-0041,2024-12-24,4,493.89,CAD
100,S02,FUEL-0051,2024-12-24,11,4321.8,CAD
100,S01,SEED-0007,2024-12-24,9,1112.44,CAD
100,S06,FUEL-0051,2024-12-24,22,9820.76,CAD
100,S05,SEED-0041,2024-12-25,8,1173.49,CAD
100,S03,HDWR-0022,2024-12-25,14,719.38,CAD
100,S02,LUBE-0036,2024-12-25,29,3140.79,CAD
100,S01,FEED-0054,2024-12-25,7,2099.14,CAD
100,S01,LUBE-0001,2024-12-25,5,350.26,CAD
100,S02,FUEL-0028,2024-12-25,19,9749.41,CAD
100,S06,SEED-0056,2024-12-25,8,782.87,CAD
100,S03,HDWR-0006,2024-12-25,14,397.34,CAD
100,S03,HDWR-0030,2024-12-26,11,1914.63,CAD
100,S04,FEED-0029,2024-12-26,6,3124.56,CAD
100,S03,FEED-0075,2024-12-26,6,1661.06,CAD
100,S04,LUBE-0001,2024-12-26,20,1518.25,CAD
100,S05,FUEL-0069,2024-12-26,18,10721.3,CAD
100,S05,FUEL-0028,2024-12-26,14,6731.83,CAD
100,S04,LUBE-0031,2024-12-26,13,6042.87,CAD
100,S02,HDWR-0043,2024-12-26,13,2101.92,CAD
100,S03,HDWR-0011,2024-12-26,16,2139.04,CAD
100,S01,SEED-0062,2024-12-27,12,4784.87,CAD
100,S06,HDWR-0038,2024-12-27,27,5380.32,CAD
100,S04,TIRE-0021,2024-12-27,19,1304.35,CAD
100,S03,TIRE-0009,2024-12-27,21,2421.7,CAD
100,S05,FEED-0016,2024-12-27,6,3369.67,CAD
100,S01,LUBE-0036,2024-12-27,18,1764.01,CAD
100,S03,TIRE-0012,2024-12-27,23,3712.03,CAD
100,S06,FEED-0033,2024-12-27,11,3520.74,CAD
100,S02,TIRE-0009,2024-12-27,6,632.58,CAD
100,S05,TIRE-0021,2024-12-28,21,1612.86,CAD
100,S04,FEED-0044,2024-12-28,7,3793.82,CAD
100,S05,FUEL-0025,2024-12-28,10,3415.59,CAD
100,S06,TIRE-0009,2024-12-29,8,864.4,CAD
100,S02,LUBE-0048,2024-12-29,15,4268.07,CAD
100,S04,TIRE-0005,2024-12-29,21,1036.32,CAD
100,S06,FEED-0054,2024-12-30,11,3428.65,CAD
100,S02,HDWR-0011,2024-12-30,2,281.34,CAD
100,S05,TIRE-0077,2024-12-30,14,2316.36,CAD
100,S06,SEED-0071,2024-12-30,6,3067.04,CAD
100,S03,TIRE-0008,2024-12-30,5,1754.48,CAD
100,S03,LUBE-0036,2024-12-30,29,3349.26,CAD
100,S01,HDWR-0047,2024-12-30,2,444.39,CAD
100,S06,TIRE-0024,2024-12-30,18,7740.7,CAD
100,S05,HDWR-0018,2024-12-30,7,418.86,CAD
100,S03,SEED-0013,2024-12-30,3,1343.26,CAD
100,S01,SEED-0041,2024-12-31,7,1009.05,CAD
100,S01,HDWR-0030,2024-12-31,22,3287.48,CAD
100,S04,SEED-0013,2024-12-31,5,2229.71,CAD
100,S03,HDWR-0006,2024-12-31,24,686.78,CAD
100,S06,LUBE-0035,2024-12-31,14,596.56,CAD
100,S01,TIRE-0009,2024-12-31,26,2708.38,CAD
100,S01,SEED-0062,2024-12-31,6,2229.42,CAD
100,S03,HDWR-0011,2024-12-31,27,3150.05,CAD
100,S02,TIRE-0061,2024-12-31,14,7018.13,CAD
100,S03,HDWR-0038,2025-01-01,30,6252.26,CAD
100,S01,LUBE-0001,2025-01-01,12,818.39,CAD
100,S06,FUEL-0025,2025-01-01,17,4958.77,CAD
100,S02,FUEL-0019,2025-01-02,18,6380.9,CAD
100,S06,FEED-0057,2025-01-02,8,3194.8,CAD
100,S02,FUEL-0046,2025-01-02,27,3699.33,CAD
100,S03,SEED-0007,2025-01-02,10,1099.58,CAD
100,S02,HDWR-0060,2025-01-02,31,7997.02,CAD
100,S05,HDWR-0059,2025-01-02,23,4651.81,CAD
100,S01,HDWR-0053,2025-01-02,20,3835.97,CAD
100,S01,SEED-0055,2025-01-02,6,2472.7,CAD
100,S04,FEED-0029,2025-01-02,8,3481.52,CAD
100,S02,SEED-0062,2025-01-03,1,368.34,CAD
100,S05,SEED-0071,2025-01-03,5,2476.87,CAD
100,S06,LUBE-0035,2025-01-03,14,605.39,CAD
100,S06,FEED-0040,2025-01-03,6,2548.89,CAD
100,S02,FEED-0014,2025-01-03,7,2987.32,CAD
100,S02,FEED-0033,2025-01-03,7,2625.46,CAD
100,S06,TIRE-0024,2025-01-03,9,3938.02,CAD
100,S03,FEED-0003,2025-01-03,7,640.27,CAD
100,S01,TIRE-0024,2025-01-03,21,10833.34,CAD
100,S05,SEED-0078,2025-01-04,6,418.61,CAD
100,S03,FEED-0032,2025-01-04,6,1094.51,CAD
100,S03,FEED-0044,2025-01-04,5,2382.17,CAD
100,S04,HDWR-0030,2025-01-05,18,3230.46,CAD
100,S06,FEED-0003,2025-01-05,10,765.79,CAD
100,S01,HDWR-0053,2025-01-05,22,4127.01,CAD
100,S05,HDWR-0053,2025-01-05,20,4290.38,CAD
100,S04,SEED-0071,2025-01-05,7,3538.34,CAD
100,S02,FUEL-0028,2025-01-06,16,7445.16,CAD
100,S04,TIRE-0076,2025-01-06,19,8540.92,CAD
100,S03,TIRE-0012,2025-01-06,16,2755.87,CAD
100,S04,LUBE-0001,2025-01-06,19,1298.09,CAD
100,S01,HDWR-0043,2025-01-06,13,1771.71,CAD
100,S02,FEED-0075,2025-01-06,9,2639.2,CAD
100,S04,FUEL-0046,2025-01-06,15,1893.26,CAD
100,S01,HDWR-0022,2025-01-06,16,858.49,CAD
100,S04,HDWR-0038,2025-01-07,25,5516.53,CAD
100,S01,TIRE-0005,2025-01-07,20,1210.54,CAD
100,S03,HDWR-0022,2025-01-07,14,641.73,CAD
100,S06,FUEL-0023,2025-01-07,22,8851.8,CAD
100,S02,TIRE-0021,2025-01-07,11,749.41,CAD
100,S01,FEED-0054,2025-01-07,3,771.32,CAD
100,S02,TIRE-0073,2025-01-07,38,14396.26,CAD
100,S04,HDWR-0038,2025-01-08,19,3599.47,CAD
100,S01,FEED-0075,2025-01-08,4,1295.47,CAD
100,S02,SEED-0007,2025-01-08,6,840.69,CAD
100,S01,LUBE-0031,2025-01-08,8,4046.48,CAD
100,S05,LUBE-0031,2025-01-08,17,7883.97,CAD
100,S05,FEED-0044,2025-01-08,5,2381.23,CAD
100,S02,HDWR-0018,2025-01-08,16,869.6,CAD
100,S02,SEED-0063,2025-01-08,10,3961.89,CAD
100,S05,FUEL-0019,2025-01-08,27,8867.7,CAD
100,S06,SEED-0055,2025-01-09,6,2670.62,CAD
100,S02,HDWR-0059,2025-01-09,15,3383.78,CAD
100,S06,HDWR-0011,2025-01-09,24,2740.18,CAD
100,S06,TIRE-0008,2025-01-09,17,6001.77,CAD
100,S03,FUEL-0046,2025-01-09,8,960.94,CAD
100,S05,FUEL-0015,2025-01-09,10,1486.77,CAD
100,S05,HDWR-0011,2025-01-09,8,1116.74,CAD
100,S02,LUBE-0010,2025-01-09,14,4919.17,CAD
100,S01,TIRE-0061,2025-01-10,17,8030.2,CAD
100,S05,HDWR-0006,2025-01-10,27,819.34,CAD
100,S03,FUEL-0049,2025-01-10,21,1856.68,CAD
100,S03,TIRE-0012,2025-01-10,17,2447.02,CAD
100,S05,FUEL-0049,2025-01-10,12,915.53,CAD
100,S02,HDWR-0053,2025-01-10,20,4640.79,CAD
100,S06,LUBE-0048,2025-01-10,9,2017.55,CAD
100,S02,FEED-0040,2025-01-10,7,2304.68,CAD
100,S04,SEED-0007,2025-01-10,7,980.52,CAD
100,S05,FEED-0003,2025-01-10,8,748.27,CAD
100,S02,LUBE-0068,2025-01-10,1,429.81,CAD
100,S05,FUEL-0025,2025-01-12,14,4657.91,CAD
100,S03,HDWR-0052,2025-01-12,18,7964.97,CAD
100,S05,HDWR-0052,2025-01-12,28,14433.23,CAD
100,S04,FEED-0040,2025-01-12,6,2135.65,CAD
100,S02,FEED-0003,2025-01-13,10,764.26,CAD
100,S02,SEED-0056,2025-01-13,12,1031.05,CAD
100,S01,HDWR-0060,2025-01-13,28,8960.03,CAD
100,S06,HDWR-0038,2025-01-13,12,2741.4,CAD
100,S02,HDWR-0006,2025-01-13,13,373.77,CAD
100,S05,FEED-0044,2025-01-13,8,4198.48,CAD
100,S02,HDWR-0038,2025-01-13,32,5933.99,CAD
100,S04,HDWR-0011,2025-01-13,14,1737.4,CAD
100,S03,HDWR-0053,2025-01-13,23,5296.96,CAD
100,S05,LUBE-0068,2025-01-13,11,5882.58,CAD
100,S06,FEED-0029,2025-01-13,8,4003.4,CAD
100,S02,HDWR-0067,2025-01-13,21,278.31,CAD
100,S06,HDWR-0060,2025-01-14,20,5141.04,CAD
100,S02,LUBE-0026,2025-01-14,15,733.34,CAD
100,S02,SEED-0042,2025-01-14,9,3467.13,CAD
100,S01,HDWR-0053,2025-01-14,15,3419.04,CAD
100,S01,LUBE-0050,2025-01-15,9,2727.63,CAD
100,S02,LUBE-0002,2025-01-15,18,3082.88,CAD
100,S01,TIRE-0076,2025-01-15,19,9107.37,CAD
100,S04,HDWR-0043,2025-01-15,10,1596.31,CAD
100,S02,TIRE-0045,2025-01-15,11,5841.52,CAD
100,S03,LUBE-0010,2025-01-15,7,2979.75,CAD
100,S02,TIRE-0076,2025-01-15,24,12912.74,CAD
100,S06,HDWR-0022,2025-01-16,20,1081.93,CAD
100,S01,FUEL-0019,2025-01-16,22,6814.37,CAD
100,S03,LUBE-0036,2025-01-16,16,1522.28,CAD
100,S06,TIRE-0005,2025-01-16,20,1216.94,CAD
100,S03,HDWR-0006,2025-01-16,24,681.78,CAD
100,S01,FEED-0003,2025-01-16,8,764.81,CAD
100,S02,FUEL-0023,2025-01-17,17,6769.88,CAD
100,S05,SEED-0056,2025-01-17,9,841.91,CAD
100,S05,SEED-0056,2025-01-17,10,918.85,CAD
100,S05,FUEL-0019,2025-01-17,20,6238.59,CAD
100,S05,LUBE-0039,2025-01-17,26,9709.93,CAD
100,S03,FUEL-0025,2025-01-17,18,5432.23,CAD
100,S06,SEED-0062,2025-01-17,11,4155.06,CAD
100,S02,FUEL-0028,2025-01-17,12,6716.51,CAD
100,S05,FEED-0003,2025-01-17,8,741.88,CAD
100,S03,LUBE-0065,2025-01-17,27,4573.43,CAD
100,S03,HDWR-0058,2025-01-18,14,4945.34,CAD
100,S01,HDWR-0038,2025-01-19,20,4355.05,CAD
100,S03,FEED-0029,2025-01-20,10,5113.47,CAD
100,S05,HDWR-0053,2025-01-20,23,4958.29,CAD
100,S04,FUEL-0072,2025-01-20,23,10481.84,CAD
100,S06,FUEL-0023,2025-01-20,19,9821.15,CAD
100,S05,HDWR-0030,2025-01-20,26,4263.92,CAD
100,S06,SEED-0042,2025-01-20,4,1839.8,CAD
100,S06,HDWR-0053,2025-01-20,20,4306.43,CAD
100,S04,FUEL-0019,2025-01-21,24,8367.24,CAD
100,S05,TIRE-0012,2025-01-21,12,1863.42,CAD
100,S02,LUBE-0010,2025-01-21,22,7351.97,CAD
100,S01,FEED-0044,2025-01-21,7,3270.76,CAD
100,S05,FEED-0040,2025-01-21,6,2484.66,CAD
100,S01,FEED-0029,2025-01-21,12,5590.17,CAD
100,S04,FUEL-0051,2025-01-21,18,6494.02,CAD
100,S01,TIRE-0008,2025-01-21,23,7663.56,CAD
100,S01,LUBE-0010,2025-01-21,7,2828.2,CAD
100,S01,SEED-0007,2025-01-22,13,1600.26,CAD
100,S05,TIRE-0008,2025-01-22,16,5516.94,CAD
100,S06,LUBE-0010,2025-01-22,15,5504.12,CAD
100,S04,HDWR-0059,2025-01-22,20,4321.92,CAD
100,S06,TIRE-0008,2025-01-22,21,7846.95,CAD
100,S05,FUEL-0017,2025-01-22,6,351.59,CAD
100,S05,FEED-0003,2025-01-22,8,679.6,CAD
100,S03,TIRE-0009,2025-01-23,16,1623.14,CAD
100,S02,LUBE-0026,2025-01-23,13,611.64,CAD
100,S02,TIRE-0012,2025-01-23,23,3884.23,CAD
100,S02,HDWR-0022,2025-01-23,16,805.58,CAD
100,S01,HDWR-0052,2025-01-23,2,972.81,CAD
100,S02,LUBE-0027,2025-01-23,21,2918.73,CAD
100,S05,HDWR-0011,2025-01-23,21,2487.76,CAD
100,S02,SEED-0055,2025-01-23,9,4073.23,CAD
100,S04,TIRE-0045,2025-01-23,24,10307.01,CAD
100,S04,FUEL-0028,2025-01-23,27,13710.44,CAD
100,S05,LUBE-0034,2025-01-23,22,9859.14,CAD
100,S05,HDWR-0022,2025-01-24,16,817.44,CAD
100,S01,FUEL-0066,2025-01-24,21,5777.61,CAD
100,S03,LUBE-0036,2025-01-24,23,2155.61,CAD
100,S01,FEED-0033,2025-01-24,7,2512.63,CAD
100,S01,FUEL-0069,2025-01-24,31,17557.42,CAD
100,S02,FUEL-0066,2025-01-24,11,2983.46,CAD
100,S05,TIRE-0076,2025-01-24,6,3287.28,CAD
100,S03,FUEL-0025,2025-01-24,1,290.57,CAD
100,S03,FEED-0070,2025-01-24,6,1803.87,CAD
100,S04,SEED-0041,2025-01-24,3,347.19,CAD
100,S05,HDWR-0030,2025-01-25,18,2488.4,CAD
100,S04,HDWR-0059,2025-01-25,22,4987.45,CAD
100,S04,HDWR-0052,2025-01-25,18,9528.24,CAD
100,S01,FUEL-0019,2025-01-26,25,8032.31,CAD
100,S04,LUBE-0001,2025-01-26,15,1149.57,CAD
100,S02,TIRE-0024,2025-01-26,17,8533.83,CAD
100,S06,SEED-0042,2025-01-26,11,5097.86,CAD
100,S05,HDWR-0043,2025-01-27,34,5499.73,CAD
100,S05,HDWR-0052,2025-01-27,16,7099.21,CAD
100,S05,LUBE-0010,2025-01-27,8,2722.89,CAD
100,S02,FEED-0074,2025-01-27,1,200.6,CAD
100,S05,HDWR-0059,2025-01-27,26,5637.76,CAD
100,S01,FUEL-0017,2025-01-27,14,1000.62,CAD
100,S03,SEED-0078,2025-01-27,9,642.24,CAD
100,S03,HDWR-0011,2025-01-27,10,1230.15,CAD
100,S06,TIRE-0005,2025-01-28,17,1009.94,CAD
100,S03,TIRE-0012,2025-01-28,22,3549.34,CAD
100,S04,HDWR-0058,2025-01-28,15,4916.85,CAD
100,S06,FEED-0070,2025-01-28,9,2507.0,CAD
100,S05,LUBE-0010,2025-01-28,33,11199.22,CAD
100,S05,LUBE-0050,2025-01-28,16,4494.52,CAD
100,S05,FUEL-0080,2025-01-28,25,3675.89,CAD
100,S06,HDWR-0043,2025-01-29,11,1671.52,CAD
100,S01,TIRE-0005,2025-01-29,16,1012.36,CAD
100,S06,FUEL-0023,2025-01-29,14,6087.35,CAD
100,S03,LUBE-0048,2025-01-29,17,4225.98,CAD
100,S04,TIRE-0076,2025-01-29,34,15642.42,CAD
100,S06,HDWR-0018,2025-01-29,27,1694.75,CAD
100,S05,FEED-0070,2025-01-29,2,632.56,CAD
100,S03,HDWR-0022,2025-01-29,27,1352.79,CAD
100,S03,FUEL-0023,2025-01-29,3,1239.93,CAD
100,S02,TIRE-0076,2025-01-29,29,16053.98,CAD
100,S01,LUBE-0065,2025-01-30,11,2153.71,CAD
100,S01,HDWR-0047,2025-01-30,25,5192.53,CAD
100,S05,LUBE-0050,2025-01-30,15,4439.03,CAD
100,S03,FUEL-0079,2025-01-30,18,8148.7,CAD
100,S02,LUBE-0001,2025-01-30,5,331.4,CAD
100,S01,FUEL-0080,2025-01-30,28,4230.72,CAD
100,S04,TIRE-0077,2025-01-30,20,4019.71,CAD
100,S03,LUBE-0031,2025-01-30,22,10874.47,CAD
100,S03,TIRE-0012,2025-01-30,19,2881.91,CAD
100,S01,HDWR-0059,2025-01-30,23,4703.38,CAD
100,S02,SEED-0042,2025-01-30,10,4252.11,CAD
100,S06,TIRE-0061,2025-01-31,22,9619.44,CAD
100,S01,LUBE-0037,2025-01-31,16,1972.84,CAD
100,S02,FUEL-0046,2025-01-31,8,1117.58,CAD
100,S06,FEED-0016,2025-01-31,8,4290.95,CAD
100,S05,TIRE-0061,2025-01-31,28,11853.57,CAD
100,S03,LUBE-0035,2025-01-31,22,960.49,CAD
100,S02,TIRE-0021,2025-01-31,15,1298.54,CAD
100,S04,FEED-0054,2025-01-31,10,2863.49,CAD
100,S03,LUBE-0036,2025-01-31,20,2157.76,CAD
100,S05,LUBE-0036,2025-02-01,10,998.57,CAD
100,S03,HDWR-0047,2025-02-01,9,2160.05,CAD
100,S03,SEED-0055,2025-02-01,17,6093.23,CAD
100,S01,HDWR-0006,2025-02-02,20,496.1,CAD
100,S03,FEED-0040,2025-02-02,6,2499.55,CAD
100,S02,LUBE-0010,2025-02-02,10,3466.02,CAD
100,S03,LUBE-0001,2025-02-02,4,267.71,CAD
100,S05,TIRE-0005,2025-02-03,20,1156.85,CAD
100,S06,TIRE-0024,2025-02-03,27,11637.48,CAD
100,S03,LUBE-0039,2025-02-03,23,8434.2,CAD
100,S05,TIRE-0076,2025-02-03,11,6283.42,CAD
100,S06,FEED-0057,2025-02-03,8,3909.92,CAD
100,S02,LUBE-0037,2025-02-03,20,2609.67,CAD
100,S05,LUBE-0026,2025-02-03,13,558.34,CAD
100,S06,FUEL-0049,2025-02-03,18,1324.53,CAD
100,S05,TIRE-0012,2025-02-04,18,2599.06,CAD
100,S05,SEED-0004,2025-02-04,11,4122.46,CAD
100,S06,TIRE-0012,2025-02-04,24,3778.85,CAD
100,S04,LUBE-0035,2025-02-04,20,992.11,CAD
100,S03,TIRE-0005,2025-02-04,21,1077.84,CAD
100,S05,TIRE-0012,2025-02-04,23,3911.62,CAD
100,S06,FUEL-0049,2025-02-04,5,432.29,CAD
100,S01,FEED-0057,2025-02-04,11,4973.6,CAD
100,S01,FUEL-0023,2025-02-04,13,5816.64,CAD
100,S06,TIRE-0073,2025-02-05,14,5152.84,CAD
100,S02,TIRE-0024,2025-02-05,15,6575.64,CAD
100,S05,TIRE-0073,2025-02-05,19,5812.55,CAD
100,S03,SEED-0055,2025-02-05,12,5199.29,CAD
100,S01,FEED-0075,2025-02-05,7,2124.39,CAD
100,S03,HDWR-0022,2025-02-05,14,767.83,CAD
100,S05,SEED-0041,2025-02-05,2,298.57,CAD
100,S04,LUBE-0035,2025-02-05,26,1251.85,CAD
100,S03,LUBE-0034,2025-02-05,34,17784.56,CAD
100,S05,HDWR-0058,2025-02-05,10,3595.09,CAD
100,S02,TIRE-0009,2025-02-06,19,1947.59,CAD
100,S06,FEED-0032,2025-02-06,12,2522.68,CAD
100,S06,TIRE-0064,2025-02-06,13,4787.87,CAD
100,S02,HDWR-0067,2025-02-06,31,337.9,CAD
100,S01,FUEL-0023,2025-02-06,22,10151.85,CAD
100,S02,FUEL-0046,2025-02-06,18,2499.89,CAD
100,S03,LUBE-0036,2025-02-07,18,1624.48,CAD
100,S05,FEED-0074,2025-02-07,12,2402.48,CAD
100,S02,TIRE-0045,2025-02-07,31,15163.55,CAD
100,S06,SEED-0020,2025-02-07,3,1280.33,CAD
100,S06,TIRE-0076,2025-02-07,12,5774.83,CAD
100,S02,LUBE-0039,2025-02-07,7,2825.41,CAD
100,S01,FUEL-0025,2025-02-07,19,6261.48,CAD
100,S01,LUBE-0026,2025-02-07,1,42.15,CAD
100,S01,SEED-0078,2025-02-07,9,571.68,CAD
100,S02,LUBE-0027,2025-02-07,19,2250.51,CAD
100,S01,HDWR-0018,2025-02-07,16,889.21,CAD
100,S02,FEED-0014,2025-02-08,7,2998.13,CAD
100,S01,HDWR-0006,2025-02-08,16,394.45,CAD
100,S06,FEED-0044,2025-02-08,8,4264.2,CAD
100,S03,TIRE-0005,2025-02-09,16,929.6,CAD
100,S04,SEED-0056,2025-02-09,6,578.14,CAD
100,S06,HDWR-0059,2025-02-09,25,5930.41,CAD
100,S02,LUBE-0037,2025-02-09,14,1762.04,CAD
100,S01,LUBE-0037,2025-02-10,20,2928.61,CAD
100,S03,HDWR-0018,2025-02-10,7,478.83,CAD
100,S06,FEED-0074,2025-02-10,8,1730.27,CAD
100,S05,FEED-0003,2025-02-10,10,779.14,CAD
100,S04,FEED-0075,2025-02-10,11,3044.96,CAD
100,S03,FUEL-0019,2025-02-10,7,2136.26,CAD
100,S03,SEED-0004,2025-02-10,15,6023.95,CAD
100,S02,SEED-0004,2025-02-10,6,2540.65,CAD
100,S05,HDWR-0030,2025-02-11,21,3340.3,CAD
100,S02,TIRE-0008,2025-02-11,15,5295.15,CAD
100,S04,HDWR-0011,2025-02-11,16,2013.45,CAD
100,S02,LUBE-0034,2025-02-11,22,11708.66,CAD
100,S06,FEED-0029,2025-02-11,4,2008.5,CAD
100,S01,LUBE-0037,2025-02-11,18,2629.25,CAD
100,S04,LUBE-0048,2025-02-11,20,5251.16,CAD
100,S03,FEED-0032,2025-02-11,11,2282.31,CAD
100,S02,FEED-0014,2025-02-12,10,3773.15,CAD
100,S01,FUEL-0015,2025-02-12,13,2101.4,CAD
100,S06,SEED-0004,2025-02-12,4,1612.17,CAD
100,S02,SEED-0071,2025-02-12,11,5625.6,CAD
100,S04,TIRE-0021,2025-02-12,22,1707.36,CAD
100,S01,FEED-0070,2025-02-12,2,591.23,CAD
100,S05,FUEL-0019,2025-02-12,16,4645.86,CAD
100,S05,LUBE-0026,2025-02-12,16,665.91,CAD
100,S01,HDWR-0058,2025-02-12,18,5491.81,CAD
100,S01,HDWR-0011,2025-02-12,25,3490.02,CAD
100,S03,LUBE-0037,2025-02-12,35,4942.2,CAD
100,S04,LUBE-0026,2025-02-12,14,607.16,CAD
100,S05,FUEL-0069,2025-02-13,19,10580.67,CAD
100,S03,FEED-0057,2025-02-13,7,3327.55,CAD
100,S05,TIRE-0009,2025-02-13,19,2061.45,CAD
100,S06,HDWR-0018,2025-02-13,18,982.51,CAD
100,S04,LUBE-0035,2025-02-13,16,759.97,CAD
100,S03,SEED-0013,2025-02-13,13,4705.79,CAD
100,S01,TIRE-0009,2025-02-13,15,1535.21,CAD
100,S04,TIRE-0076,2025-02-13,16,7486.25,CAD
100,S03,LUBE-0001,2025-02-14,18,1108.98,CAD
100,S05,FUEL-0051,2025-02-14,9,3411.81,CAD
100,S02,TIRE-0009,2025-02-14,16,1851.3,CAD
100,S06,FEED-0057,2025-02-14,11,4917.42,CAD
100,S04,SEED-0007,2025-02-14,8,1014.35,CAD
100,S02,LUBE-0035,2025-02-14,18,832.54,CAD
100,S02,TIRE-0024,2025-02-14,22,11362.05,CAD
100,S06,FUEL-0066,2025-02-15,13,3222.28,CAD
100,S04,FUEL-0079,2025-02-15,14,7307.11,CAD
100,S01,HDWR-0060,2025-02-15,5,1485.5,CAD
100,S01,HDWR-0022,2025-02-16,16,745.97,CAD
100,S02,TIRE-0008,2025-02-16,12,4138.77,CAD
100,S05,FEED-0074,2025-02-17,2,454.0,CAD
100,S01,FUEL-0019,2025-02-17,9,2657.4,CAD
100,S01,FEED-0057,2025-02-17,8,3598.42,CAD
100,S06,HDWR-0038,2025-02-17,9,1927.15,CAD
100,S05,LUBE-0039,2025-02-17,15,5115.16,CAD
100,S05,FEED-0057,2025-02-17,3,1318.04,CAD
100,S01,TIRE-0008,2025-02-17,29,9009.49,CAD
100,S04,HDWR-0006,2025-02-17,10,243.32,CAD
100,S05,FUEL-0049,2025-02-17,26,1964.36,CAD
100,S05,TIRE-0021,2025-02-18,26,2059.04,CAD
100,S05,SEED-0055,2025-02-18,10,4412.02,CAD
100,S05,FUEL-0051,2025-02-18,15,6913.36,CAD
100,S02,FUEL-0046,2025-02-18,16,2105.98,CAD
100,S01,LUBE-0034,2025-02-18,19,9337.61,CAD
100,S04,HDWR-0006,2025-02-18,10,304.51,CAD
100,S06,HDWR-0043,2025-02-18,15,2582.41,CAD
100,S06,FEED-0075,2025-02-18,10,3133.78,CAD
100,S06,HDWR-0038,2025-02-18,27,5643.15,CAD
100,S04,FUEL-0049,2025-02-19,7,668.25,CAD
100,S01,SEED-0055,2025-02-19,7,2717.74,CAD
100,S03,FUEL-0066,2025-02-19,22,4837.31,CAD
100,S02,LUBE-0050,2025-02-19,24,6762.23,CAD
100,S05,LUBE-0036,2025-02-19,15,1550.75,CAD
100,S05,LUBE-0001,2025-02-19,35,2640.23,CAD
100,S05,LUBE-0035,2025-02-19,14,662.21,CAD
100,S04,LUBE-0034,2025-02-19,20,10183.33,CAD
100,S01,FUEL-0080,2025-02-19,21,2580.31,CAD
100,S06,FUEL-0046,2025-02-19,11,1463.8,CAD
100,S02,FEED-0014,2025-02-20,1,353.81,CAD
100,S03,HDWR-0006,2025-02-20,14,364.83,CAD
100,S03,HDWR-0047,2025-02-20,25,5942.98,CAD
100,S01,LUBE-0036,2025-02-20,19,2124.53,CAD
100,S05,FEED-0070,2025-02-20,14,4353.22,CAD
100,S02,SEED-0071,2025-02-20,7,2964.07,CAD
100,S04,LUBE-0035,2025-02-21,1,52.52,CAD
100,S06,FEED-0032,2025-02-21,12,2586.16,CAD
100,S03,FEED-0057,2025-02-21,8,3891.48,CAD
100,S05,FUEL-0049,2025-02-21,12,906.29,CAD
100,S05,FEED-0044,2025-02-21,15,6996.69,CAD
100,S06,SEED-0041,2025-02-21,10,1196.21,CAD
100,S01,FUEL-0015,2025-02-21,10,1692.86,CAD
100,S05,HDWR-0030,2025-02-21,19,3058.19,CAD
100,S06,HDWR-0053,2025-02-22,13,2764.23,CAD
100,S05,SEED-0013,2025-02-22,6,2569.82,CAD
100,S04,FUEL-0049,2025-02-22,15,1103.62,CAD
100,S05,SEED-0004,2025-02-22,6,2427.22,CAD
100,S05,LUBE-0039,2025-02-23,10,4284.35,CAD
100,S02,FEED-0033,2025-02-23,16,6725.5,CAD
100,S04,SEED-0042,2025-02-23,6,2474.98,CAD
100,S03,LUBE-0002,2025-02-24,12,1887.21,CAD
100,S03,FEED-0057,2025-02-24,15,6587.37,CAD
100,S05,SEED-0004,2025-02-24,1,400.51,CAD
100,S02,FEED-0029,2025-02-24,11,5625.88,CAD
100,S03,LUBE-0048,2025-02-24,18,4992.67,CAD
100,S03,FEED-0054,2025-02-24,2,598.07,CAD
100,S01,SEED-0007,2025-02-24,6,787.95,CAD
100,S01,HDWR-0030,2025-02-24,21,2890.39,CAD
100,S03,SEED-0020,2025-02-24,12,4389.65,CAD
100,S01,SEED-0013,2025-02-25,10,4021.03,CAD
100,S05,LUBE-0001,2025-02-25,25,1758.66,CAD
100,S04,FUEL-0051,2025-02-25,18,7820.7,CAD
100,S04,FUEL-0046,2025-02-25,20,2782.08,CAD
100,S02,FUEL-0015,2025-02-25,12,1674.42,CAD
100,S03,LUBE-0068,2025-02-25,19,9056.91,CAD
100,S06,TIRE-0045,2025-02-25,29,14255.48,CAD
100,S05,LUBE-0050,2025-02-26,26,9148.6,CAD
100,S05,LUBE-0034,2025-02-26,19,10192.07,CAD
100,S01,SEED-0007,2025-02-26,13,1738.26,CAD
100,S03,SEED-0055,2025-02-26,7,3028.86,CAD
100,S06,FEED-0044,2025-02-26,12,5405.52,CAD
100,S01,LUBE-0026,2025-02-26,30,1292.81,CAD
100,S02,SEED-0063,2025-02-27,15,5718.7,CAD
100,S01,HDWR-0022,2025-02-27,20,1168.11,CAD
100,S06,FUEL-0046,2025-02-27,26,3500.8,CAD
100,S05,TIRE-0009,2025-02-27,18,2269.63,CAD
100,S01,FEED-0032,2025-02-27,8,1528.02,CAD
100,S05,LUBE-0050,2025-02-27,29,10255.73,CAD
100,S03,HDWR-0030,2025-02-27,16,2297.95,CAD
100,S02,FUEL-0080,2025-02-27,9,1189.42,CAD
100,S01,FEED-0040,2025-02-27,16,6367.4,CAD
100,S06,TIRE-0009,2025-02-27,23,2692.45,CAD
100,S01,FUEL-0066,2025-02-27,12,3195.98,CAD
100,S03,FUEL-0023,2025-02-27,17,8703.49,CAD
100,S03,LUBE-0034,2025-02-27,33,16559.03,CAD
100,S04,TIRE-0009,2025-02-28,26,3125.79,CAD
100,S04,FUEL-0028,2025-02-28,15,6988.49,CAD
100,S05,FUEL-0019,2025-02-28,13,4286.63,CAD
100,S02,FUEL-0066,2025-02-28,26,6497.79,CAD
100,S04,SEED-0041,2025-02-28,5,679.92,CAD
100,S04,HDWR-0018,2025-02-28,28,1829.05,CAD
100,S04,FEED-0033,2025-02-28,13,4445.85,CAD
100,S06,FUEL-0049,2025-02-28,2,158.71,CAD
100,S02,LUBE-0035,2025-03-01,28,1418.18,CAD
100,S04,TIRE-0076,2025-03-01,10,4554.29,CAD
100,S04,SEED-0004,2025-03-01,18,7491.58,CAD
100,S05,TIRE-0021,2025-03-01,19,1617.08,CAD
100,S02,FUEL-0072,2025-03-02,19,9530.15,CAD
100,S02,HDWR-0030,2025-03-02,21,3705.38,CAD
100,S01,FEED-0003,2025-03-02,13,1086.54,CAD
100,S01,FUEL-0015,2025-03-02,11,1950.34,CAD
100,S01,SEED-0071,2025-03-03,17,7842.04,CAD
100,S06,TIRE-0008,2025-03-03,13,4009.66,CAD
100,S03,SEED-0071,2025-03-03,24,11886.63,CAD
100,S01,FUEL-0066,2025-03-03,13,3412.93,CAD
100,S04,FEED-0003,2025-03-03,17,1581.72,CAD
100,S02,HDWR-0052,2025-03-03,30,13835.91,CAD
100,S06,HDWR-0043,2025-03-03,18,2836.17,CAD
100,S01,FEED-0057,2025-03-03,9,3420.06,CAD
100,S06,SEED-0056,2025-03-03,28,2504.57,CAD
100,S01,LUBE-0035,2025-03-04,31,1463.34,CAD
100,S03,LUBE-0048,2025-03-04,24,6773.64,CAD
100,S01,LUBE-0037,2025-03-04,3,460.74,CAD
100,S05,HDWR-0067,2025-03-04,30,390.51,CAD
100,S02,SEED-0071,2025-03-04,17,7641.17,CAD
100,S04,FEED-0070,2025-03-04,9,2635.95,CAD
100,S06,LUBE-0068,2025-03-04,14,7011.28,CAD
100,S01,FUEL-0079,2025-03-04,13,6411.72,CAD
100,S01,HDWR-0059,2025-03-04,23,5035.25,CAD
100,S02,TIRE-0012,2025-03-05,19,2971.11,CAD
100,S02,FUEL-0072,2025-03-05,23,10255.54,CAD
100,S05,HDWR-0011,2025-03-05,25,3638.91,CAD
100,S04,FEED-0016,2025-03-05,21,10944.12,CAD
100,S06,HDWR-0038,2025-03-05,27,5749.61,CAD
100,S05,LUBE-0050,2025-03-05,24,6814.06,CAD
100,S01,LUBE-0010,2025-03-05,5,2007.67,CAD
100,S03,FUEL-0019,2025-03-05,14,4144.6,CAD
100,S02,TIRE-0021,2025-03-05,20,1589.32,CAD
100,S03,HDWR-0047,2025-03-06,20,4511.93,CAD
100,S02,HDWR-0052,2025-03-06,31,14849.84,CAD
100,S04,SEED-0007,2025-03-06,10,1159.11,CAD
100,S02,HDWR-0067,2025-03-07,20,239.65,CAD
100,S01,FEED-0054,2025-03-07,20,5492.52,CAD
100,S01,SEED-0062,2025-03-07,11,3618.87,CAD
100,S05,LUBE-0001,2025-03-07,1,63.79,CAD
100,S01,HDWR-0060,2025-03-07,28,7804.92,CAD
100,S01,SEED-0055,2025-03-07,15,6654.82,CAD
100,S06,HDWR-0006,2025-03-07,6,181.0,CAD
100,S01,FEED-0057,2025-03-07,27,12777.92,CAD
100,S02,HDWR-0018,2025-03-07,25,1688.48,CAD
100,S03,TIRE-0076,2025-03-07,20,10549.07,CAD
100,S03,FEED-0074,2025-03-07,9,1928.42,CAD
100,S02,HDWR-0038,2025-03-08,19,4135.06,CAD
100,S04,HDWR-0060,2025-03-08,14,4219.24,CAD
100,S02,FEED-0074,2025-03-08,20,3783.35,CAD
100,S03,SEED-0020,2025-03-09,14,6044.73,CAD
100,S04,FEED-0070,2025-03-10,17,4186.45,CAD
100,S05,FUEL-0025,2025-03-10,1,363.57,CAD
100,S02,LUBE-0065,2025-03-10,1,182.88,CAD
100,S04,LUBE-0039,2025-03-10,25,9030.6,CAD
100,S04,SEED-0007,2025-03-10,12,1664.07,CAD
100,S03,HDWR-0043,2025-03-10,11,1495.09,CAD
100,S02,FUEL-0051,2025-03-10,19,8500.72,CAD
100,S01,TIRE-0077,2025-03-10,22,4094.12,CAD
100,S01,TIRE-0077,2025-03-11,20,3255.65,CAD
100,S05,SEED-0013,2025-03-11,17,6749.46,CAD
100,S06,HDWR-0038,2025-03-11,17,4076.89,CAD
100,S04,SEED-0004,2025-03-11,19,7509.82,CAD
100,S02,LUBE-0048,2025-03-11,11,2636.82,CAD
100,S06,HDWR-0011,2025-03-11,32,3743.35,CAD
100,S01,LUBE-0001,2025-03-11,15,1167.15,CAD
100,S01,TIRE-0008,2025-03-11,21,7594.4,CAD
100,S03,FUEL-0015,2025-03-12,20,2905.01,CAD
100,S03,FUEL-0080,2025-03-12,13,1568.79,CAD
100,S04,FUEL-0017,2025-03-12,22,1470.83,CAD
100,S03,SEED-0007,2025-03-12,14,1718.89,CAD
100,S02,SEED-0004,2025-03-12,8,3120.19,CAD
100,S06,LUBE-0039,2025-03-12,28,10843.41,CAD
100,S03,LUBE-0001,2025-03-12,18,1207.57,CAD
100,S02,TIRE-0005,2025-03-12,10,601.01,CAD
100,S05,FEED-0044,2025-03-13,6,3093.6,CAD
100,S05,FUEL-0023,2025-03-13,10,4223.47,CAD
100,S06,LUBE-0048,2025-03-13,27,7044.94,CAD
100,S01,FUEL-0019,2025-03-13,16,4688.51,CAD
100,S05,SEED-0063,2025-03-13,18,7583.99,CAD
100,S04,FEED-0003,2025-03-13,2,189.55,CAD
100,S01,SEED-0071,2025-03-13,9,3783.37,CAD
100,S04,FEED-0057,2025-03-13,15,7233.57,CAD
100,S06,FEED-0075,2025-03-13,9,3039.07,CAD
100,S01,FEED-0029,2025-03-13,23,10541.41,CAD
100,S02,LUBE-0002,2025-03-14,21,2863.35,CAD
100,S02,TIRE-0064,2025-03-14,23,10764.49,CAD
100,S04,FUEL-0017,2025-03-14,19,1250.48,CAD
100,S05,TIRE-0024,2025-03-14,21,8940.83,CAD
100,S06,TIRE-0024,2025-03-14,28,12252.95,CAD
100,S06,HDWR-0006,2025-03-14,22,669.16,CAD
100,S06,FEED-0054,2025-03-14,20,5881.2,CAD
100,S01,FEED-0032,2025-03-14,24,4437.08,CAD
100,S04,FUEL-0051,2025-03-14,30,11359.95,CAD
100,S05,HDWR-0018,2025-03-14,23,1501.37,CAD
100,S02,TIRE-0012,2025-03-15,10,1560.16,CAD
100,S04,HDWR-0022,2025-03-15,12,552.03,CAD
100,S06,LUBE-0002,2025-03-16,24,3409.09,CAD
100,S03,LUBE-0048,2025-03-16,15,3801.98,CAD
100,S01,HDWR-0060,2025-03-16,17,5264.17,CAD
100,S01,FUEL-0017,2025-03-16,20,1411.51,CAD
100,S01,HDWR-0022,2025-03-17,18,985.56,CAD
100,S05,FEED-0016,2025-03-17,14,7470.87,CAD
100,S06,SEED-0063,2025-03-17,22,7333.62,CAD
100,S05,FUEL-0015,2025-03-17,18,2815.66,CAD
100,S06,HDWR-0022,2025-03-17,15,792.83,CAD
100,S05,TIRE-0009,2025-03-17,27,2854.28,CAD
100,S05,FUEL-0023,2025-03-18,15,6462.42,CAD
100,S06,SEED-0007,2025-03-18,32,3623.63,CAD
100,S02,FUEL-0066,2025-03-18,23,5072.0,CAD
100,S03,TIRE-0012,2025-03-18,30,4488.81,CAD
100,S06,LUBE-0036,2025-03-18,18,1963.97,CAD
100,S06,LUBE-0068,2025-03-18,21,8981.27,CAD
100,S05,HDWR-0047,2025-03-18,14,2690.08,CAD
100,S06,FUEL-0017,2025-03-18,15,1011.59,CAD
100,S02,LUBE-0002,2025-03-18,22,3037.8,CAD
100,S02,FEED-0029,2025-03-18,20,9119.66,CAD
100,S02,FEED-0014,2025-03-19,13,5547.51,CAD
100,S03,FEED-0054,2025-03-19,21,5777.67,CAD
100,S06,LUBE-0001,2025-03-19,13,1032.52,CAD
100,S03,TIRE-0008,2025-03-19,15,5593.86,CAD
100,S04,FEED-0057,2025-03-19,7,3008.45,CAD
100,S05,FUEL-0051,2025-03-19,25,9216.75,CAD
100,S06,LUBE-0010,2025-03-19,22,7370.75,CAD
100,S05,TIRE-0021,2025-03-19,26,2182.82,CAD
100,S05,FUEL-0049,2025-03-19,34,2962.23,CAD
100,S02,LUBE-0034,2025-03-19,24,13382.74,CAD
100,S05,TIRE-0009,2025-03-19,8,905.93,CAD
100,S02,TIRE-0021,2025-03-20,6,425.43,CAD
100,S04,FEED-0016,2025-03-20,11,5732.93,CAD
100,S05,HDWR-0011,2025-03-20,25,3222.45,CAD
100,S03,FUEL-0051,2025-03-20,14,5407.93,CAD
100,S04,TIRE-0005,2025-03-20,24,1252.22,CAD
100,S05,FEED-0040,2025-03-20,14,5674.11,CAD
100,S04,SEED-0078,2025-03-20,13,829.89,CAD
100,S03,TIRE-0012,2025-03-20,22,3961.75,CAD
100,S02,FEED-0033,2025-03-21,18,7420.74,CAD
100,S06,FUEL-0066,2025-03-21,27,7270.49,CAD
100,S06,SEED-0013,2025-03-21,13,5602.88,CAD
100,S02,HDWR-0053,2025-03-21,10,2273.31,CAD
100,S04,LUBE-0037,2025-03-21,22,2997.55,CAD
100,S03,TIRE-0008,2025-03-21,17,5707.82,CAD
100,S02,FEED-0029,2025-03-21,15,7738.62,CAD
100,S06,HDWR-0011,2025-03-22,24,3107.95,CAD
100,S01,HDWR-0052,2025-03-22,6,2844.66,CAD
100,S04,LUBE-0035,2025-03-22,14,697.42,CAD
100,S06,LUBE-0035,2025-03-23,20,1009.49,CAD
100,S03,LUBE-0026,2025-03-23,3,161.47,CAD
100,S03,SEED-0056,2025-03-23,1,86.41,CAD
100,S06,LUBE-0050,2025-03-23,9,2872.95,CAD
100,S04,LUBE-0065,2025-03-24,20,3541.09,CAD
100,S02,HDWR-0011,2025-03-24,17,2089.13,CAD
100,S01,LUBE-0048,2025-03-24,3,783.96,CAD
100,S05,FEED-0040,2025-03-24,21,8489.7,CAD
100,S01,LUBE-0031,2025-03-24,26,11731.73,CAD
100,S02,LUBE-0036,2025-03-24,18,1882.16,CAD
100,S03,FEED-0016,2025-03-24,27,12877.88,CAD
100,S03,FEED-0016,2025-03-24,25,12225.19,CAD
100,S04,TIRE-0021,2025-03-24,20,1466.76,CAD
100,S02,FEED-0040,2025-03-24,11,4398.71,CAD
100,S04,TIRE-0008,2025-03-25,13,4650.81,CAD
100,S01,FEED-0029,2025-03-25,14,7490.94,CAD
100,S01,FUEL-0019,2025-03-25,27,8878.4,CAD
100,S02,TIRE-0021,2025-03-25,5,362.69,CAD
100,S04,FUEL-0015,2025-03-25,24,4212.6,CAD
100,S04,LUBE-0068,2025-03-25,22,11484.96,CAD
100,S04,FEED-0057,2025-03-25,3,1286.94,CAD
100,S04,FEED-0074,2025-03-26,11,2117.29,CAD
100,S03,FUEL-0015,2025-03-26,21,3724.29,CAD
100,S04,SEED-0020,2025-03-26,12,5391.53,CAD
100,S01,TIRE-0009,2025-03-26,24,2921.32,CAD
100,S03,TIRE-0009,2025-03-26,19,2028.09,CAD
100,S06,HDWR-0060,2025-03-26,20,5754.65,CAD
100,S06,TIRE-0045,2025-03-26,15,6507.47,CAD
100,S05,TIRE-0024,2025-03-27,27,13905.51,CAD
100,S02,FUEL-0079,2025-03-27,25,10941.33,CAD
100,S01,SEED-0055,2025-03-27,11,4576.34,CAD
100,S04,TIRE-0005,2025-03-27,5,288.87,CAD
100,S01,HDWR-0059,2025-03-27,27,5817.96,CAD
100,S05,LUBE-0050,2025-03-27,1,333.85,CAD
100,S04,LUBE-0026,2025-03-28,19,811.39,CAD
100,S01,FUEL-0051,2025-03-28,18,7090.73,CAD
100,S04,LUBE-0034,2025-03-28,11,6028.58,CAD
100,S02,FUEL-0017,2025-03-28,18,1078.35,CAD
100,S06,FUEL-0028,2025-03-28,21,10240.17,CAD
100,S05,FEED-0014,2025-03-28,10,3679.41,CAD
100,S02,FUEL-0049,2025-03-29,22,2130.05,CAD
100,S03,FUEL-0028,2025-03-29,9,5052.07,CAD
100,S01,FUEL-0069,2025-03-29,16,8475.79,CAD
100,S01,LUBE-0031,2025-03-30,28,12748.9,CAD
100,S02,SEED-0041,2025-03-30,25,3577.78,CAD
100,S06,LUBE-0002,2025-03-30,28,4017.68,CAD
100,S06,LUBE-0037,2025-03-31,10,1501.43,CAD
100,S06,SEED-0041,2025-03-31,14,1791.69,CAD
100,S05,FEED-0033,2025-03-31,23,7489.75,CAD
100,S06,FUEL-0023,2025-03-31,14,6238.03,CAD
100,S05,TIRE-0012,2025-03-31,24,4059.44,CAD
100,S04,TIRE-0008,2025-03-31,13,4690.48,CAD
100,S03,SEED-0020,2025-03-31,16,5661.31,CAD
100,S05,LUBE-0026,2025-04-01,18,954.28,CAD
100,S04,HDWR-0059,2025-04-01,34,7251.73,CAD
100,S02,LUBE-0010,2025-04-01,21,7941.42,CAD
100,S02,TIRE-0024,2025-04-01,30,14289.35,CAD
100,S06,LUBE-0050,2025-04-01,18,5349.7,CAD
100,S05,FEED-0074,2025-04-01,19,4041.17,CAD
100,S01,FUEL-0025,2025-04-01,28,9657.58,CAD
100,S02,FEED-0016,2025-04-02,40,18427.44,CAD
100,S04,LUBE-0037,2025-04-02,23,2810.44,CAD
100,S01,SEED-0007,2025-04-02,56,7069.57,CAD
100,S03,FEED-0040,2025-04-02,61,23286.84,CAD
100,S03,HDWR-0058,2025-04-02,18,6569.72,CAD
100,S04,TIRE-0012,2025-04-02,20,3053.29,CAD
100,S01,HDWR-0043,2025-04-02,23,3355.98,CAD
100,S04,FEED-0029,2025-04-02,35,15223.61,CAD
100,S06,TIRE-0076,2025-04-02,13,6397.8,CAD
100,S04,HDWR-0060,2025-04-02,21,5450.63,CAD
100,S02,FUEL-0049,2025-04-03,15,1214.53,CAD
100,S06,SEED-0007,2025-04-03,23,2533.0,CAD
100,S03,LUBE-0048,2025-04-03,23,5255.68,CAD
100,S02,LUBE-0068,2025-04-03,7,3288.28,CAD
100,S03,HDWR-0011,2025-04-03,20,2650.49,CAD
100,S05,HDWR-0043,2025-04-03,11,1641.92,CAD
100,S03,HDWR-0043,2025-04-03,21,3564.97,CAD
100,S03,LUBE-0010,2025-04-03,12,4776.08,CAD
100,S05,FUEL-0051,2025-04-03,26,11420.74,CAD
100,S06,FEED-0032,2025-04-03,26,6093.42,CAD
100,S03,LUBE-0034,2025-04-04,12,6272.33,CAD
100,S04,LUBE-0035,2025-04-04,15,681.96,CAD
100,S06,LUBE-0068,2025-04-04,23,10024.85,CAD
100,S03,TIRE-0076,2025-04-04,8,4019.33,CAD
100,S01,TIRE-0021,2025-04-04,9,785.32,CAD
100,S03,SEED-0062,2025-04-04,25,8974.08,CAD
100,S05,TIRE-0061,2025-04-04,26,10686.66,CAD
100,S03,LUBE-0039,2025-04-04,26,10035.33,CAD
100,S05,FEED-0029,2025-04-05,37,15390.67,CAD
100,S02,SEED-0004,2025-04-05,55,18272.43,CAD
100,S05,HDWR-0043,2025-04-06,12,1830.99,CAD
100,S05,LUBE-0001,2025-04-06,26,2042.62,CAD
100,S06,LUBE-0034,2025-04-06,13,6399.74,CAD
100,S02,LUBE-0039,2025-04-07,17,6242.57,CAD
100,S01,HDWR-0011,2025-04-07,24,2846.53,CAD
100,S05,FEED-0070,2025-04-07,15,3996.13,CAD
100,S03,HDWR-0059,2025-04-07,28,5486.59,CAD
100,S02,HDWR-0053,2025-04-07,17,3215.05,CAD
100,S06,HDWR-0058,2025-04-07,16,5393.48,CAD
100,S04,SEED-0063,2025-04-07,53,22047.89,CAD
100,S02,LUBE-0034,2025-04-08,23,12891.32,CAD
100,S02,TIRE-0008,2025-04-08,17,5232.66,CAD
100,S03,FUEL-0079,2025-04-08,16,7530.64,CAD
100,S03,HDWR-0058,2025-04-08,16,5655.56,CAD
100,S02,LUBE-0026,2025-04-08,6,256.92,CAD
100,S05,SEED-0020,2025-04-08,34,11814.75,CAD
100,S04,HDWR-0043,2025-04-08,17,2667.95,CAD
100,S02,FEED-0014,2025-04-08,34,11337.08,CAD
100,S03,LUBE-0026,2025-04-08,18,836.06,CAD
100,S01,FEED-0057,2025-04-08,33,15935.56,CAD
100,S06,FEED-0032,2025-04-09,44,8851.15,CAD
100,S01,TIRE-0008,2025-04-09,19,7097.22,CAD
100,S02,FUEL-0023,2025-04-09,17,7211.33,CAD
100,S02,SEED-0063,2025-04-09,17,5915.31,CAD
100,S04,FEED-0070,2025-04-09,29,8938.94,CAD
100,S04,SEED-0007,2025-04-10,23,2962.5,CAD
100,S02,TIRE-0009,2025-04-10,13,1374.7,CAD
100,S01,TIRE-0077,2025-04-10,21,4065.6,CAD
100,S05,FEED-0033,2025-04-10,33,11335.76,CAD
100,S06,FEED-0032,2025-04-10,26,4955.94,CAD
100,S05,FEED-0016,2025-04-10,28,14475.47,CAD
100,S01,FUEL-0066,2025-04-10,18,4607.0,CAD
100,S06,HDWR-0038,2025-04-10,18,3351.49,CAD
100,S05,FUEL-0080,2025-04-11,14,1807.63,CAD
100,S03,TIRE-0077,2025-04-11,16,2625.77,CAD
100,S02,FUEL-0023,2025-04-11,3,1516.95,CAD
100,S06,LUBE-0050,2025-04-11,17,5221.32,CAD
100,S01,TIRE-0021,2025-04-11,22,1634.14,CAD
100,S02,HDWR-0038,2025-04-11,22,4539.88,CAD
100,S06,SEED-0042,2025-04-11,44,21102.55,CAD
100,S06,LUBE-0001,2025-04-11,29,2053.16,CAD
100,S02,LUBE-0026,2025-04-11,23,1078.78,CAD
100,S03,LUBE-0002,2025-04-11,18,2810.85,CAD
100,S05,LUBE-0010,2025-04-12,18,7502.85,CAD
100,S04,HDWR-0058,2025-04-12,11,3384.43,CAD
100,S02,FEED-0054,2025-04-13,32,9060.47,CAD
100,S02,SEED-0041,2025-04-13,48,5786.48,CAD
100,S05,FUEL-0046,2025-04-13,22,3026.29,CAD
100,S05,TIRE-0045,2025-04-13,23,9762.8,CAD
100,S01,LUBE-0037,2025-04-14,32,5099.24,CAD
100,S05,SEED-0020,2025-04-14,24,10166.24,CAD
100,S02,HDWR-0052,2025-04-14,28,13511.36,CAD
100,S06,HDWR-0060,2025-04-14,17,4868.19,CAD
100,S05,LUBE-0034,2025-04-14,19,9768.05,CAD
100,S02,FEED-0014,2025-04-14,32,12825.07,CAD
100,S06,FEED-0029,2025-04-14,38,19805.74,CAD
100,S06,TIRE-0009,2025-04-15,29,3009.18,CAD
100,S06,LUBE-0048,2025-04-15,15,4250.48,CAD
100,S01,LUBE-0039,2025-04-15,15,5061.22,CAD
100,S01,FEED-0075,2025-04-15,24,7256.93,CAD
100,S02,FEED-0040,2025-04-15,32,13193.15,CAD
100,S03,FEED-0032,2025-04-15,11,2587.53,CAD
100,S06,SEED-0056,2025-04-15,11,910.69,CAD
100,S06,HDWR-0038,2025-04-16,22,4979.78,CAD
100,S02,SEED-0056,2025-04-16,50,4203.04,CAD
100,S02,FUEL-0025,2025-04-16,28,7823.18,CAD
100,S05,TIRE-0021,2025-04-16,19,1367.49,CAD
100,S01,FUEL-0028,2025-04-16,16,8635.74,CAD
100,S05,TIRE-0077,2025-04-16,16,2615.28,CAD
100,S01,SEED-0071,2025-04-16,59,27516.55,CAD
100,S01,LUBE-0001,2025-04-16,34,2544.57,CAD
100,S03,FEED-0070,2025-04-16,35,9041.83,CAD
100,S03,FUEL-0023,2025-04-17,18,7603.7,CAD
100,S02,FUEL-0079,2025-04-17,13,6446.53,CAD
100,S05,FUEL-0051,2025-04-17,10,4329.53,CAD
100,S04,TIRE-0021,2025-04-17,18,1528.45,CAD
100,S05,FUEL-0023,2025-04-17,1,516.68,CAD
100,S05,LUBE-0027,2025-04-17,12,1716.96,CAD
100,S02,LUBE-0027,2025-04-17,13,1871.94,CAD
100,S06,HDWR-0053,2025-04-17,23,4196.31,CAD
100,S03,SEED-0071,2025-04-17,47,25287.86,CAD
100,S02,LUBE-0010,2025-04-18,22,7685.74,CAD
100,S01,SEED-0020,2025-04-18,22,9392.29,CAD
100,S03,FEED-0029,2025-04-18,11,5794.19,CAD
100,S06,HDWR-0060,2025-04-18,6,1776.64,CAD
100,S06,SEED-0042,2025-04-18,18,8912.38,CAD
100,S01,LUBE-0050,2025-04-18,20,6480.81,CAD
100,S06,SEED-0055,2025-04-18,30,11307.37,CAD
100,S04,FUEL-0017,2025-04-18,13,871.88,CAD
100,S01,HDWR-0053,2025-04-18,9,1640.32,CAD
100,S05,FEED-0032,2025-04-19,29,6047.0,CAD
100,S03,HDWR-0018,2025-04-20,13,797.07,CAD
100,S05,FEED-0040,2025-04-20,17,7213.45,CAD
100,S03,FEED-0044,2025-04-20,33,15220.62,CAD
100,S06,LUBE-0035,2025-04-20,8,417.62,CAD
100,S04,HDWR-0053,2025-04-21,18,3768.99,CAD
100,S01,LUBE-0039,2025-04-21,18,6625.78,CAD
100,S05,FEED-0003,2025-04-21,16,1175.03,CAD
100,S04,LUBE-0037,2025-04-21,15,1942.62,CAD
100,S05,SEED-0078,2025-04-21,66,5086.85,CAD
100,S02,HDWR-0060,2025-04-21,16,5278.42,CAD
100,S02,FEED-0044,2025-04-21,48,23301.95,CAD
100,S01,FUEL-0069,2025-04-21,14,6949.97,CAD
100,S01,HDWR-0022,2025-04-22,28,1336.05,CAD
100,S04,HDWR-0018,2025-04-22,1,54.27,CAD
100,S03,HDWR-0052,2025-04-22,3,1277.12,CAD
100,S05,FUEL-0046,2025-04-22,21,2650.56,CAD
100,S06,LUBE-0034,2025-04-22,26,13004.1,CAD
100,S01,FUEL-0028,2025-04-22,2,1129.71,CAD
100,S01,LUBE-0027,2025-04-23,32,4106.46,CAD
100,S05,SEED-0013,2025-04-23,16,6227.82,CAD
100,S04,HDWR-0038,2025-04-23,1,210.61,CAD
100,S05,SEED-0007,2025-04-23,36,5114.18,CAD
100,S04,TIRE-0021,2025-04-23,27,1815.2,CAD
100,S03,LUBE-0039,2025-04-23,21,7146.42,CAD
100,S01,TIRE-0077,2025-04-23,13,2288.15,CAD
100,S02,LUBE-0048,2025-04-23,17,3922.79,CAD
100,S04,SEED-0041,2025-04-24,25,3574.05,CAD
100,S02,TIRE-0024,2025-04-24,18,8085.77,CAD
100,S04,HDWR-0038,2025-04-24,19,3842.59,CAD
100,S06,LUBE-0037,2025-04-24,19,2482.47,CAD
100,S03,SEED-0056,2025-04-24,21,1760.81,CAD
100,S02,HDWR-0011,2025-04-24,16,1934.48,CAD
100,S04,HDWR-0060,2025-04-25,30,7976.93,CAD
100,S05,TIRE-0045,2025-04-25,16,7295.9,CAD
100,S02,FEED-0040,2025-04-25,31,12276.19,CAD
100,S02,TIRE-0045,2025-04-25,16,7476.79,CAD
100,S01,HDWR-0058,2025-04-25,32,10639.79,CAD
100,S01,TIRE-0077,2025-04-25,17,2928.36,CAD
100,S06,HDWR-0047,2025-04-25,25,5118.61,CAD
100,S04,FEED-0074,2025-04-26,46,8884.02,CAD
100,S01,FUEL-0069,2025-04-26,24,11762.58,CAD
100,S04,FUEL-0028,2025-04-26,28,15852.29,CAD
100,S06,LUBE-0031,2025-04-27,24,11035.79,CAD
100,S05,FUEL-0023,2025-04-27,18,7204.97,CAD
100,S06,SEED-0041,2025-04-28,41,5373.47,CAD
100,S04,FEED-0040,2025-04-28,37,13282.38,CAD
100,S05,FUEL-0066,2025-04-28,22,5626.63,CAD
100,S04,LUBE-0036,2025-04-28,13,1325.56,CAD
100,S03,TIRE-0009,2025-04-28,20,2102.61,CAD
100,S05,SEED-0078,2025-04-28,58,3803.89,CAD
100,S05,TIRE-0076,2025-04-28,33,16971.47,CAD
100,S01,TIRE-0005,2025-04-28,26,1415.61,CAD
100,S05,HDWR-0030,2025-04-28,20,2759.64,CAD
100,S06,SEED-0013,2025-04-29,16,5902.64,CAD
100,S03,LUBE-0050,2025-04-29,13,4308.25,CAD
100,S02,FEED-0057,2025-04-29,8,3789.0,CAD
100,S02,SEED-0007,2025-04-29,43,5609.91,CAD
100,S05,LUBE-0039,2025-04-29,6,2299.33,CAD
100,S03,LUBE-0002,2025-04-30,13,2192.42,CAD
100,S03,LUBE-0068,2025-04-30,22,10048.78,CAD
100,S02,LUBE-0035,2025-04-30,15,714.63,CAD
100,S02,HDWR-0011,2025-04-30,16,2184.16,CAD
100,S05,HDWR-0011,2025-04-30,18,2307.06,CAD
100,S03,LUBE-0048,2025-04-30,11,2542.99,CAD
100,S02,LUBE-0002,2025-05-01,21,3732.28,CAD
100,S03,SEED-0041,2025-05-01,4,476.49,CAD
100,S04,FUEL-0049,2025-05-02,22,1727.3,CAD
100,S05,TIRE-0045,2025-05-02,23,11709.08,CAD
100,S05,HDWR-0052,2025-05-02,18,9573.77,CAD
100,S06,TIRE-0008,2025-05-02,24,6897.82,CAD
100,S05,HDWR-0043,2025-05-02,11,1809.56,CAD
100,S01,SEED-0056,2025-05-02,73,6486.47,CAD
100,S04,HDWR-0038,2025-05-02,16,3261.43,CAD
100,S04,LUBE-0050,2025-05-02,15,4329.25,CAD
100,S05,SEED-0063,2025-05-02,49,20322.51,CAD
100,S02,HDWR-0038,2025-05-02,23,4768.01,CAD
100,S04,LUBE-0031,2025-05-02,18,8197.07,CAD
100,S01,HDWR-0059,2025-05-03,23,4833.42,CAD
100,S03,LUBE-0001,2025-05-03,23,1620.19,CAD
100,S03,FUEL-0049,2025-05-03,14,1112.2,CAD
100,S04,LUBE-0039,2025-05-04,30,12402.7,CAD
100,S03,HDWR-0006,2025-05-04,19,545.34,CAD
100,S03,LUBE-0002,2025-05-05,22,3394.74,CAD
100,S06,LUBE-0034,2025-05-05,17,7779.64,CAD
100,S02,SEED-0041,2025-05-05,62,8422.69,CAD
100,S04,HDWR-0006,2025-05-05,13,355.96,CAD
100,S06,LUBE-0034,2025-05-05,18,10136.83,CAD
100,S05,SEED-0055,2025-05-06,90,40356.31,CAD
100,S02,FEED-0040,2025-05-06,14,5411.61,CAD
100,S04,TIRE-0061,2025-05-06,13,6386.41,CAD
100,S02,FUEL-0066,2025-05-06,17,3887.95,CAD
100,S03,LUBE-0002,2025-05-06,13,1819.81,CAD
100,S02,TIRE-0045,2025-05-06,12,5777.51,CAD
100,S03,HDWR-0018,2025-05-06,17,988.52,CAD
100,S01,HDWR-0022,2025-05-06,20,1153.44,CAD
100,S01,FUEL-0079,2025-05-07,16,7615.26,CAD
100,S06,TIRE-0008,2025-05-07,14,5097.02,CAD
100,S01,LUBE-0035,2025-05-07,8,396.18,CAD
100,S03,TIRE-0021,2025-05-07,9,760.84,CAD
100,S06,SEED-0062,2025-05-07,37,14381.93,CAD
100,S01,HDWR-0060,2025-05-07,8,2333.91,CAD
100,S03,TIRE-0064,2025-05-07,20,8921.89,CAD
100,S03,LUBE-0002,2025-05-07,23,3801.39,CAD
100,S04,FUEL-0023,2025-05-07,8,3233.79,CAD
100,S05,FUEL-0069,2025-05-08,22,11300.97,CAD
100,S01,TIRE-0061,2025-05-08,22,10930.01,CAD
100,S05,TIRE-0005,2025-05-08,11,607.7,CAD
100,S05,TIRE-0009,2025-05-08,13,1538.04,CAD
100,S01,SEED-0004,2025-05-08,56,19947.95,CAD
100,S05,TIRE-0061,2025-05-08,17,8003.1,CAD
100,S04,SEED-0004,2025-05-08,47,16016.76,CAD
100,S02,HDWR-0022,2025-05-08,21,1200.59,CAD
100,S01,TIRE-0073,2025-05-08,20,7184.83,CAD
100,S06,LUBE-0010,2025-05-09,15,5181.1,CAD
100,S04,TIRE-0009,2025-05-09,21,2323.2,CAD
100,S01,HDWR-0053,2025-05-09,11,2547.82,CAD
100,S02,FUEL-0019,2025-05-09,18,6484.39,CAD
100,S01,FUEL-0019,2025-05-09,17,5426.2,CAD
100,S05,FUEL-0028,2025-05-09,17,8564.48,CAD
100,S02,HDWR-0011,2025-05-09,32,4297.97,CAD
100,S05,FEED-0003,2025-05-09,32,2552.07,CAD
100,S01,FUEL-0079,2025-05-09,10,4421.74,CAD
100,S04,TIRE-0061,2025-05-10,20,8329.15,CAD
100,S03,HDWR-0018,2025-05-10,16,1118.76,CAD
100,S02,TIRE-0005,2025-05-11,24,1217.93,CAD
100,S02,TIRE-0012,2025-05-11,29,5013.35,CAD
100,S04,FUEL-0072,2025-05-12,21,9721.95,CAD
100,S04,FUEL-0028,2025-05-12,3,1560.32,CAD
100,S01,TIRE-0008,2025-05-12,12,3945.61,CAD
100,S05,SEED-0004,2025-05-12,43,17138.49,CAD
100,S06,FEED-0057,2025-05-12,36,15926.83,CAD
100,S03,HDWR-0030,2025-05-12,9,1342.46,CAD
100,S05,HDWR-0006,2025-05-12,15,372.27,CAD
100,S05,FEED-0029,2025-05-12,60,26690.02,CAD
100,S02,TIRE-0024,2025-05-12,16,8214.88,CAD
100,S02,LUBE-0002,2025-05-13,21,3535.06,CAD
100,S06,SEED-0063,2025-05-13,47,19793.99,CAD
100,S03,LUBE-0002,2025-05-13,18,2609.22,CAD
100,S01,FUEL-0028,2025-05-13,17,8035.26,CAD
100,S05,FEED-0003,2025-05-13,30,2406.77,CAD
100,S01,TIRE-0073,2025-05-13,17,5121.68,CAD
100,S05,LUBE-0050,2025-05-13,20,6657.1,CAD
100,S04,LUBE-0034,2025-05-14,18,10292.77,CAD
100,S01,HDWR-0011,2025-05-14,15,1709.52,CAD
100,S05,HDWR-0043,2025-05-14,23,3836.11,CAD
100,S01,SEED-0020,2025-05-14,60,22002.06,CAD
100,S06,LUBE-0034,2025-05-14,24,11690.5,CAD
100,S03,LUBE-0031,2025-05-14,18,8030.07,CAD
100,S04,SEED-0004,2025-05-14,25,9597.73,CAD
100,S03,FEED-0033,2025-05-14,79,29840.7,CAD
100,S01,SEED-0007,2025-05-15,29,3245.6,CAD
100,S03,HDWR-0018,2025-05-15,26,1756.22,CAD
100,S05,HDWR-0058,2025-05-15,21,7736.85,CAD
100,S01,LUBE-0037,2025-05-15,26,3313.41,CAD
100,S03,LUBE-0068,2025-05-15,29,13908.71,CAD
100,S06,LUBE-0034,2025-05-15,16,7574.63,CAD
100,S04,FUEL-0025,2025-05-15,11,3245.53,CAD
100,S01,HDWR-0059,2025-05-15,33,6123.43,CAD
100,S02,TIRE-0012,2025-05-15,2,324.08,CAD
100,S05,HDWR-0018,2025-05-15,3,197.01,CAD
100,S05,FEED-0014,2025-05-16,56,18955.79,CAD
100,S06,FUEL-0023,2025-05-16,22,11316.08,CAD
100,S05,TIRE-0045,2025-05-16,28,14893.02,CAD
100,S01,FUEL-0015,2025-05-16,19,2657.34,CAD
100,S02,SEED-0078,2025-05-16,45,3084.0,CAD
100,S05,FUEL-0017,2025-05-16,23,1391.37,CAD
100,S04,FUEL-0019,2025-05-16,20,7375.79,CAD
100,S03,TIRE-0009,2025-05-16,9,932.49,CAD
100,S06,SEED-0004,2025-05-16,76,30025.5,CAD
100,S04,LUBE-0002,2025-05-16,8,1343.88,CAD
100,S03,SEED-0056,2025-05-16,48,4908.29,CAD
100,S04,FUEL-0019,2025-05-17,16,5220.35,CAD
100,S06,FEED-0029,2025-05-17,33,13599.1,CAD
100,S01,FUEL-0080,2025-05-17,30,3966.88,CAD
100,S02,SEED-0063,2025-05-18,19,6659.61,CAD
100,S01,FEED-0054,2025-05-18,25,6433.37,CAD
100,S01,SEED-0041,2025-05-18,44,6260.06,CAD
100,S04,FUEL-0017,2025-05-18,15,964.44,CAD
100,S05,LUBE-0001,2025-05-18,14,951.11,CAD
100,S06,FEED-0054,2025-05-19,57,18079.13,CAD
100,S05,HDWR-0053,2025-05-19,5,956.23,CAD
100,S04,TIRE-0005,2025-05-19,13,837.96,CAD
100,S05,FEED-0014,2025-05-19,36,15725.96,CAD
100,S02,FUEL-0019,2025-05-19,26,8041.7,CAD
100,S06,FEED-0054,2025-05-19,29,8793.23,CAD
100,S04,FEED-0003,2025-05-20,54,4801.0,CAD
100,S03,LUBE-0036,2025-05-20,16,1462.85,CAD
100,S01,FEED-0032,2025-05-20,41,9401.38,CAD
100,S02,SEED-0055,2025-05-20,37,15731.26,CAD
100,S05,LUBE-0037,2025-05-20,23,3592.41,CAD
100,S01,FUEL-0069,2025-05-20,9,5430.99,CAD
100,S02,HDWR-0006,2025-05-20,20,486.25,CAD
100,S02,TIRE-0008,2025-05-21,32,9770.86,CAD
100,S01,SEED-0078,2025-05-21,69,4223.65,CAD
100,S04,LUBE-0039,2025-05-21,24,9884.52,CAD
100,S01,LUBE-0031,2025-05-21,18,7314.63,CAD
100,S06,FUEL-0046,2025-05-21,13,1835.15,CAD
100,S05,FEED-0044,2025-05-22,62,28100.07,CAD
100,S01,FEED-0016,2025-05-22,33,17397.83,CAD
100,S04,LUBE-0001,2025-05-22,23,1726.89,CAD
100,S01,FEED-0054,2025-05-22,24,6821.67,CAD
100,S03,LUBE-0050,2025-05-22,5,1570.6,CAD
100,S03,SEED-0063,2025-05-22,46,18888.27,CAD
100,S03,TIRE-0024,2025-05-23,16,7855.44,CAD
100,S06,HDWR-0022,2025-05-23,17,818.64,CAD
100,S02,FUEL-0051,2025-05-23,24,9553.83,CAD
100,S04,TIRE-0005,2025-05-23,29,1698.89,CAD
100,S03,TIRE-0012,2025-05-23,2,279.49,CAD
100,S04,FUEL-0015,2025-05-24,28,4320.48,CAD
100,S04,LUBE-0001,2025-05-24,9,704.94,CAD
100,S02,FUEL-0028,2025-05-24,5,3029.4,CAD
100,S05,FUEL-0015,2025-05-25,22,3539.98,CAD
100,S05,FEED-0029,2025-05-25,56,25046.91,CAD
100,S02,TIRE-0009,2025-05-25,24,2435.37,CAD
100,S01,LUBE-0039,2025-05-25,17,6994.75,CAD
100,S01,HDWR-0030,2025-05-26,22,3088.3,CAD
100,S04,SEED-0071,2025-05-26,37,19072.61,CAD
100,S03,HDWR-0030,2025-05-26,15,2274.11,CAD
100,S04,LUBE-0036,2025-05-26,7,646.28,CAD
100,S03,FEED-0016,2025-05-26,22,10937.2,CAD
100,S02,SEED-0013,2025-05-26,22,8495.07,CAD
100,S05,LUBE-0048,2025-05-26,14,3449.54,CAD
100,S04,SEED-0020,2025-05-26,43,18945.3,CAD
100,S06,HDWR-0030,2025-05-27,5,770.72,CAD
100,S03,SEED-0020,2025-05-27,47,20102.2,CAD
100,S03,LUBE-0048,2025-05-27,10,2506.92,CAD
100,S04,HDWR-0060,2025-05-27,22,6358.97,CAD
100,S04,SEED-0004,2025-05-27,55,18822.9,CAD
100,S03,SEED-0063,2025-05-27,46,16350.11,CAD
100,S02,FEED-0003,2025-05-27,53,3978.57,CAD
100,S05,LUBE-0039,2025-05-27,14,5815.02,CAD
100,S03,FUEL-0023,2025-05-27,11,4667.88,CAD
100,S02,HDWR-0058,2025-05-28,11,3683.46,CAD
100,S01,HDWR-0018,2025-05-28,17,1041.47,CAD
100,S02,FEED-0044,2025-05-28,36,17487.51,CAD
100,S06,FEED-0054,2025-05-28,1,254.93,CAD
100,S03,SEED-0004,2025-05-28,4,1695.23,CAD
100,S06,TIRE-0076,2025-05-28,16,7444.94,CAD
100,S03,HDWR-0043,2025-05-28,18,2651.04,CAD
100,S06,SEED-0004,2025-05-28,30,11262.1,CAD
100,S05,SEED-0042,2025-05-29,53,21831.46,CAD
100,S03,LUBE-0002,2025-05-29,12,1730.95,CAD
100,S05,LUBE-0065,2025-05-29,24,5111.04,CAD
100,S03,FEED-0044,2025-05-29,42,18520.4,CAD
100,S04,FUEL-0017,2025-05-29,17,1170.66,CAD
100,S06,FUEL-0023,2025-05-29,13,5332.73,CAD
100,S01,FEED-0014,2025-05-29,45,18875.43,CAD
100,S04,FEED-0016,2025-05-30,51,28741.48,CAD
100,S05,TIRE-0021,2025-05-30,20,1709.08,CAD
100,S01,LUBE-0048,2025-05-30,14,3491.12,CAD
100,S02,SEED-0071,2025-05-30,74,30704.24,CAD
100,S04,FEED-0014,2025-05-30,45,17699.11,CAD
100,S01,LUBE-0010,2025-05-30,24,9065.5,CAD
100,S01,SEED-0004,2025-05-30,10,3996.3,CAD
100,S04,HDWR-0011,2025-05-30,24,3321.0,CAD
100,S03,TIRE-0005,2025-05-31,13,722.77,CAD
100,S02,HDWR-0059,2025-05-31,15,3002.32,CAD
100,S04,LUBE-0036,2025-05-31,5,561.62,CAD
100,S02,FEED-0057,2025-05-31,27,11940.72,CAD
100,S02,FEED-0070,2025-06-01,32,10179.38,CAD
100,S03,FUEL-0051,2025-06-01,17,6688.24,CAD
100,S03,SEED-0071,2025-06-01,40,20323.23,CAD
100,S06,HDWR-0060,2025-06-01,24,6383.4,CAD
100,S01,FEED-0074,2025-06-02,48,11014.28,CAD
100,S02,TIRE-0008,2025-06-02,29,10535.6,CAD
100,S02,HDWR-0059,2025-06-02,20,4358.99,CAD
100,S03,LUBE-0039,2025-06-02,27,9565.82,CAD
100,S04,FEED-0003,2025-06-02,26,2241.84,CAD
100,S01,LUBE-0039,2025-06-02,9,3333.99,CAD
100,S03,TIRE-0064,2025-06-02,18,6442.6,CAD
100,S06,LUBE-0002,2025-06-02,4,668.35,CAD
100,S05,FEED-0014,2025-06-02,49,19327.16,CAD
100,S02,HDWR-0022,2025-06-02,14,791.96,CAD
100,S05,LUBE-0031,2025-06-03,1,397.97,CAD
100,S05,LUBE-0034,2025-06-03,16,7569.57,CAD
100,S02,FUEL-0025,2025-06-03,18,5224.04,CAD
100,S01,FUEL-0046,2025-06-03,18,1952.53,CAD
100,S01,TIRE-0008,2025-06-03,10,3437.33,CAD
100,S05,HDWR-0052,2025-06-03,9,4495.21,CAD
100,S02,FUEL-0051,2025-06-03,21,8840.37,CAD
100,S01,FUEL-0017,2025-06-04,18,1193.46,CAD
100,S01,HDWR-0030,2025-06-04,30,4473.6,CAD
100,S01,LUBE-0035,2025-06-04,30,1322.66,CAD
100,S01,FEED-0075,2025-06-04,19,5841.45,CAD
100,S01,HDWR-0018,2025-06-04,21,1305.01,CAD
100,S01,LUBE-0026,2025-06-04,21,995.59,CAD
100,S05,FEED-0040,2025-06-04,24,10068.39,CAD
100,S02,LUBE-0050,2025-06-04,20,6385.46,CAD
100,S05,FEED-0044,2025-06-04,17,9633.77,CAD
100,S05,SEED-0013,2025-06-04,36,13243.67,CAD
100,S01,HDWR-0030,2025-06-04,23,3645.0,CAD
100,S06,HDWR-0030,2025-06-05,4,699.79,CAD
100,S04,LUBE-0036,2025-06-05,27,2617.2,CAD
100,S01,SEED-0004,2025-06-05,34,12926.09,CAD
100,S06,TIRE-0021,2025-06-05,17,1229.23,CAD
100,S02,FUEL-0025,2025-06-05,17,5721.25,CAD
100,S01,SEED-0041,2025-06-05,26,3114.75,CAD
100,S06,FEED-0075,2025-06-05,46,12261.5,CAD
100,S06,HDWR-0060,2025-06-05,17,4496.2,CAD
100,S05,HDWR-0060,2025-06-06,24,7522.27,CAD
100,S05,TIRE-0012,2025-06-06,7,1039.86,CAD
100,S03,LUBE-0001,2025-06-06,8,602.39,CAD
100,S02,LUBE-0027,2025-06-06,20,2838.08,CAD
100,S02,TIRE-0008,2025-06-06,17,5408.02,CAD
100,S03,FUEL-0066,2025-06-07,27,6382.21,CAD
100,S06,SEED-0041,2025-06-07,48,6163.64,CAD
100,S05,FEED-0014,2025-06-08,36,14462.63,CAD
100,S03,FEED-0032,2025-06-09,43,7946.8,CAD
100,S04,FEED-0054,2025-06-09,30,7722.78,CAD
100,S05,SEED-0007,2025-06-09,24,2692.96,CAD
100,S06,FEED-0003,2025-06-09,29,2631.24,CAD
100,S05,HDWR-0011,2025-06-09,20,2369.82,CAD
100,S02,LUBE-0048,2025-06-09,13,3016.9,CAD
100,S04,TIRE-0008,2025-06-10,31,10006.34,CAD
100,S06,FUEL-0028,2025-06-10,15,8128.74,CAD
100,S01,FUEL-0046,2025-06-10,24,2952.18,CAD
100,S03,LUBE-0026,2025-06-10,18,839.71,CAD
100,S04,FEED-0057,2025-06-10,16,7288.01,CAD
100,S02,LUBE-0027,2025-06-10,6,857.8,CAD
100,S01,FUEL-0015,2025-06-10,10,1485.97,CAD
100,S02,LUBE-0039,2025-06-10,28,10285.41,CAD
100,S03,LUBE-0036,2025-06-10,13,1185.84,CAD
100,S05,LUBE-0050,2025-06-10,19,5684.37,CAD
100,S01,FEED-0054,2025-06-11,13,3978.65,CAD
100,S02,HDWR-0006,2025-06-11,16,415.31,CAD
100,S04,LUBE-0065,2025-06-11,24,4715.21,CAD
100,S06,LUBE-0048,2025-06-11,30,7100.55,CAD
100,S02,HDWR-0060,2025-06-11,22,5922.79,CAD
100,S06,SEED-0056,2025-06-12,27,2154.47,CAD
100,S05,LUBE-0001,2025-06-12,15,1003.6,CAD
100,S03,LUBE-0065,2025-06-12,13,2671.47,CAD
100,S04,TIRE-0012,2025-06-12,13,2201.86,CAD
100,S03,LUBE-0031,2025-06-12,19,9492.08,CAD
100,S05,TIRE-0005,2025-06-12,8,491.19,CAD
100,S05,SEED-0062,2025-06-12,43,14106.3,CAD
100,S03,SEED-0013,2025-06-12,31,14376.04,CAD
100,S03,LUBE-0034,2025-06-12,26,12253.02,CAD
100,S04,SEED-0007,2025-06-12,28,3819.69,CAD
100,S04,TIRE-0045,2025-06-12,17,8082.49,CAD
100,S05,HDWR-0052,2025-06-13,31,16419.29,CAD
100,S06,LUBE-0048,2025-06-13,11,2659.36,CAD
100,S01,FEED-0074,2025-06-13,26,6142.22,CAD
100,S01,HDWR-0043,2025-06-13,29,4704.24,CAD
100,S04,HDWR-0053,2025-06-13,21,3735.45,CAD
100,S05,SEED-0055,2025-06-13,37,15401.3,CAD
100,S01,FUEL-0028,2025-06-13,9,5065.19,CAD
100,S04,FEED-0003,2025-06-13,38,3209.23,CAD
100,S04,FEED-0054,2025-06-13,27,8470.53,CAD
100,S05,HDWR-0058,2025-06-14,8,2746.13,CAD
100,S03,SEED-0056,2025-06-14,32,3096.45,CAD
100,S06,HDWR-0022,2025-06-15,15,792.45,CAD
100,S06,FEED-0003,2025-06-15,19,1455.89,CAD
100,S06,FEED-0016,2025-06-15,17,8782.58,CAD
100,S06,LUBE-0034,2025-06-16,22,11889.97,CAD
100,S05,LUBE-0010,2025-06-16,12,5099.78,CAD
100,S02,HDWR-0052,2025-06-16,2,1090.37,CAD
100,S04,LUBE-0002,2025-06-16,9,1298.13,CAD
100,S02,FUEL-0069,2025-06-16,9,4670.9,CAD
100,S04,HDWR-0030,2025-06-16,27,4803.47,CAD
100,S04,FUEL-0069,2025-06-16,24,13880.23,CAD
100,S02,LUBE-0034,2025-06-16,13,5790.87,CAD
100,S03,LUBE-0031,2025-06-17,32,13828.51,CAD
100,S05,TIRE-0073,2025-06-17,14,5336.22,CAD
100,S05,FUEL-0049,2025-06-17,22,2039.99,CAD
100,S02,FEED-0057,2025-06-17,42,15737.42,CAD
100,S05,LUBE-0034,2025-06-17,1,479.68,CAD
100,S05,FUEL-0072,2025-06-17,14,6890.41,CAD
100,S04,LUBE-0010,2025-06-17,17,6510.76,CAD
100,S06,FUEL-0049,2025-06-17,17,1293.37,CAD
100,S02,LUBE-0001,2025-06-18,12,942.65,CAD
100,S04,SEED-0020,2025-06-18,31,12889.18,CAD
100,S04,HDWR-0006,2025-06-18,21,577.86,CAD
100,S06,SEED-0004,2025-06-18,10,4090.45,CAD
100,S02,HDWR-0059,2025-06-18,7,1697.6,CAD
100,S02,TIRE-0073,2025-06-18,16,5596.26,CAD
100,S01,LUBE-0036,2025-06-19,25,2497.16,CAD
100,S02,FUEL-0051,2025-06-19,14,4976.03,CAD
100,S05,TIRE-0005,2025-06-19,18,1060.85,CAD
100,S01,HDWR-0059,2025-06-19,18,4011.57,CAD
100,S03,FUEL-0028,2025-06-19,20,11211.55,CAD
100,S06,HDWR-0067,2025-06-19,21,220.09,CAD
100,S04,FUEL-0028,2025-06-19,21,11602.24,CAD
100,S01,FEED-0075,2025-06-20,34,9394.69,CAD
100,S02,LUBE-0002,2025-06-20,16,2559.11,CAD
100,S05,LUBE-0035,2025-06-20,5,271.98,CAD
100,S02,TIRE-0008,2025-06-20,21,7202.62,CAD
100,S03,FUEL-0049,2025-06-20,18,1377.54,CAD
100,S04,FEED-0032,2025-06-20,32,7374.65,CAD
100,S05,FUEL-0066,2025-06-20,13,2853.08,CAD
100,S06,LUBE-0036,2025-06-20,20,1984.77,CAD
100,S02,SEED-0020,2025-06-21,36,12598.53,CAD
100,S04,HDWR-0052,2025-06-21,16,8087.39,CAD
100,S05,SEED-0078,2025-06-22,31,2111.59,CAD
100,S05,HDWR-0053,2025-06-22,17,3392.93,CAD
100,S04,LUBE-0010,2025-06-22,17,7377.9,CAD
100,S05,TIRE-0076,2025-06-22,20,10484.58,CAD
100,S03,FUEL-0028,2025-06-23,7,4028.9,CAD
100,S03,TIRE-0024,2025-06-23,24,10991.02,CAD
100,S03,FEED-0032,2025-06-23,22,4622.61,CAD
100,S05,SEED-0007,2025-06-23,48,6790.01,CAD
100,S05,LUBE-0026,2025-06-23,13,664.92,CAD
100,S02,HDWR-0011,2025-06-23,17,2480.89,CAD
100,S01,HDWR-0052,2025-06-23,32,14804.65,CAD
100,S06,SEED-0007,2025-06-23,33,4765.63,CAD
100,S06,FEED-0040,2025-06-24,24,7881.41,CAD
100,S06,LUBE-0037,2025-06-24,13,2061.75,CAD
100,S02,LUBE-0010,2025-06-24,17,6592.74,CAD
100,S06,SEED-0056,2025-06-24,29,2547.56,CAD
100,S03,LUBE-0002,2025-06-24,10,1424.76,CAD
100,S05,SEED-0004,2025-06-24,61,22290.45,CAD
100,S05,LUBE-0034,2025-06-24,23,13132.35,CAD
100,S06,TIRE-0005,2025-06-25,24,1380.04,CAD
100,S04,HDWR-0053,2025-06-25,34,6177.2,CAD
100,S04,FEED-0040,2025-06-25,27,9497.77,CAD
100,S01,SEED-0013,2025-06-25,41,15653.03,CAD
100,S01,HDWR-0022,2025-06-25,20,1051.15,CAD
100,S01,TIRE-0045,2025-06-25,18,8816.8,CAD
100,S06,FUEL-0019,2025-06-26,13,4742.41,CAD
100,S06,TIRE-0077,2025-06-26,26,4215.98,CAD
100,S02,SEED-0062,2025-06-26,29,10261.02,CAD
100,S03,HDWR-0038,2025-06-26,19,3806.35,CAD
100,S03,HDWR-0058,2025-06-26,17,5251.53,CAD
100,S01,SEED-0056,2025-06-26,28,2543.2,CAD
100,S04,FUEL-0069,2025-06-26,26,13098.19,CAD
100,S05,HDWR-0022,2025-06-26,15,756.75,CAD
100,S03,FUEL-0025,2025-06-26,16,4458.45,CAD
100,S05,TIRE-0045,2025-06-27,15,7678.93,CAD
100,S03,LUBE-0034,2025-06-27,12,6516.33,CAD
100,S06,SEED-0007,2025-06-27,21,2671.58,CAD
100,S06,LUBE-0002,2025-06-27,18,2690.46,CAD
100,S06,SEED-0004,2025-06-27,26,8912.68,CAD
100,S04,FUEL-0049,2025-06-27,19,1725.45,CAD
100,S02,HDWR-0006,2025-06-27,6,165.13,CAD
100,S05,FEED-0057,2025-06-28,22,9089.98,CAD
100,S03,FUEL-0049,2025-06-28,14,1095.76,CAD
100,S06,LUBE-0027,2025-06-29,7,859.6,CAD
100,S03,HDWR-0060,2025-06-29,19,5216.84,CAD
100,S05,FEED-0003,2025-06-29,48,4383.17,CAD
100,S06,LUBE-0065,2025-06-30,26,5690.27,CAD
100,S01,HDWR-0022,2025-06-30,16,953.45,CAD
100,S02,LUBE-0037,2025-06-30,22,3420.47,CAD
100,S04,FUEL-0019,2025-06-30,20,6450.78,CAD
100,S03,SEED-0013,2025-06-30,14,5933.84,CAD
100,S02,FEED-0044,2025-06-30,25,13525.38,CAD
100,S02,LUBE-0031,2025-06-30,16,7630.7,CAD
100,S03,TIRE-0005,2025-06-30,15,971.43,CAD
100,S05,FEED-0029,2025-06-30,22,11609.41,CAD
100,S03,LUBE-0036,2025-06-30,20,2030.09,CAD
100,S06,HDWR-0018,2025-07-01,10,690.16,CAD
100,S04,HDWR-0011,2025-07-01,18,2469.85,CAD
100,S04,FUEL-0017,2025-07-01,20,1396.28,CAD
100,S01,FUEL-0049,2025-07-01,23,1885.18,CAD
100,S02,LUBE-0002,2025-07-01,17,2706.65,CAD
100,S02,FEED-0003,2025-07-01,13,1068.15,CAD
100,S04,SEED-0007,2025-07-01,16,1892.45,CAD
100,S06,FUEL-0017,2025-07-02,8,542.36,CAD
100,S03,SEED-0055,2025-07-02,14,6355.85,CAD
100,S05,FUEL-0080,2025-07-02,17,2171.83,CAD
100,S02,FEED-0016,2025-07-02,15,6887.36,CAD
100,S02,HDWR-0047,2025-07-02,8,1954.45,CAD
100,S03,HDWR-0060,2025-07-02,32,10532.69,CAD
100,S06,LUBE-0035,2025-07-02,14,646.91,CAD
100,S06,LUBE-0037,2025-07-03,16,2272.94,CAD
100,S05,FEED-0016,2025-07-03,21,9513.3,CAD
100,S01,FUEL-0072,2025-07-03,16,7068.32,CAD
100,S03,FUEL-0028,2025-07-03,8,4765.17,CAD
100,S06,SEED-0041,2025-07-03,22,2852.71,CAD
100,S02,LUBE-0002,2025-07-03,25,4281.97,CAD
100,S01,SEED-0055,2025-07-03,11,5027.11,CAD
100,S04,SEED-0020,2025-07-03,17,7580.14,CAD
100,S01,HDWR-0052,2025-07-03,22,12287.38,CAD
100,S05,HDWR-0047,2025-07-03,22,4707.99,CAD
100,S03,LUBE-0010,2025-07-04,28,9515.45,CAD
100,S06,HDWR-0030,2025-07-04,15,2538.76,CAD
100,S04,TIRE-0012,2025-07-04,14,2184.07,CAD
100,S05,TIRE-0045,2025-07-04,18,8492.6,CAD
100,S03,TIRE-0008,2025-07-04,21,6167.1,CAD
100,S05,FEED-0032,2025-07-04,19,3774.0,CAD
100,S05,FEED-0057,2025-07-04,15,7365.71,CAD
100,S06,SEED-0013,2025-07-04,19,8988.73,CAD
100,S05,HDWR-0060,2025-07-04,8,2060.38,CAD
100,S02,FEED-0075,2025-07-04,20,5869.17,CAD
100,S05,FEED-0016,2025-07-05,17,9418.08,CAD
100,S05,FUEL-0051,2025-07-05,24,9766.65,CAD
100,S03,FEED-0070,2025-07-06,17,4459.49,CAD
100,S04,SEED-0056,2025-07-06,14,1199.33,CAD
100,S02,FUEL-0025,2025-07-06,14,4448.88,CAD
100,S02,SEED-0042,2025-07-07,17,8053.84,CAD
100,S05,FUEL-0080,2025-07-07,12,1734.11,CAD
100,S04,FEED-0057,2025-07-07,23,10575.65,CAD
100,S06,FEED-0029,2025-07-07,11,5269.83,CAD
100,S06,FEED-0044,2025-07-07,18,9453.62,CAD
100,S05,FEED-0003,2025-07-07,18,1360.14,CAD
100,S02,HDWR-0038,2025-07-07,19,4238.88,CAD
100,S06,LUBE-0002,2025-07-07,5,867.56,CAD
100,S03,HDWR-0043,2025-07-07,19,3076.05,CAD
100,S04,FUEL-0017,2025-07-08,32,1982.75,CAD
100,S06,TIRE-0073,2025-07-08,23,7975.53,CAD
100,S02,FEED-0032,2025-07-08,16,3498.95,CAD
100,S04,TIRE-0024,2025-07-08,29,12694.82,CAD
100,S04,FUEL-0017,2025-07-08,17,1091.91,CAD
100,S02,HDWR-0060,2025-07-08,18,5854.72,CAD
100,S03,HDWR-0052,2025-07-08,17,9051.55,CAD
100,S02,LUBE-0001,2025-07-08,16,1138.65,CAD
100,S02,SEED-0007,2025-07-08,14,1841.59,CAD
100,S05,HDWR-0022,2025-07-08,19,1000.56,CAD
100,S02,LUBE-0039,2025-07-08,15,6194.83,CAD
100,S06,LUBE-0039,2025-07-09,32,11355.66,CAD
100,S03,TIRE-0061,2025-07-09,10,4610.2,CAD
100,S02,SEED-0056,2025-07-09,17,1658.17,CAD
100,S05,FUEL-0025,2025-07-09,18,6012.04,CAD
100,S06,FUEL-0046,2025-07-09,25,3024.01,CAD
100,S06,SEED-0063,2025-07-09,22,8458.6,CAD
100,S05,LUBE-0036,2025-07-09,19,2161.46,CAD
100,S06,FUEL-0017,2025-07-10,10,601.36,CAD
100,S05,LUBE-0037,2025-07-10,4,633.91,CAD
100,S03,HDWR-0030,2025-07-10,28,4067.89,CAD
100,S04,HDWR-0058,2025-07-10,19,6685.67,CAD
100,S02,LUBE-0039,2025-07-10,25,8586.59,CAD
100,S06,FUEL-0051,2025-07-10,3,1218.24,CAD
100,S05,FEED-0033,2025-07-11,17,6526.49,CAD
100,S03,HDWR-0052,2025-07-11,1,504.8,CAD
100,S05,LUBE-0035,2025-07-11,24,1256.43,CAD
100,S02,LUBE-0050,2025-07-11,24,8439.41,CAD
100,S02,FEED-0057,2025-07-11,19,7230.69,CAD
100,S01,FEED-0070,2025-07-11,27,7778.37,CAD
100,S04,HDWR-0011,2025-07-12,17,2134.75,CAD
100,S03,FUEL-0046,2025-07-12,18,2381.04,CAD
100,S03,SEED-0042,2025-07-12,16,7052.69,CAD
100,S02,SEED-0013,2025-07-13,10,3885.12,CAD
100,S03,SEED-0056,2025-07-13,18,1671.63,CAD
100,S05,FEED-0044,2025-07-13,16,8626.48,CAD
100,S05,FEED-0054,2025-07-13,19,4723.03,CAD
100,S04,LUBE-0010,2025-07-13,13,4855.32,CAD
100,S03,FEED-0033,2025-07-14,19,6544.69,CAD
100,S03,LUBE-0039,2025-07-14,20,6674.27,CAD
100,S05,HDWR-0053,2025-07-14,19,4177.51,CAD
100,S02,HDWR-0053,2025-07-14,10,1785.75,CAD
100,S01,HDWR-0053,2025-07-14,12,2229.65,CAD
100,S05,LUBE-0002,2025-07-14,13,2203.52,CAD
100,S03,HDWR-0018,2025-07-15,15,873.32,CAD
100,S03,LUBE-0027,2025-07-15,21,2696.28,CAD
100,S05,LUBE-0035,2025-07-15,24,1019.51,CAD
100,S03,LUBE-0027,2025-07-15,18,2551.61,CAD
100,S06,FUEL-0049,2025-07-15,1,96.36,CAD
100,S05,LUBE-0002,2025-07-15,19,2848.55,CAD
100,S06,HDWR-0022,2025-07-15,20,1086.31,CAD
100,S02,LUBE-0035,2025-07-15,10,425.07,CAD
100,S01,HDWR-0030,2025-07-15,7,1069.87,CAD
100,S06,FEED-0057,2025-07-16,19,8166.35,CAD
100,S05,LUBE-0037,2025-07-16,11,1498.63,CAD
100,S06,FUEL-0015,2025-07-16,20,3015.84,CAD
100,S01,LUBE-0026,2025-07-16,1,47.67,CAD
100,S01,LUBE-0036,2025-07-16,14,1486.93,CAD
100,S02,FEED-0029,2025-07-16,14,7509.38,CAD
100,S01,SEED-0055,2025-07-16,15,6311.79,CAD
100,S04,HDWR-0022,2025-07-17,10,588.48,CAD
100,S01,LUBE-0027,2025-07-17,21,3050.66,CAD
100,S02,FEED-0057,2025-07-17,14,5548.79,CAD
100,S02,LUBE-0065,2025-07-17,16,2980.39,CAD
100,S05,FEED-0044,2025-07-17,19,8997.0,CAD
100,S05,FUEL-0080,2025-07-17,16,2169.43,CAD
100,S04,HDWR-0018,2025-07-17,17,1123.35,CAD
100,S06,FEED-0029,2025-07-17,9,4273.44,CAD
100,S04,HDWR-0030,2025-07-17,14,1943.45,CAD
100,S06,LUBE-0035,2025-07-18,8,341.28,CAD
100,S04,HDWR-0060,2025-07-18,8,2070.91,CAD
100,S03,SEED-0041,2025-07-18,18,2719.73,CAD
100,S03,TIRE-0009,2025-07-18,8,956.71,CAD
100,S04,SEED-0042,2025-07-18,9,3756.89,CAD
100,S04,HDWR-0022,2025-07-18,20,983.33,CAD
100,S02,SEED-0020,2025-07-18,13,5351.5,CAD
100,S01,SEED-0078,2025-07-19,29,2113.75,CAD
100,S05,TIRE-0012,2025-07-19,24,3459.62,CAD
100,S06,LUBE-0050,2025-07-19,18,6013.17,CAD
100,S01,TIRE-0005,2025-07-20,14,697.49,CAD
100,S02,TIRE-0076,2025-07-20,20,10295.87,CAD
100,S05,SEED-0071,2025-07-20,26,13743.08,CAD
100,S05,LUBE-0039,2025-07-21,16,6738.84,CAD
100,S04,SEED-0042,2025-07-21,21,9301.6,CAD
100,S05,HDWR-0053,2025-07-21,20,4647.43,CAD
100,S03,FUEL-0025,2025-07-21,4,1226.94,CAD
100,S01,HDWR-0058,2025-07-21,20,7034.66,CAD
100,S03,HDWR-0067,2025-07-21,16,169.78,CAD
100,S01,FEED-0040,2025-07-22,13,4293.06,CAD
100,S02,SEED-0020,2025-07-22,27,11886.14,CAD
100,S04,LUBE-0026,2025-07-22,16,770.08,CAD
100,S01,FEED-0057,2025-07-22,11,5203.59,CAD
100,S02,FUEL-0019,2025-07-22,14,5032.36,CAD
100,S03,LUBE-0035,2025-07-22,13,619.5,CAD
100,S03,HDWR-0038,2025-07-22,11,2551.94,CAD
100,S02,SEED-0004,2025-07-22,19,7710.54,CAD
100,S06,SEED-0055,2025-07-22,25,11283.58,CAD
100,S04,TIRE-0009,2025-07-22,4,431.06,CAD
100,S05,HDWR-0018,2025-07-23,15,932.72,CAD
100,S05,FUEL-0046,2025-07-23,24,3153.22,CAD
100,S05,TIRE-0021,2025-07-23,15,1290.47,CAD
100,S06,FUEL-0072,2025-07-23,13,5511.42,CAD
100,S01,TIRE-0073,2025-07-23,14,4979.76,CAD
100,S02,TIRE-0021,2025-07-23,23,1642.44,CAD
100,S01,LUBE-0039,2025-07-23,2,731.26,CAD
100,S03,SEED-0071,2025-07-23,30,14801.57,CAD
100,S05,FEED-0032,2025-07-23,10,2344.77,CAD
100,S02,LUBE-0002,2025-07-24,19,3326.24,CAD
100,S05,LUBE-0010,2025-07-24,14,5482.03,CAD
100,S02,SEED-0013,2025-07-24,17,6641.39,CAD
100,S04,SEED-0062,2025-07-24,11,4349.64,CAD
100,S03,TIRE-0076,2025-07-24,19,9509.83,CAD
100,S06,SEED-0004,2025-07-24,12,5088.89,CAD
100,S02,LUBE-0031,2025-07-24,11,5405.49,CAD
100,S02,SEED-0004,2025-07-24,5,1785.67,CAD
100,S02,FUEL-0072,2025-07-25,12,5405.08,CAD
100,S05,FEED-0016,2025-07-25,15,7659.06,CAD
100,S01,LUBE-0010,2025-07-25,1,347.5,CAD
100,S06,SEED-0041,2025-07-25,12,1452.76,CAD
100,S05,FUEL-0079,2025-07-25,26,12660.16,CAD
100,S06,LUBE-0027,2025-07-25,11,1344.34,CAD
100,S04,FEED-0054,2025-07-25,18,4898.92,CAD
100,S02,SEED-0042,2025-07-25,23,10538.0,CAD
100,S04,LUBE-0036,2025-07-25,22,2318.0,CAD
100,S02,FUEL-0028,2025-07-25,22,12745.43,CAD
100,S01,TIRE-0045,2025-07-26,4,2135.92,CAD
100,S03,SEED-0056,2025-07-26,19,1578.26,CAD
100,S02,SEED-0063,2025-07-26,13,4718.98,CAD
100,S05,FUEL-0046,2025-07-27,7,932.1,CAD
100,S01,LUBE-0034,2025-07-27,18,8703.27,CAD
100,S01,HDWR-0006,2025-07-27,20,592.8,CAD
100,S06,FUEL-0023,2025-07-28,20,9668.07,CAD
100,S03,LUBE-0027,2025-07-28,11,1569.8,CAD
100,S05,TIRE-0024,2025-07-28,26,14033.78,CAD
100,S05,HDWR-0030,2025-07-28,25,3696.83,CAD
100,S01,HDWR-0030,2025-07-28,18,2670.84,CAD
100,S03,HDWR-0047,2025-07-28,9,1770.05,CAD
100,S03,LUBE-0002,2025-07-28,14,1910.68,CAD
100,S03,SEED-0042,2025-07-28,16,6939.04,CAD
100,S05,SEED-0013,2025-07-28,23,8775.31,CAD
100,S01,FEED-0032,2025-07-29,13,2580.84,CAD
100,S03,TIRE-0009,2025-07-29,26,2811.07,CAD
100,S05,SEED-0062,2025-07-29,8,3367.81,CAD
100,S01,HDWR-0059,2025-07-29,28,6232.32,CAD
100,S04,SEED-0041,2025-07-29,18,2263.58,CAD
100,S04,HDWR-0043,2025-07-29,21,3272.72,CAD
100,S05,SEED-0055,2025-07-29,13,5858.84,CAD
100,S03,LUBE-0010,2025-07-29,13,5632.81,CAD
100,S06,FUEL-0023,2025-07-29,17,6729.62,CAD
100,S02,TIRE-0024,2025-07-29,16,6797.21,CAD
100,S04,LUBE-0065,2025-07-30,31,6286.87,CAD
100,S04,HDWR-0053,2025-07-30,23,4381.14,CAD
100,S01,FEED-0003,2025-07-30,22,2076.77,CAD
100,S06,LUBE-0027,2025-07-30,17,2263.81,CAD
100,S02,FUEL-0017,2025-07-30,21,1190.52,CAD
100,S02,SEED-0041,2025-07-30,12,1760.18,CAD
100,S02,TIRE-0076,2025-07-30,19,9207.41,CAD
100,S01,SEED-0004,2025-07-30,19,7988.07,CAD
100,S03,LUBE-0027,2025-07-30,4,534.84,CAD
100,S02,LUBE-0027,2025-07-31,13,1789.53,CAD
100,S02,HDWR-0047,2025-07-31,15,3350.22,CAD
100,S02,FUEL-0015,2025-07-31,24,3561.22,CAD
100,S02,HDWR-0043,2025-07-31,18,2691.58,CAD
100,S01,SEED-0055,2025-07-31,20,8143.02,CAD
100,S03,FUEL-0025,2025-07-31,26,7559.86,CAD
100,S06,SEED-0007,2025-07-31,21,2490.37,CAD
100,S04,FUEL-0080,2025-07-31,21,3181.52,CAD
100,S03,HDWR-0052,2025-08-01,21,9077.72,CAD
100,S04,SEED-0063,2025-08-01,9,3810.59,CAD
100,S06,FEED-0032,2025-08-01,8,1630.73,CAD
100,S01,LUBE-0039,2025-08-01,17,6026.18,CAD
100,S02,LUBE-0048,2025-08-01,24,5787.95,CAD
100,S03,FEED-0057,2025-08-01,24,11065.99,CAD
100,S06,FEED-0044,2025-08-01,18,9930.19,CAD
100,S02,FEED-0054,2025-08-02,17,4448.75,CAD
100,S02,LUBE-0035,2025-08-02,9,491.18,CAD
100,S04,LUBE-0037,2025-08-02,10,1387.42,CAD
100,S01,LUBE-0065,2025-08-03,29,5608.87,CAD
100,S01,HDWR-0060,2025-08-03,26,6642.95,CAD
100,S04,FEED-0003,2025-08-04,20,1645.94,CAD
100,S01,LUBE-0001,2025-08-04,16,1218.09,CAD
100,S06,LUBE-0050,2025-08-04,17,4748.92,CAD
100,S03,FEED-0016,2025-08-04,22,11183.47,CAD
100,S05,LUBE-0026,2025-08-04,19,890.96,CAD
100,S03,TIRE-0024,2025-08-04,5,2518.85,CAD
100,S06,LUBE-0050,2025-08-04,1,293.54,CAD
100,S02,HDWR-0059,2025-08-04,30,6886.61,CAD
100,S05,LUBE-0034,2025-08-04,13,7295.63,CAD
100,S06,HDWR-0011,2025-08-05,25,3391.76,CAD
100,S06,LUBE-0050,2025-08-05,24,7035.79,CAD
100,S01,HDWR-0059,2025-08-05,12,2700.53,CAD
100,S06,HDWR-0053,2025-08-05,12,2715.46,CAD
100,S02,FEED-0029,2025-08-05,13,5370.39,CAD
100,S01,LUBE-0050,2025-08-05,26,7348.15,CAD
100,S04,FUEL-0028,2025-08-05,22,13206.93,CAD
100,S04,FEED-0054,2025-08-05,15,4467.91,CAD
100,S05,TIRE-0064,2025-08-05,29,11025.2,CAD
100,S05,FEED-0033,2025-08-06,23,9613.05,CAD
100,S01,HDWR-0011,2025-08-06,23,3281.16,CAD
100,S01,TIRE-0021,2025-08-06,19,1325.86,CAD
100,S06,TIRE-0005,2025-08-06,5,321.49,CAD
100,S01,SEED-0020,2025-08-06,15,5534.55,CAD
100,S01,LUBE-0026,2025-08-06,8,388.18,CAD
100,S03,HDWR-0011,2025-08-06,27,3744.45,CAD
100,S06,SEED-0013,2025-08-07,27,10057.39,CAD
100,S05,SEED-0013,2025-08-07,11,4987.39,CAD
100,S03,HDWR-0018,2025-08-07,3,207.61,CAD
100,S02,FEED-0016,2025-08-07,22,11928.44,CAD
100,S02,SEED-0041,2025-08-07,11,1629.55,CAD
100,S04,SEED-0056,2025-08-07,25,2529.53,CAD
100,S04,LUBE-0048,2025-08-07,7,1637.99,CAD
100,S02,LUBE-0010,2025-08-07,27,10579.12,CAD
100,S01,HDWR-0011,2025-08-07,25,3313.63,CAD
100,S06,FUEL-0015,2025-08-07,13,2348.42,CAD
100,S05,FEED-0016,2025-08-08,22,11958.44,CAD
100,S03,FEED-0016,2025-08-08,17,8360.37,CAD
100,S01,SEED-0007,2025-08-08,17,2068.84,CAD
100,S01,HDWR-0043,2025-08-08,15,2250.16,CAD
100,S03,SEED-0071,2025-08-08,17,8807.88,CAD
100,S02,SEED-0042,2025-08-08,18,7534.45,CAD
100,S01,LUBE-0010,2025-08-08,9,3126.92,CAD
100,S03,HDWR-0047,2025-08-08,5,1245.16,CAD
100,S05,HDWR-0060,2025-08-08,19,5648.37,CAD
100,S04,SEED-0055,2025-08-08,26,11107.46,CAD
100,S05,LUBE-0065,2025-08-08,27,5892.95,CAD
100,S05,FEED-0014,2025-08-08,16,6984.19,CAD
100,S05,HDWR-0047,2025-08-09,16,4039.95,CAD
100,S06,HDWR-0058,2025-08-09,21,7357.0,CAD
100,S02,HDWR-0059,2025-08-09,15,3358.86,CAD
100,S03,HDWR-0052,2025-08-10,20,8535.4,CAD
100,S01,FUEL-0049,2025-08-10,7,527.46,CAD
100,S02,FUEL-0015,2025-08-10,30,4788.95,CAD
100,S02,FEED-0054,2025-08-10,18,4761.37,CAD
100,S01,LUBE-0001,2025-08-11,17,1344.96,CAD
100,S03,FEED-0016,2025-08-11,18,10380.65,CAD
100,S05,FUEL-0023,2025-08-11,20,8223.84,CAD
100,S05,LUBE-0002,2025-08-11,16,2282.56,CAD
100,S03,FUEL-0025,2025-08-11,24,8733.14,CAD
100,S03,HDWR-0030,2025-08-11,20,2846.53,CAD
100,S03,FEED-0032,2025-08-11,15,3274.7,CAD
100,S05,HDWR-0006,2025-08-12,15,440.77,CAD
100,S02,LUBE-0068,2025-08-12,33,13708.04,CAD
100,S06,LUBE-0037,2025-08-12,22,2748.87,CAD
100,S02,HDWR-0043,2025-08-12,16,2656.19,CAD
100,S01,FUEL-0066,2025-08-12,22,5306.48,CAD
100,S03,HDWR-0059,2025-08-12,15,3429.67,CAD
100,S01,FEED-0029,2025-08-13,9,4267.69,CAD
100,S06,SEED-0004,2025-08-13,25,9540.87,CAD
100,S06,FUEL-0015,2025-08-13,17,2441.39,CAD
100,S06,FEED-0029,2025-08-13,6,2803.27,CAD
100,S05,HDWR-0052,2025-08-13,12,5620.87,CAD
100,S03,SEED-0042,2025-08-13,15,7384.92,CAD
100,S04,LUBE-0001,2025-08-13,12,872.4,CAD
100,S05,SEED-0020,2025-08-13,11,3820.62,CAD
100,S06,TIRE-0009,2025-08-13,12,1227.35,CAD
100,S04,HDWR-0043,2025-08-14,13,2141.26,CAD
100,S04,LUBE-0048,2025-08-14,19,5397.75,CAD
100,S04,HDWR-0011,2025-08-14,14,1595.93,CAD
100,S04,FEED-0029,2025-08-14,24,11904.49,CAD
100,S03,TIRE-0009,2025-08-14,10,1052.43,CAD
100,S06,FEED-0029,2025-08-14,13,5349.26,CAD
100,S02,LUBE-0036,2025-08-14,11,1158.07,CAD
100,S03,HDWR-0038,2025-08-14,14,2990.07,CAD
100,S03,FUEL-0019,2025-08-14,15,4554.62,CAD
100,S05,LUBE-0039,2025-08-14,19,6363.1,CAD
100,S03,FEED-0014,2025-08-15,32,12415.97,CAD
100,S04,SEED-0041,2025-08-15,14,2084.04,CAD
100,S02,LUBE-0050,2025-08-15,35,11894.52,CAD
100,S04,TIRE-0073,2025-08-15,23,7460.12,CAD
100,S05,FUEL-0019,2025-08-15,20,6289.11,CAD
100,S02,TIRE-0024,2025-08-15,7,3719.81,CAD
100,S06,SEED-0042,2025-08-15,5,2223.43,CAD
100,S01,FEED-0029,2025-08-15,14,6237.26,CAD
100,S02,FEED-0057,2025-08-15,22,8653.8,CAD
100,S02,HDWR-0018,2025-08-15,21,1135.0,CAD
100,S04,TIRE-0012,2025-08-16,2,290.26,CAD
100,S03,FEED-0016,2025-08-16,21,11545.93,CAD
100,S03,FUEL-0017,2025-08-16,18,1049.54,CAD
100,S05,HDWR-0030,2025-08-17,1,144.15,CAD
100,S03,HDWR-0006,2025-08-17,1,26.34,CAD
100,S02,TIRE-0024,2025-08-17,14,5930.37,CAD
100,S06,SEED-0013,2025-08-17,15,5801.01,CAD
100,S02,FEED-0032,2025-08-17,16,3221.81,CAD
100,S04,FEED-0029,2025-08-18,15,6253.62,CAD
100,S06,TIRE-0008,2025-08-18,16,4620.03,CAD
100,S03,TIRE-0024,2025-08-18,12,5617.05,CAD
100,S03,LUBE-0048,2025-08-18,25,7237.34,CAD
100,S01,FEED-0040,2025-08-18,16,6236.49,CAD
100,S03,LUBE-0037,2025-08-18,15,1909.22,CAD
100,S01,HDWR-0030,2025-08-18,1,179.68,CAD
100,S03,LUBE-0010,2025-08-18,21,7728.46,CAD
100,S04,HDWR-0038,2025-08-18,16,3365.2,CAD
100,S03,HDWR-0038,2025-08-19,21,4998.9,CAD
100,S04,TIRE-0064,2025-08-19,28,11040.01,CAD
100,S02,SEED-0020,2025-08-19,21,7833.24,CAD
100,S01,FEED-0057,2025-08-19,24,10103.2,CAD
100,S02,SEED-0020,2025-08-19,14,5903.59,CAD
100,S05,FEED-0016,2025-08-19,15,8647.99,CAD
100,S06,FUEL-0049,2025-08-19,21,1797.3,CAD
100,S06,LUBE-0037,2025-08-20,10,1576.49,CAD
100,S01,HDWR-0011,2025-08-20,17,2054.54,CAD
100,S05,SEED-0020,2025-08-20,17,5931.32,CAD
100,S02,FEED-0044,2025-08-20,10,5558.87,CAD
100,S02,SEED-0020,2025-08-20,14,5933.28,CAD
100,S02,LUBE-0010,2025-08-20,22,8726.63,CAD
100,S05,FUEL-0049,2025-08-20,22,2006.48,CAD
100,S06,FUEL-0069,2025-08-20,35,17337.01,CAD
100,S02,SEED-0071,2025-08-20,20,9117.11,CAD
100,S02,FEED-0044,2025-08-20,10,5574.76,CAD
100,S01,HDWR-0018,2025-08-20,28,1822.43,CAD
100,S04,SEED-0004,2025-08-20,24,9701.03,CAD
100,S06,TIRE-0021,2025-08-21,12,909.41,CAD
100,S01,LUBE-0048,2025-08-21,20,5823.35,CAD
100,S03,SEED-0041,2025-08-21,10,1227.84,CAD
100,S04,SEED-0041,2025-08-21,18,2470.81,CAD
100,S03,HDWR-0053,2025-08-21,9,1883.69,CAD
100,S02,TIRE-0021,2025-08-21,16,1160.38,CAD
100,S04,FEED-0040,2025-08-21,24,9364.33,CAD
100,S01,SEED-0041,2025-08-21,26,3911.12,CAD
100,S03,FEED-0054,2025-08-21,15,4111.85,CAD
100,S06,HDWR-0030,2025-08-22,10,1513.3,CAD
100,S05,FEED-0003,2025-08-22,6,476.5,CAD
100,S02,LUBE-0010,2025-08-22,12,5105.37,CAD
100,S02,TIRE-0024,2025-08-22,19,9191.65,CAD
100,S02,LUBE-0027,2025-08-22,12,1410.6,CAD
100,S05,HDWR-0058,2025-08-22,11,3809.68,CAD
100,S02,FUEL-0019,2025-08-23,21,7748.18,CAD
100,S04,SEED-0063,2025-08-23,20,8063.45,CAD
100,S02,FUEL-0051,2025-08-23,13,4805.43,CAD
100,S01,LUBE-0001,2025-08-24,21,1590.29,CAD
100,S01,SEED-0020,2025-08-24,19,8302.83,CAD
100,S01,FUEL-0049,2025-08-25,25,2388.34,CAD
100,S06,TIRE-0064,2025-08-25,17,6444.28,CAD
100,S06,HDWR-0043,2025-08-25,15,2420.24,CAD
100,S03,SEED-0078,2025-08-25,29,2095.32,CAD
100,S04,LUBE-0048,2025-08-25,8,1924.43,CAD
100,S01,LUBE-0048,2025-08-25,20,5702.29,CAD
100,S01,LUBE-0037,2025-08-26,19,2519.03,CAD
100,S03,TIRE-0009,2025-08-26,5,558.57,CAD
100,S05,FUEL-0025,2025-08-26,15,4814.45,CAD
100,S04,FUEL-0028,2025-08-26,15,7647.23,CAD
100,S03,SEED-0041,2025-08-26,13,1789.68,CAD
100,S01,LUBE-0002,2025-08-26,17,2994.38,CAD
100,S01,SEED-0078,2025-08-26,22,1723.43,CAD
100,S06,FUEL-0072,2025-08-27,15,6157.13,CAD
100,S05,HDWR-0047,2025-08-27,10,2486.38,CAD
100,S05,SEED-0055,2025-08-27,21,8885.07,CAD
100,S05,HDWR-0043,2025-08-27,19,2806.16,CAD
100,S01,FEED-0070,2025-08-27,22,6362.24,CAD
100,S06,FEED-0057,2025-08-27,21,8785.61,CAD
100,S02,LUBE-0031,2025-08-27,23,10742.91,CAD
100,S05,TIRE-0076,2025-08-27,20,9769.2,CAD
100,S06,HDWR-0060,2025-08-27,21,6139.01,CAD
100,S05,SEED-0055,2025-08-27,20,8269.11,CAD
100,S05,SEED-0020,2025-08-28,18,6904.35,CAD
100,S04,TIRE-0021,2025-08-28,23,1742.51,CAD
100,S06,FUEL-0072,2025-08-28,28,11919.4,CAD
100,S05,FUEL-0017,2025-08-28,7,439.66,CAD
100,S04,LUBE-0039,2025-08-28,22,9038.88,CAD
100,S02,HDWR-0060,2025-08-28,21,6923.92,CAD
100,S05,LUBE-0001,2025-08-28,31,1945.55,CAD
100,S02,SEED-0041,2025-08-28,26,3645.32,CAD
100,S04,LUBE-0002,2025-08-29,17,2983.41,CAD
100,S01,FUEL-0019,2025-08-29,21,7702.99,CAD
100,S02,FUEL-0019,2025-08-29,19,5981.83,CAD
100,S04,HDWR-0038,2025-08-29,20,3742.54,CAD
100,S05,SEED-0078,2025-08-29,22,1642.69,CAD
100,S06,FUEL-0079,2025-08-29,29,13434.97,CAD
100,S05,HDWR-0059,2025-08-30,21,4045.08,CAD
100,S05,TIRE-0012,2025-08-30,28,3938.9,CAD
100,S02,LUBE-0034,2025-08-30,28,14173.8,CAD
100,S06,HDWR-0047,2025-08-31,16,3344.55,CAD
100,S03,HDWR-0011,2025-08-31,28,3142.68,CAD
100,S06,FUEL-0051,2025-08-31,20,8957.57,CAD
100,S04,SEED-0020,2025-09-01,39,14064.9,CAD
100,S05,TIRE-0045,2025-09-01,18,8807.76,CAD
100,S06,LUBE-0027,2025-09-01,17,2149.67,CAD
100,S05,HDWR-0059,2025-09-01,25,5992.33,CAD
100,S02,LUBE-0027,2025-09-01,14,1964.15,CAD
100,S04,FUEL-0046,2025-09-01,25,3446.37,CAD
100,S02,TIRE-0077,2025-09-01,25,4564.7,CAD
100,S04,FEED-0033,2025-09-01,35,12005.09,CAD
100,S02,LUBE-0031,2025-09-01,22,11289.34,CAD
100,S03,SEED-0055,2025-09-01,34,13375.32,CAD
100,S01,LUBE-0001,2025-09-02,17,1293.01,CAD
100,S05,SEED-0004,2025-09-02,28,11207.62,CAD
100,S02,LUBE-0036,2025-09-02,21,1914.54,CAD
100,S01,LUBE-0026,2025-09-02,25,1055.98,CAD
100,S01,TIRE-0008,2025-09-02,16,5364.24,CAD
100,S02,HDWR-0006,2025-09-03,5,138.1,CAD
100,S03,HDWR-0030,2025-09-03,16,2432.24,CAD
100,S06,FUEL-0080,2025-09-03,28,3397.62,CAD
100,S06,FEED-0029,2025-09-03,32,14945.94,CAD
100,S01,SEED-0055,2025-09-03,27,10187.02,CAD
100,S04,FEED-0033,2025-09-03,37,14978.12,CAD
100,S06,TIRE-0045,2025-09-04,13,6720.31,CAD
100,S01,FEED-0032,2025-09-04,24,5509.96,CAD
100,S04,SEED-0056,2025-09-04,39,3716.49,CAD
100,S02,HDWR-0038,2025-09-04,13,2465.6,CAD
100,S01,FEED-0075,2025-09-04,26,7613.77,CAD
100,S06,HDWR-0053,2025-09-04,14,3147.85,CAD
100,S04,SEED-0055,2025-09-04,22,9615.07,CAD
100,S05,SEED-0013,2025-09-04,16,7404.03,CAD
100,S04,FUEL-0028,2025-09-04,24,13006.85,CAD
100,S06,TIRE-0012,2025-09-04,9,1546.69,CAD
100,S04,TIRE-0021,2025-09-04,6,518.02,CAD
100,S05,FUEL-0023,2025-09-05,21,9375.19,CAD
100,S03,HDWR-0060,2025-09-05,9,2703.35,CAD
100,S03,LUBE-0031,2025-09-05,14,6087.14,CAD
100,S04,FUEL-0080,2025-09-05,16,2206.2,CAD
100,S05,SEED-0042,2025-09-05,32,12271.71,CAD
100,S06,LUBE-0048,2025-09-05,12,3435.15,CAD
100,S01,HDWR-0038,2025-09-05,18,4321.82,CAD
100,S03,LUBE-0050,2025-09-05,14,4334.21,CAD
100,S01,TIRE-0045,2025-09-06,10,4994.8,CAD
100,S01,HDWR-0006,2025-09-06,22,526.94,CAD
100,S05,LUBE-0035,2025-09-07,16,874.87,CAD
100,S04,FUEL-0072,2025-09-07,13,5745.87,CAD
100,S06,SEED-0007,2025-09-07,27,3100.64,CAD
100,S01,LUBE-0026,2025-09-07,19,811.09,CAD
100,S06,FUEL-0051,2025-09-08,18,6439.85,CAD
100,S02,LUBE-0036,2025-09-08,1,99.28,CAD
100,S02,TIRE-0024,2025-09-08,18,8976.76,CAD
100,S04,FEED-0003,2025-09-08,28,2570.3,CAD
100,S02,SEED-0055,2025-09-08,4,1550.2,CAD
100,S06,SEED-0004,2025-09-08,31,12460.3,CAD
100,S06,TIRE-0012,2025-09-08,10,1709.86,CAD
100,S04,FEED-0040,2025-09-09,52,18888.47,CAD
100,S06,HDWR-0053,2025-09-09,12,2639.41,CAD
100,S06,HDWR-0047,2025-09-09,20,4204.6,CAD
100,S02,LUBE-0048,2025-09-09,17,4090.33,CAD
100,S06,FUEL-0069,2025-09-09,20,11718.71,CAD
100,S06,SEED-0055,2025-09-09,32,13266.06,CAD
100,S04,SEED-0056,2025-09-09,36,3624.8,CAD
100,S03,HDWR-0067,2025-09-09,18,228.42,CAD
100,S05,HDWR-0047,2025-09-09,19,4189.78,CAD
100,S02,LUBE-0039,2025-09-10,14,5851.15,CAD
100,S03,TIRE-0005,2025-09-10,17,840.71,CAD
100,S05,TIRE-0005,2025-09-10,20,1036.74,CAD
100,S04,LUBE-0035,2025-09-10,6,252.12,CAD
100,S02,HDWR-0059,2025-09-10,20,4034.69,CAD
100,S02,HDWR-0058,2025-09-10,8,2941.7,CAD
100,S06,TIRE-0045,2025-09-10,10,4969.02,CAD
100,S03,HDWR-0018,2025-09-11,33,2086.36,CAD
100,S01,TIRE-0045,2025-09-11,11,5553.96,CAD
100,S01,FEED-0044,2025-09-11,12,5320.16,CAD
100,S03,LUBE-0027,2025-09-11,3,367.33,CAD
100,S02,TIRE-0009,2025-09-11,25,3142.35,CAD
100,S02,HDWR-0043,2025-09-11,8,1086.86,CAD
100,S05,FUEL-0046,2025-09-11,16,1729.23,CAD
100,S02,LUBE-0034,2025-09-11,20,10387.06,CAD
100,S06,FUEL-0015,2025-09-12,21,2928.06,CAD
100,S04,HDWR-0047,2025-09-12,18,4239.54,CAD
100,S03,TIRE-0045,2025-09-12,22,9948.77,CAD
100,S03,HDWR-0011,2025-09-12,12,1345.63,CAD
100,S06,SEED-0078,2025-09-12,18,1118.78,CAD
100,S01,SEED-0013,2025-09-12,4,1576.98,CAD
100,S02,FEED-0054,2025-09-12,11,3093.74,CAD
100,S01,FEED-0070,2025-09-12,20,5555.88,CAD
100,S03,SEED-0055,2025-09-13,31,12601.25,CAD
100,S01,HDWR-0030,2025-09-13,12,1657.48,CAD
100,S03,TIRE-0077,2025-09-14,25,4592.82,CAD
100,S01,HDWR-0043,2025-09-14,15,2442.66,CAD
100,S06,FUEL-0017,2025-09-14,10,688.21,CAD
100,S04,FEED-0054,2025-09-15,29,9234.01,CAD
100,S05,HDWR-0030,2025-09-15,25,3473.27,CAD
100,S03,LUBE-0065,2025-09-15,13,2746.55,CAD
100,S06,HDWR-0038,2025-09-15,20,4400.4,CAD
100,S04,FEED-0032,2025-09-15,31,6106.32,CAD
100,S06,HDWR-0006,2025-09-15,20,582.1,CAD
100,S02,FEED-0014,2025-09-15,32,11465.02,CAD
100,S01,TIRE-0009,2025-09-15,10,1239.64,CAD
100,S05,HDWR-0038,2025-09-15,23,4585.5,CAD
100,S02,LUBE-0048,2025-09-15,13,3713.18,CAD
100,S01,HDWR-0011,2025-09-16,12,1611.81,CAD
100,S03,FEED-0014,2025-09-16,32,12586.14,CAD
100,S03,LUBE-0050,2025-09-16,23,6587.1,CAD
100,S05,TIRE-0021,2025-09-16,3,206.84,CAD
100,S02,SEED-0055,2025-09-16,25,9096.64,CAD
100,S01,TIRE-0021,2025-09-16,13,1023.06,CAD
100,S03,LUBE-0010,2025-09-16,15,5698.57,CAD
100,S02,FUEL-0046,2025-09-16,21,2656.77,CAD
100,S03,LUBE-0036,2025-09-17,24,2145.02,CAD
100,S05,TIRE-0064,2025-09-17,6,2643.2,CAD
100,S01,TIRE-0045,2025-09-17,8,3487.58,CAD
100,S05,SEED-0041,2025-09-17,12,1396.74,CAD
100,S06,SEED-0078,2025-09-17,29,2143.57,CAD
100,S03,TIRE-0045,2025-09-17,12,5957.32,CAD
100,S01,HDWR-0006,2025-09-17,12,364.41,CAD
100,S03,FEED-0032,2025-09-18,23,4547.4,CAD
100,S01,SEED-0020,2025-09-18,30,10699.12,CAD
100,S06,FUEL-0069,2025-09-18,11,5413.5,CAD
100,S02,HDWR-0053,2025-09-18,20,3989.85,CAD
100,S02,LUBE-0002,2025-09-18,7,1159.01,CAD
100,S06,FEED-0032,2025-09-18,25,5576.4,CAD
100,S06,TIRE-0076,2025-09-18,18,8557.09,CAD
100,S02,SEED-0062,2025-09-18,29,9752.79,CAD
100,S01,TIRE-0061,2025-09-18,10,4412.74,CAD
100,S01,HDWR-0059,2025-09-19,12,2598.35,CAD
100,S01,HDWR-0011,2025-09-19,24,2725.02,CAD
100,S06,LUBE-0034,2025-09-19,11,5326.93,CAD
100,S03,LUBE-0034,2025-09-19,11,5815.01,CAD
100,S03,TIRE-0045,2025-09-19,21,9766.99,CAD
100,S05,FUEL-0015,2025-09-19,20,2812.55,CAD
100,S04,FEED-0057,2025-09-19,37,17125.46,CAD
100,S05,LUBE-0031,2025-09-19,15,7317.06,CAD
100,S05,FEED-0057,2025-09-19,27,11291.6,CAD
100,S04,LUBE-0027,2025-09-19,19,2236.83,CAD
100,S05,FEED-0070,2025-09-20,18,5774.94,CAD
100,S02,HDWR-0018,2025-09-20,18,1177.79,CAD
100,S03,TIRE-0009,2025-09-20,12,1323.94,CAD
100,S04,FUEL-0051,2025-09-20,21,9163.66,CAD
100,S03,LUBE-0001,2025-09-21,24,1890.86,CAD
100,S01,FUEL-0015,2025-09-21,20,2828.88,CAD
100,S02,LUBE-0039,2025-09-21,11,4314.43,CAD
100,S03,FEED-0014,2025-09-21,31,10636.08,CAD
100,S05,FUEL-0051,2025-09-21,25,10936.41,CAD
100,S04,LUBE-0027,2025-09-22,17,2096.03,CAD
100,S04,SEED-0041,2025-09-22,29,3900.65,CAD
100,S04,TIRE-0073,2025-09-22,5,1881.83,CAD
100,S05,SEED-0071,2025-09-22,14,7189.36,CAD
100,S03,SEED-0004,2025-09-22,15,5752.66,CAD
100,S06,HDWR-0030,2025-09-22,24,3904.09,CAD
100,S06,TIRE-0024,2025-09-22,8,4362.63,CAD
100,S04,HDWR-0022,2025-09-22,17,1002.14,CAD
100,S03,LUBE-0050,2025-09-22,13,3532.83,CAD
100,S01,LUBE-0034,2025-09-22,14,6925.03,CAD
100,S02,HDWR-0022,2025-09-22,20,1056.17,CAD
100,S04,LUBE-0036,2025-09-23,21,1898.49,CAD
100,S04,FUEL-0015,2025-09-23,21,3525.67,CAD
100,S05,HDWR-0058,2025-09-23,13,4798.29,CAD
100,S01,HDWR-0018,2025-09-23,14,868.54,CAD
100,S03,FUEL-0015,2025-09-23,11,1671.8,CAD
100,S03,FEED-0054,2025-09-23,23,6546.09,CAD
100,S05,SEED-0013,2025-09-23,15,7109.16,CAD
100,S02,HDWR-0053,2025-09-23,10,1813.55,CAD
100,S02,HDWR-0053,2025-09-24,20,4041.51,CAD
100,S03,HDWR-0047,2025-09-24,14,3067.93,CAD
100,S06,FUEL-0023,2025-09-24,22,9776.12,CAD
100,S05,FEED-0040,2025-09-24,18,6619.22,CAD
100,S05,SEED-0063,2025-09-24,22,9037.36,CAD
100,S06,HDWR-0022,2025-09-24,16,736.26,CAD
100,S01,HDWR-0022,2025-09-24,8,443.16,CAD
100,S01,FEED-0054,2025-09-24,39,11973.55,CAD
100,S01,LUBE-0031,2025-09-24,4,1742.2,CAD
100,S01,FEED-0075,2025-09-24,30,9610.9,CAD
100,S03,TIRE-0077,2025-09-25,13,2557.63,CAD
100,S05,FUEL-0028,2025-09-25,15,7673.74,CAD
100,S05,SEED-0042,2025-09-25,33,16108.08,CAD
100,S06,TIRE-0009,2025-09-25,16,2102.73,CAD
100,S04,FEED-0033,2025-09-25,1,406.95,CAD
100,S06,TIRE-0024,2025-09-25,16,7084.18,CAD
100,S03,TIRE-0077,2025-09-26,24,4242.7,CAD
100,S06,LUBE-0027,2025-09-26,18,2208.44,CAD
100,S04,SEED-0041,2025-09-26,19,2330.82,CAD
100,S05,SEED-0007,2025-09-26,28,3867.67,CAD
100,S03,FEED-0040,2025-09-26,30,12508.79,CAD
100,S05,FEED-0075,2025-09-26,12,4003.84,CAD
100,S06,FUEL-0023,2025-09-26,24,11746.09,CAD
100,S03,FUEL-0025,2025-09-26,23,7658.61,CAD
100,S02,LUBE-0027,2025-09-26,22,3287.67,CAD
100,S02,TIRE-0061,2025-09-27,25,11714.71,CAD
100,S06,SEED-0062,2025-09-27,22,7620.05,CAD
100,S06,LUBE-0002,2025-09-27,23,3778.29,CAD
100,S01,LUBE-0035,2025-09-27,14,736.1,CAD
100,S04,TIRE-0008,2025-09-28,15,5315.44,CAD
100,S03,SEED-0056,2025-09-28,20,1747.39,CAD
100,S01,LUBE-0002,2025-09-28,20,3408.14,CAD
100,S03,HDWR-0038,2025-09-28,15,2910.18,CAD
100,S02,LUBE-0036,2025-09-29,22,1939.04,CAD
100,S03,TIRE-0077,2025-09-29,7,1266.42,CAD
100,S03,TIRE-0009,2025-09-29,25,2854.85,CAD
100,S01,LUBE-0036,2025-09-29,11,999.28,CAD
100,S02,FUEL-0066,2025-09-29,17,4004.28,CAD
100,S01,FUEL-0023,2025-09-30,15,6782.11,CAD
100,S02,HDWR-0030,2025-09-30,10,1609.33,CAD
100,S05,TIRE-0012,2025-09-30,17,2803.56,CAD
100,S02,FEED-0070,2025-09-30,46,13377.54,CAD
100,S03,SEED-0020,2025-09-30,18,6226.79,CAD
100,S06,SEED-0055,2025-09-30,34,13218.1,CAD
100,S02,FUEL-0025,2025-09-30,28,9707.93,CAD
100,S04,LUBE-0027,2025-09-30,16,2043.56,CAD
100,S05,TIRE-0005,2025-09-30,28,1566.19,CAD
100,S05,HDWR-0018,2025-10-01,17,989.84,CAD
100,S01,FEED-0044,2025-10-01,25,12755.22,CAD
100,S02,TIRE-0045,2025-10-01,31,15423.38,CAD
100,S05,LUBE-0048,2025-10-01,15,3820.77,CAD
100,S05,SEED-0055,2025-10-01,30,11858.26,CAD
100,S05,SEED-0042,2025-10-01,16,6275.14,CAD
100,S01,LUBE-0001,2025-10-01,18,1204.78,CAD
100,S05,HDWR-0018,2025-10-01,5,311.77,CAD
100,S02,HDWR-0059,2025-10-02,36,8245.78,CAD
100,S06,FUEL-0079,2025-10-02,9,4211.82,CAD
100,S04,SEED-0056,2025-10-02,12,1131.47,CAD
100,S01,HDWR-0059,2025-10-02,20,4187.23,CAD
100,S04,FEED-0014,2025-10-02,17,5669.05,CAD
100,S03,HDWR-0011,2025-10-02,6,681.32,CAD
100,S06,LUBE-0034,2025-10-02,24,11734.0,CAD
100,S06,LUBE-0001,2025-10-02,13,911.71,CAD
100,S06,FEED-0003,2025-10-02,33,2495.14,CAD
100,S06,SEED-0063,2025-10-02,20,7974.58,CAD
100,S06,LUBE-0037,2025-10-02,26,3381.42,CAD
100,S05,LUBE-0048,2025-10-03,33,8630.15,CAD
100,S01,SEED-0042,2025-10-03,6,2930.47,CAD
100,S02,HDWR-0006,2025-10-03,13,388.48,CAD
100,S06,TIRE-0061,2025-10-03,10,4762.7,CAD
100,S04,HDWR-0043,2025-10-03,30,5054.25,CAD
100,S01,HDWR-0043,2025-10-03,30,5227.84,CAD
100,S06,SEED-0055,2025-10-03,18,6795.56,CAD
100,S03,FUEL-0049,2025-10-03,5,441.18,CAD
100,S05,LUBE-0037,2025-10-04,18,2800.89,CAD
100,S03,LUBE-0026,2025-10-04,13,657.31,CAD
100,S01,HDWR-0011,2025-10-04,17,2347.08,CAD
100,S05,HDWR-0011,2025-10-05,21,2808.74,CAD
100,S03,LUBE-0001,2025-10-05,12,809.86,CAD
100,S05,TIRE-0045,2025-10-05,12,6381.57,CAD
100,S03,LUBE-0050,2025-10-05,23,6985.98,CAD
100,S02,SEED-0007,2025-10-06,23,2773.46,CAD
100,S02,LUBE-0037,2025-10-06,13,1905.39,CAD
100,S04,LUBE-0034,2025-10-06,8,4377.0,CAD
100,S01,FUEL-0069,2025-10-06,16,7841.97,CAD
100,S01,FEED-0054,2025-10-06,18,5066.54,CAD
100,S04,FEED-0016,2025-10-06,17,8403.45,CAD
100,S02,HDWR-0053,2025-10-06,21,4157.02,CAD
100,S04,FUEL-0051,2025-10-06,7,2881.02,CAD
100,S05,LUBE-0048,2025-10-06,12,2880.42,CAD
100,S06,LUBE-0037,2025-10-07,18,2549.04,CAD
100,S02,HDWR-0043,2025-10-07,23,3623.12,CAD
100,S01,LUBE-0037,2025-10-07,19,2513.96,CAD
100,S01,SEED-0020,2025-10-07,33,13120.98,CAD
100,S03,HDWR-0011,2025-10-07,15,1978.63,CAD
100,S02,TIRE-0045,2025-10-07,17,8730.78,CAD
100,S01,LUBE-0027,2025-10-07,16,1844.84,CAD
100,S06,LUBE-0036,2025-10-07,25,2479.81,CAD
100,S03,SEED-0055,2025-10-08,23,10643.71,CAD
100,S04,HDWR-0053,2025-10-08,27,6150.13,CAD
100,S03,TIRE-0005,2025-10-08,4,232.32,CAD
100,S01,HDWR-0011,2025-10-08,20,2256.21,CAD
100,S03,FEED-0032,2025-10-08,10,2006.7,CAD
100,S01,FEED-0054,2025-10-08,15,3753.63,CAD
100,S01,SEED-0041,2025-10-08,23,2710.59,CAD
100,S06,FEED-0014,2025-10-08,31,12734.99,CAD
100,S03,HDWR-0058,2025-10-08,12,3850.39,CAD
100,S03,LUBE-0010,2025-10-09,17,6426.39,CAD
100,S05,TIRE-0012,2025-10-09,10,1656.98,CAD
100,S06,HDWR-0060,2025-10-09,17,5110.16,CAD
100,S06,HDWR-0052,2025-10-09,10,4754.07,CAD
100,S06,FEED-0003,2025-10-09,20,1657.53,CAD
100,S01,FUEL-0080,2025-10-09,17,2182.48,CAD
100,S04,TIRE-0024,2025-10-09,12,5038.51,CAD
100,S04,LUBE-0036,2025-10-09,20,2143.24,CAD
100,S05,FUEL-0080,2025-10-09,4,488.09,CAD
100,S02,TIRE-0009,2025-10-09,25,3226.42,CAD
100,S05,FUEL-0028,2025-10-10,22,12135.42,CAD
100,S03,TIRE-0012,2025-10-10,6,913.87,CAD
100,S04,LUBE-0034,2025-10-10,21,10155.61,CAD
100,S02,LUBE-0039,2025-10-10,24,8497.11,CAD
100,S01,FEED-0014,2025-10-10,23,9891.95,CAD
100,S06,SEED-0062,2025-10-10,36,12466.54,CAD
100,S05,HDWR-0011,2025-10-10,27,3713.31,CAD
100,S04,HDWR-0053,2025-10-10,12,2322.47,CAD
100,S03,LUBE-0027,2025-10-10,18,2104.52,CAD
100,S04,LUBE-0035,2025-10-10,18,941.69,CAD
100,S06,HDWR-0047,2025-10-11,31,6257.32,CAD
100,S04,FEED-0016,2025-10-11,15,8664.98,CAD
100,S05,FEED-0074,2025-10-11,17,3872.53,CAD
100,S05,HDWR-0022,2025-10-12,31,1847.37,CAD
100,S03,HDWR-0043,2025-10-12,22,3826.88,CAD
100,S04,FUEL-0015,2025-10-12,5,787.46,CAD
100,S05,SEED-0013,2025-10-12,33,12689.78,CAD
100,S05,LUBE-0026,2025-10-13,26,1089.85,CAD
100,S04,LUBE-0034,2025-10-13,19,10016.81,CAD
100,S01,TIRE-0021,2025-10-13,12,946.17,CAD
100,S05,TIRE-0009,2025-10-13,8,887.1,CAD
100,S02,TIRE-0061,2025-10-13,12,5337.16,CAD
100,S02,LUBE-0026,2025-10-13,38,1602.3,CAD
100,S03,TIRE-0009,2025-10-13,21,2266.82,CAD
100,S01,FUEL-0025,2025-10-13,20,6303.72,CAD
100,S01,FUEL-0069,2025-10-13,12,6674.33,CAD
100,S05,SEED-0007,2025-10-14,38,4658.06,CAD
100,S03,SEED-0071,2025-10-14,23,11459.63,CAD
100,S04,HDWR-0059,2025-10-14,17,3386.02,CAD
100,S05,TIRE-0077,2025-10-14,24,3925.06,CAD
100,S06,FUEL-0049,2025-10-14,17,1606.69,CAD
100,S04,FEED-0016,2025-10-14,29,15318.67,CAD
100,S05,FEED-0054,2025-10-15,28,7017.87,CAD
100,S04,TIRE-0073,2025-10-15,28,10610.34,CAD
100,S06,FUEL-0025,2025-10-15,16,5726.46,CAD
100,S06,TIRE-0012,2025-10-15,27,3712.35,CAD
100,S05,TIRE-0045,2025-10-15,19,9454.41,CAD
100,S02,FUEL-0017,2025-10-15,10,688.13,CAD
100,S02,TIRE-0021,2025-10-15,15,1008.21,CAD
100,S04,FUEL-0079,2025-10-15,21,10759.26,CAD
100,S05,FUEL-0025,2025-10-15,14,4611.22,CAD
100,S03,TIRE-0012,2025-10-15,18,2737.72,CAD
100,S01,SEED-0071,2025-10-16,33,14343.83,CAD
100,S01,FEED-0033,2025-10-16,7,2645.84,CAD
100,S04,HDWR-0043,2025-10-16,3,447.63,CAD
100,S02,HDWR-0018,2025-10-16,9,561.19,CAD
100,S04,FUEL-0066,2025-10-16,17,4396.46,CAD
100,S06,SEED-0055,2025-10-17,48,20610.57,CAD
100,S01,LUBE-0031,2025-10-17,15,6298.9,CAD
100,S01,TIRE-0012,2025-10-17,22,3561.04,CAD
100,S03,LUBE-0002,2025-10-17,4,627.67,CAD
100,S01,FUEL-0079,2025-10-17,11,4872.82,CAD
100,S01,HDWR-0043,2025-10-17,18,3042.02,CAD
100,S01,FEED-0040,2025-10-17,15,5795.76,CAD
100,S02,HDWR-0047,2025-10-17,30,6313.72,CAD
100,S05,FUEL-0017,2025-10-18,18,1040.41,CAD
100,S05,LUBE-0002,2025-10-18,17,2693.62,CAD
100,S05,SEED-0020,2025-10-19,16,7114.91,CAD
100,S06,LUBE-0048,2025-10-19,26,6080.36,CAD
100,S06,HDWR-0022,2025-10-20,17,959.76,CAD
100,S02,LUBE-0068,2025-10-20,17,7371.13,CAD
100,S04,HDWR-0006,2025-10-20,24,644.72,CAD
100,S05,FEED-0003,2025-10-20,24,2297.4,CAD
100,S03,LUBE-0036,2025-10-20,19,2193.51,CAD
100,S05,TIRE-0021,2025-10-20,11,896.92,CAD
100,S06,TIRE-0009,2025-10-20,16,1940.83,CAD
100,S04,LUBE-0068,2025-10-21,9,3905.03,CAD
100,S02,HDWR-0043,2025-10-21,8,1151.45,CAD
100,S03,HDWR-0053,2025-10-21,18,3532.68,CAD
100,S05,FUEL-0015,2025-10-21,10,1559.95,CAD
100,S04,FUEL-0015,2025-10-21,20,2819.27,CAD
100,S03,FUEL-0028,2025-10-22,19,10165.81,CAD
100,S05,HDWR-0053,2025-10-22,8,1430.07,CAD
100,S06,HDWR-0011,2025-10-22,10,1417.8,CAD
100,S03,TIRE-0005,2025-10-22,22,1395.54,CAD
100,S03,FEED-0014,2025-10-22,20,8496.82,CAD
100,S02,TIRE-0045,2025-10-22,22,10805.82,CAD
100,S06,LUBE-0035,2025-10-22,21,1113.42,CAD
100,S06,HDWR-0052,2025-10-22,15,6446.83,CAD
100,S06,HDWR-0043,2025-10-22,10,1412.9,CAD
100,S05,FEED-0014,2025-10-23,17,6878.76,CAD
100,S03,FUEL-0046,2025-10-23,13,1715.26,CAD
100,S06,FEED-0003,2025-10-23,17,1446.18,CAD
100,S03,FEED-0044,2025-10-23,19,8593.09,CAD
100,S04,TIRE-0024,2025-10-23,17,7691.11,CAD
100,S04,LUBE-0001,2025-10-23,24,1709.22,CAD
100,S05,SEED-0013,2025-10-24,13,5230.54,CAD
100,S02,TIRE-0009,2025-10-24,17,2027.18,CAD
100,S03,HDWR-0022,2025-10-24,29,1401.51,CAD
100,S04,SEED-0013,2025-10-24,34,12907.54,CAD
100,S06,HDWR-0067,2025-10-24,13,147.88,CAD
100,S04,TIRE-0045,2025-10-24,25,12924.92,CAD
100,S05,LUBE-0001,2025-10-24,13,851.32,CAD
100,S01,FUEL-0079,2025-10-25,1,506.87,CAD
100,S03,FUEL-0015,2025-10-25,19,2782.73,CAD
100,S04,TIRE-0076,2025-10-25,1,525.16,CAD
100,S06,HDWR-0043,2025-10-25,22,3151.53,CAD
100,S02,HDWR-0059,2025-10-25,19,3813.14,CAD
100,S04,HDWR-0047,2025-10-26,10,2507.36,CAD
100,S04,FEED-0044,2025-10-26,23,10757.35,CAD
100,S04,SEED-0013,2025-10-27,5,2011.43,CAD
100,S05,FUEL-0028,2025-10-27,14,7877.77,CAD
100,S02,SEED-0020,2025-10-27,30,13593.18,CAD
100,S05,TIRE-0045,2025-10-27,11,4572.62,CAD
100,S05,HDWR-0047,2025-10-27,23,4467.7,CAD
100,S06,LUBE-0034,2025-10-27,10,4993.85,CAD
100,S02,LUBE-0031,2025-10-27,8,3901.91,CAD
100,S03,FEED-0014,2025-10-27,23,8595.65,CAD
100,S04,TIRE-0076,2025-10-27,15,8014.15,CAD
100,S05,SEED-0041,2025-10-28,22,2798.1,CAD
100,S05,HDWR-0006,2025-10-28,16,412.36,CAD
100,S01,HDWR-0060,2025-10-28,22,5749.02,CAD
100,S04,LUBE-0010,2025-10-28,30,11093.37,CAD
100,S05,HDWR-0059,2025-10-28,19,3553.89,CAD
100,S04,FEED-0070,2025-10-28,16,4768.01,CAD
100,S03,LUBE-0068,2025-10-28,16,8530.12,CAD
100,S04,SEED-0055,2025-10-28,9,3635.13,CAD
100,S03,FEED-0032,2025-10-29,39,8108.13,CAD
100,S03,LUBE-0031,2025-10-29,17,8587.52,CAD
100,S04,TIRE-0008,2025-10-29,8,2388.48,CAD
100,S05,FUEL-0069,2025-10-29,20,11992.31,CAD
100,S01,TIRE-0045,2025-10-29,29,14889.45,CAD
100,S02,FEED-0040,2025-10-29,26,9783.66,CAD
100,S05,FEED-0040,2025-10-29,24,9481.86,CAD
100,S03,FEED-0029,2025-10-29,32,15098.58,CAD
100,S06,TIRE-0009,2025-10-29,14,1531.42,CAD
100,S02,FEED-0003,2025-10-29,18,1698.53,CAD
100,S06,LUBE-0002,2025-10-29,4,552.47,CAD
100,S06,HDWR-0059,2025-10-30,15,3466.62,CAD
100,S03,SEED-0056,2025-10-30,7,656.69,CAD
100,S04,SEED-0020,2025-10-30,28,12710.53,CAD
100,S02,FEED-0044,2025-10-30,13,7299.75,CAD
100,S06,LUBE-0034,2025-10-30,29,15994.91,CAD
100,S02,TIRE-0009,2025-10-30,28,3294.02,CAD
100,S05,SEED-0055,2025-10-30,11,4065.9,CAD
100,S01,HDWR-0022,2025-10-30,2,98.34,CAD
100,S05,HDWR-0043,2025-10-30,14,2370.97,CAD
100,S03,FUEL-0051,2025-10-31,12,5102.14,CAD
100,S03,FUEL-0049,2025-10-31,19,1708.27,CAD
100,S03,TIRE-0024,2025-10-31,15,6839.8,CAD
100,S01,LUBE-0010,2025-10-31,12,4659.07,CAD
100,S01,FEED-0044,2025-10-31,19,8737.93,CAD
100,S01,FUEL-0019,2025-10-31,34,10424.26,CAD
100,S06,FEED-0057,2025-10-31,20,8521.54,CAD
100,S01,LUBE-0039,2025-10-31,3,1250.89,CAD
100,S03,HDWR-0011,2025-10-31,14,1739.75,CAD
100,S02,HDWR-0018,2025-10-31,20,1299.87,CAD
100,S02,FEED-0032,2025-10-31,24,4651.41,CAD
100,S01,LUBE-0035,2025-11-01,20,957.54,CAD
100,S02,FEED-0070,2025-11-01,11,3459.19,CAD
100,S05,LUBE-0001,2025-11-01,5,390.89,CAD
100,S04,HDWR-0060,2025-11-01,19,4880.71,CAD
100,S01,FEED-0074,2025-11-01,19,3983.98,CAD
100,S02,FEED-0070,2025-11-02,12,3646.13,CAD
100,S01,TIRE-0024,2025-11-02,15,7361.6,CAD
100,S06,SEED-0007,2025-11-03,10,1385.88,CAD
100,S01,FEED-0029,2025-11-03,18,7893.16,CAD
100,S04,SEED-0055,2025-11-03,10,3672.85,CAD
100,S03,TIRE-0005,2025-11-03,26,1570.5,CAD
100,S05,FEED-0033,2025-11-03,11,3537.58,CAD
100,S06,TIRE-0073,2025-11-03,15,4371.14,CAD
100,S06,FEED-0044,2025-11-03,7,3978.53,CAD
100,S02,SEED-0013,2025-11-03,7,2982.03,CAD
100,S01,HDWR-0060,2025-11-03,23,6686.99,CAD
100,S01,FUEL-0023,2025-11-04,33,13203.57,CAD
100,S06,FEED-0032,2025-11-04,9,2086.68,CAD
100,S04,FUEL-0015,2025-11-04,3,414.85,CAD
100,S04,HDWR-0047,2025-11-04,18,4390.65,CAD
100,S03,SEED-0062,2025-11-04,21,7517.14,CAD
100,S06,FEED-0075,2025-11-05,6,2010.41,CAD
100,S04,TIRE-0064,2025-11-05,25,8962.7,CAD
100,S05,HDWR-0053,2025-11-05,21,4232.78,CAD
100,S05,TIRE-0008,2025-11-05,16,5930.18,CAD
100,S04,TIRE-0012,2025-11-05,17,2905.35,CAD
100,S02,LUBE-0027,2025-11-05,9,1065.12,CAD
100,S04,FUEL-0072,2025-11-05,20,9898.27,CAD
100,S06,HDWR-0060,2025-11-05,15,4270.04,CAD
100,S03,FEED-0029,2025-11-05,13,5868.72,CAD
100,S02,HDWR-0030,2025-11-06,11,1595.48,CAD
100,S03,TIRE-0064,2025-11-06,6,2814.42,CAD
100,S05,HDWR-0006,2025-11-06,23,596.27,CAD
100,S03,TIRE-0012,2025-11-06,13,2007.28,CAD
100,S05,TIRE-0077,2025-11-06,14,2855.15,CAD
100,S06,FEED-0075,2025-11-06,19,5550.31,CAD
100,S01,FEED-0014,2025-11-06,6,2295.77,CAD
100,S04,TIRE-0045,2025-11-07,27,12385.14,CAD
100,S05,SEED-0020,2025-11-07,7,2549.26,CAD
100,S03,LUBE-0065,2025-11-07,15,2508.7,CAD
100,S05,LUBE-0002,2025-11-07,38,6005.11,CAD
100,S01,HDWR-0053,2025-11-07,8,1506.85,CAD
100,S04,FUEL-0017,2025-11-07,19,1280.49,CAD
100,S06,TIRE-0024,2025-11-08,21,11045.5,CAD
100,S02,FEED-0057,2025-11-08,16,7894.75,CAD
100,S02,FEED-0016,2025-11-08,7,3344.63,CAD
100,S06,FUEL-0025,2025-11-09,15,5380.83,CAD
100,S01,LUBE-0031,2025-11-09,19,8900.76,CAD
100,S03,HDWR-0030,2025-11-09,13,1944.56,CAD
100,S04,FEED-0003,2025-11-10,16,1488.38,CAD
100,S05,FUEL-0049,2025-11-10,4,386.51,CAD
100,S06,LUBE-0034,2025-11-10,20,9954.46,CAD
100,S06,TIRE-0045,2025-11-10,33,14212.69,CAD
100,S04,FEED-0044,2025-11-10,7,3765.98,CAD
100,S04,FEED-0032,2025-11-10,12,2701.9,CAD
100,S02,FEED-0044,2025-11-10,17,7566.09,CAD
100,S06,FEED-0075,2025-11-10,12,3873.19,CAD
100,S03,HDWR-0047,2025-11-10,5,1254.04,CAD
100,S04,FEED-0057,2025-11-10,12,5591.43,CAD
100,S02,LUBE-0039,2025-11-11,9,3391.58,CAD
100,S06,HDWR-0030,2025-11-11,17,2775.47,CAD
100,S02,FUEL-0017,2025-11-11,28,2034.66,CAD
100,S01,TIRE-0005,2025-11-11,28,1648.69,CAD
100,S06,LUBE-0026,2025-11-11,16,673.06,CAD
100,S05,FUEL-0023,2025-11-11,9,4451.28,CAD
100,S06,TIRE-0061,2025-11-11,12,5053.81,CAD
100,S02,FUEL-0025,2025-11-11,15,4850.1,CAD
100,S01,LUBE-0065,2025-11-12,16,2721.9,CAD
100,S01,SEED-0020,2025-11-12,14,5933.7,CAD
100,S03,FUEL-0051,2025-11-12,23,9519.51,CAD
100,S04,HDWR-0052,2025-11-12,8,3529.22,CAD
100,S03,HDWR-0060,2025-11-12,17,4438.14,CAD
100,S04,HDWR-0022,2025-11-12,16,883.96,CAD
100,S01,FUEL-0051,2025-11-12,22,8984.21,CAD
100,S02,FUEL-0025,2025-11-12,26,7190.57,CAD
100,S05,LUBE-0048,2025-11-13,21,4989.03,CAD
100,S04,LUBE-0002,2025-11-13,20,2944.1,CAD
100,S05,HDWR-0058,2025-11-13,18,5367.41,CAD
100,S04,HDWR-0018,2025-11-13,12,780.29,CAD
100,S05,FEED-0044,2025-11-13,12,6331.77,CAD
100,S06,FUEL-0080,2025-11-13,14,1696.08,CAD
100,S04,SEED-0056,2025-11-13,13,1235.7,CAD
100,S05,LUBE-0010,2025-11-13,16,5544.89,CAD
100,S05,FEED-0016,2025-11-13,17,8529.97,CAD
100,S02,LUBE-0031,2025-11-13,27,13043.72,CAD
100,S03,HDWR-0059,2025-11-14,15,3396.86,CAD
100,S03,FUEL-0015,2025-11-14,23,3977.25,CAD
100,S04,TIRE-0021,2025-11-14,24,1863.01,CAD
100,S02,FEED-0070,2025-11-14,17,5055.87,CAD
100,S04,FUEL-0080,2025-11-15,31,4320.48,CAD
100,S05,FEED-0029,2025-11-15,17,8814.4,CAD
100,S05,LUBE-0035,2025-11-16,11,479.59,CAD
100,S04,TIRE-0009,2025-11-16,9,1110.04,CAD
100,S02,SEED-0062,2025-11-17,10,4140.95,CAD
100,S03,FUEL-0017,2025-11-17,17,964.23,CAD
100,S05,HDWR-0053,2025-11-17,22,4159.33,CAD
100,S04,FUEL-0019,2025-11-17,18,5364.95,CAD
100,S02,HDWR-0059,2025-11-17,34,7949.51,CAD
100,S03,FUEL-0051,2025-11-17,22,10181.44,CAD
100,S04,HDWR-0043,2025-11-17,15,2352.77,CAD
100,S05,FUEL-0017,2025-11-17,11,775.55,CAD
100,S03,FUEL-0028,2025-11-17,2,1008.49,CAD
100,S05,SEED-0042,2025-11-18,5,2157.33,CAD
100,S06,FEED-0054,2025-11-18,7,2221.54,CAD
100,S02,FUEL-0046,2025-11-18,18,2461.94,CAD
100,S02,FEED-0003,2025-11-18,16,1235.27,CAD
100,S04,LUBE-0039,2025-11-18,28,11283.06,CAD
100,S04,LUBE-0031,2025-11-18,17,7131.85,CAD
100,S05,SEED-0078,2025-11-18,13,791.58,CAD
100,S04,FUEL-0019,2025-11-18,12,4268.61,CAD
100,S03,SEED-0042,2025-11-18,12,4946.55,CAD
100,S06,SEED-0007,2025-11-18,15,1779.4,CAD
100,S05,HDWR-0052,2025-11-18,15,7354.17,CAD
100,S06,FUEL-0019,2025-11-19,17,5568.47,CAD
100,S03,HDWR-0047,2025-11-19,15,3746.42,CAD
100,S05,FEED-0029,2025-11-19,16,7978.43,CAD
100,S05,HDWR-0052,2025-11-19,34,14479.36,CAD
100,S02,SEED-0041,2025-11-19,12,1758.44,CAD
100,S04,FUEL-0066,2025-11-19,13,3124.39,CAD
100,S02,FEED-0029,2025-11-19,18,8013.89,CAD
100,S06,FEED-0032,2025-11-19,13,3011.7,CAD
100,S02,SEED-0013,2025-11-19,17,6404.09,CAD
100,S02,LUBE-0048,2025-11-19,17,4613.58,CAD
100,S02,HDWR-0059,2025-11-20,22,4129.92,CAD
100,S02,FUEL-0017,2025-11-20,20,1417.9,CAD
100,S05,SEED-0042,2025-11-20,13,5880.1,CAD
100,S06,LUBE-0035,2025-11-20,16,885.6,CAD
100,S03,SEED-0007,2025-11-20,18,2497.06,CAD
100,S03,FUEL-0051,2025-11-20,26,9657.09,CAD
100,S03,FUEL-0017,2025-11-20,19,1078.54,CAD
100,S05,SEED-0063,2025-11-20,21,6958.57,CAD
100,S06,FEED-0032,2025-11-20,17,3077.05,CAD
100,S05,TIRE-0009,2025-11-21,14,1733.05,CAD
100,S01,TIRE-0061,2025-11-21,13,6563.85,CAD
100,S04,FEED-0016,2025-11-21,17,8725.52,CAD
100,S02,HDWR-0030,2025-11-21,27,3861.88,CAD
100,S04,LUBE-0036,2025-11-21,15,1423.27,CAD
100,S06,LUBE-0010,2025-11-21,22,8891.68,CAD
100,S06,FUEL-0069,2025-11-21,6,3126.19,CAD
100,S01,LUBE-0002,2025-11-21,30,4676.33,CAD
100,S03,LUBE-0010,2025-11-21,21,7690.06,CAD
100,S02,FEED-0040,2025-11-21,15,5947.25,CAD
100,S01,HDWR-0006,2025-11-22,28,750.16,CAD
100,S01,SEED-0013,2025-11-22,8,3549.41,CAD
100,S02,TIRE-0077,2025-11-22,9,1656.52,CAD
100,S04,FUEL-0046,2025-11-23,15,2086.68,CAD
100,S03,HDWR-0006,2025-11-24,10,265.2,CAD
100,S05,HDWR-0052,2025-11-24,10,4962.09,CAD
100,S04,TIRE-0021,2025-11-24,9,601.37,CAD
100,S06,SEED-0020,2025-11-24,13,5199.25,CAD
100,S05,HDWR-0060,2025-11-24,19,5154.43,CAD
100,S01,LUBE-0048,2025-11-24,8,2129.65,CAD
100,S03,TIRE-0045,2025-11-24,14,6645.19,CAD
100,S03,HDWR-0011,2025-11-24,15,1866.97,CAD
100,S05,LUBE-0034,2025-11-25,25,12896.95,CAD
100,S05,TIRE-0009,2025-11-25,13,1351.73,CAD
100,S03,SEED-0055,2025-11-25,17,6773.56,CAD
100,S03,HDWR-0006,2025-11-25,11,328.4,CAD
100,S03,LUBE-0027,2025-11-25,7,862.74,CAD
100,S05,LUBE-0027,2025-11-25,17,2521.15,CAD
100,S06,FEED-0003,2025-11-25,17,1581.55,CAD
100,S04,TIRE-0045,2025-11-25,19,8689.86,CAD
100,S01,LUBE-0026,2025-11-25,10,474.08,CAD
100,S02,TIRE-0076,2025-11-25,25,13739.88,CAD
100,S05,LUBE-0037,2025-11-26,13,2019.12,CAD
100,S03,FUEL-0019,2025-11-26,18,6281.87,CAD
100,S03,HDWR-0018,2025-11-26,23,1359.89,CAD
100,S05,HDWR-0038,2025-11-26,26,5930.6,CAD
100,S06,TIRE-0005,2025-11-26,17,985.47,CAD
100,S04,FUEL-0066,2025-11-26,22,5191.17,CAD
100,S06,FEED-0029,2025-11-26,13,5450.0,CAD
100,S03,FEED-0029,2025-11-26,13,5583.1,CAD
100,S05,FEED-0040,2025-11-26,25,9405.33,CAD
100,S05,TIRE-0073,2025-11-27,25,9556.86,CAD
100,S02,LUBE-0050,2025-11-27,16,4993.54,CAD
100,S06,TIRE-0064,2025-11-27,19,8068.1,CAD
100,S03,FUEL-0019,2025-11-27,21,6339.77,CAD
100,S01,FEED-0032,2025-11-27,11,2059.88,CAD
100,S06,HDWR-0011,2025-11-27,11,1234.48,CAD
100,S01,LUBE-0034,2025-11-27,24,13729.37,CAD
100,S03,LUBE-0002,2025-11-27,30,4167.01,CAD
100,S04,HDWR-0052,2025-11-27,26,11410.37,CAD
100,S02,TIRE-0024,2025-11-27,20,9905.42,CAD
100,S05,FEED-0075,2025-11-28,9,2605.27,CAD
100,S03,HDWR-0011,2025-11-28,22,2687.69,CAD
100,S03,SEED-0071,2025-11-28,16,7209.74,CAD
100,S02,FUEL-0019,2025-11-28,19,6438.63,CAD
100,S05,FEED-0033,2025-11-28,8,2990.93,CAD
100,S02,FUEL-0051,2025-11-28,17,6904.09,CAD
100,S01,HDWR-0060,2025-11-28,12,3330.53,CAD
100,S02,HDWR-0006,2025-11-28,30,907.12,CAD
100,S04,SEED-0020,2025-11-28,9,3923.39,CAD
100,S02,SEED-0078,2025-11-28,10,680.43,CAD
100,S01,HDWR-0059,2025-11-28,11,2607.08,CAD
100,S06,FUEL-0017,2025-11-29,20,1236.23,CAD
100,S06,FUEL-0049,2025-11-29,16,1288.96,CAD
100,S03,FUEL-0028,2025-11-29,19,9549.29,CAD
100,S01,LUBE-0036,2025-11-30,18,1683.5,CAD
100,S05,TIRE-0009,2025-11-30,31,4124.95,CAD
100,S06,FUEL-0072,2025-11-30,28,11495.96,CAD
100,S01,FEED-0044,2025-11-30,11,5212.52,CAD
100,S04,FUEL-0015,2025-11-30,13,2284.22,CAD
100,S01,FEED-0054,2025-12-01,10,2889.86,CAD
100,S01,LUBE-0036,2025-12-01,23,2317.05,CAD
100,S06,HDWR-0038,2025-12-01,3,697.28,CAD
100,S05,HDWR-0059,2025-12-01,18,3443.0,CAD
100,S03,LUBE-0050,2025-12-01,16,5341.67,CAD
100,S03,HDWR-0059,2025-12-01,21,4712.38,CAD
100,S05,TIRE-0061,2025-12-01,17,8515.13,CAD
100,S04,FUEL-0028,2025-12-01,20,10062.89,CAD
100,S06,FUEL-0080,2025-12-01,4,558.46,CAD
100,S02,HDWR-0030,2025-12-01,10,1640.73,CAD
100,S02,TIRE-0012,2025-12-01,29,5026.66,CAD
100,S03,HDWR-0052,2025-12-02,29,12340.95,CAD
100,S04,HDWR-0022,2025-12-02,23,1296.87,CAD
100,S03,HDWR-0058,2025-12-02,18,6176.93,CAD
100,S03,HDWR-0006,2025-12-02,20,546.66,CAD
100,S02,FUEL-0051,2025-12-02,29,10523.94,CAD
100,S05,FUEL-0069,2025-12-02,24,12411.17,CAD
100,S01,HDWR-0053,2025-12-02,20,3562.31,CAD
100,S04,LUBE-0036,2025-12-02,15,1515.63,CAD
100,S05,LUBE-0039,2025-12-02,26,9522.04,CAD
100,S05,FEED-0033,2025-12-02,5,1626.47,CAD
100,S06,LUBE-0002,2025-12-02,18,2465.54,CAD
100,S04,SEED-0007,2025-12-02,12,1656.28,CAD
100,S01,LUBE-0001,2025-12-03,1,75.17,CAD
100,S06,FEED-0029,2025-12-03,9,4247.29,CAD
100,S05,FEED-0057,2025-12-03,4,1547.56,CAD
100,S05,LUBE-0036,2025-12-03,33,3151.74,CAD
100,S01,HDWR-0038,2025-12-03,20,4799.16,CAD
100,S02,HDWR-0030,2025-12-03,26,3835.63,CAD
100,S02,TIRE-0021,2025-12-03,14,1164.34,CAD
100,S02,SEED-0004,2025-12-03,6,2377.6,CAD
100,S02,HDWR-0047,2025-12-04,29,6905.74,CAD
100,S05,FEED-0040,2025-12-04,4,1589.65,CAD
100,S05,FEED-0075,2025-12-04,8,2712.51,CAD
100,S06,LUBE-0050,2025-12-04,26,7217.93,CAD
100,S02,HDWR-0059,2025-12-04,19,4602.79,CAD
100,S04,LUBE-0065,2025-12-04,7,1429.42,CAD
100,S06,HDWR-0043,2025-12-04,18,3048.86,CAD
100,S03,LUBE-0031,2025-12-04,20,9336.61,CAD
100,S01,FEED-0057,2025-12-05,5,2131.34,CAD
100,S03,HDWR-0047,2025-12-05,14,3433.42,CAD
100,S01,FUEL-0017,2025-12-05,20,1171.62,CAD
100,S04,SEED-0004,2025-12-05,6,2359.38,CAD
100,S05,TIRE-0076,2025-12-05,5,2422.0,CAD
100,S04,LUBE-0039,2025-12-05,7,2438.78,CAD
100,S05,TIRE-0076,2025-12-05,15,6703.91,CAD
100,S01,SEED-0063,2025-12-05,8,3184.96,CAD
100,S04,FUEL-0017,2025-12-05,13,892.73,CAD
100,S06,SEED-0013,2025-12-05,4,1876.78,CAD
100,S02,FEED-0075,2025-12-05,6,1727.15,CAD
100,S01,LUBE-0050,2025-12-06,18,4834.87,CAD
100,S02,HDWR-0059,2025-12-07,21,4588.04,CAD
100,S02,HDWR-0011,2025-12-07,15,2165.82,CAD
100,S06,HDWR-0018,2025-12-07,18,1201.48,CAD
100,S03,LUBE-0068,2025-12-08,14,6848.7,CAD
100,S06,LUBE-0026,2025-12-08,5,266.81,CAD
100,S01,LUBE-0010,2025-12-08,17,5880.86,CAD
100,S06,FEED-0032,2025-12-08,12,2808.14,CAD
100,S06,SEED-0041,2025-12-08,6,780.57,CAD
100,S01,FUEL-0028,2025-12-08,1,586.06,CAD
100,S04,FEED-0016,2025-12-08,5,2531.68,CAD
100,S02,SEED-0020,2025-12-08,4,1566.52,CAD
100,S02,FUEL-0019,2025-12-09,22,7915.27,CAD
100,S02,FEED-0044,2025-12-09,2,1078.72,CAD
100,S02,FUEL-0069,2025-12-09,25,12914.6,CAD
100,S02,FEED-0014,2025-12-09,4,1486.42,CAD
100,S02,SEED-0041,2025-12-09,9,1117.22,CAD
100,S06,LUBE-0039,2025-12-09,14,5335.4,CAD
100,S02,FEED-0029,2025-12-10,3,1244.63,CAD
100,S01,FEED-0033,2025-12-10,4,1403.92,CAD
100,S04,TIRE-0064,2025-12-10,12,4382.09,CAD
100,S02,SEED-0007,2025-12-10,3,427.24,CAD
100,S04,LUBE-0031,2025-12-10,16,6642.46,CAD
100,S02,HDWR-0053,2025-12-10,31,6149.08,CAD
100,S02,FEED-0003,2025-12-10,2,153.57,CAD
100,S05,SEED-0042,2025-12-10,6,2287.58,CAD
100,S02,FEED-0074,2025-12-11,7,1516.16,CAD
100,S03,FUEL-0019,2025-12-11,23,8143.8,CAD
100,S06,LUBE-0035,2025-12-11,20,1020.18,CAD
100,S04,FUEL-0051,2025-12-11,19,6745.18,CAD
100,S01,FEED-0014,2025-12-11,10,3621.46,CAD
100,S01,SEED-0004,2025-12-11,4,1679.78,CAD
100,S06,TIRE-0005,2025-12-11,16,1024.47,CAD
100,S02,HDWR-0060,2025-12-12,30,8011.67,CAD
100,S01,FUEL-0015,2025-12-12,14,2468.63,CAD
100,S02,FEED-0057,2025-12-12,6,2764.04,CAD
100,S03,FUEL-0046,2025-12-12,14,1500.29,CAD
100,S01,HDWR-0018,2025-12-12,16,875.13,CAD
100,S01,HDWR-0058,2025-12-12,14,4579.29,CAD
100,S01,SEED-0042,2025-12-12,9,3784.12,CAD
100,S01,HDWR-0043,2025-12-12,27,4364.77,CAD
100,S01,FEED-0003,2025-12-12,12,889.34,CAD
100,S05,FUEL-0015,2025-12-12,14,2107.88,CAD
100,S03,FUEL-0069,2025-12-13,17,9968.69,CAD
100,S01,SEED-0007,2025-12-13,5,586.29,CAD
100,S04,LUBE-0002,2025-12-13,21,2888.32,CAD
100,S06,LUBE-0001,2025-12-13,26,1912.98,CAD
100,S03,HDWR-0059,2025-12-14,21,5111.13,CAD
100,S01,FUEL-0072,2025-12-14,20,9008.29,CAD
100,S04,FEED-0016,2025-12-14,6,3434.19,CAD
100,S01,LUBE-0027,2025-12-15,17,2097.57,CAD
100,S04,FEED-0003,2025-12-15,9,681.27,CAD
100,S03,FUEL-0051,2025-12-15,17,7337.53,CAD
100,S03,LUBE-0037,2025-12-15,17,2598.2,CAD
100,S05,HDWR-0043,2025-12-15,24,3850.62,CAD
100,S06,HDWR-0053,2025-12-15,18,3299.9,CAD
100,S01,SEED-0013,2025-12-15,7,2803.54,CAD
100,S01,SEED-0041,2025-12-15,3,389.07,CAD
100,S02,LUBE-0048,2025-12-15,27,7295.94,CAD
100,S03,SEED-0007,2025-12-16,10,1276.17,CAD
100,S02,SEED-0071,2025-12-16,11,5440.5,CAD
100,S06,FEED-0044,2025-12-16,15,8260.51,CAD
100,S05,LUBE-0026,2025-12-16,10,422.07,CAD
100,S04,HDWR-0060,2025-12-16,27,8381.0,CAD
100,S05,SEED-0071,2025-12-16,7,2950.72,CAD
100,S05,FUEL-0069,2025-12-16,19,8743.36,CAD
100,S03,FEED-0033,2025-12-16,8,3198.19,CAD
100,S06,LUBE-0001,2025-12-16,9,675.53,CAD
100,S02,FEED-0040,2025-12-17,4,1373.85,CAD
100,S05,HDWR-0047,2025-12-17,19,4500.26,CAD
100,S05,FUEL-0046,2025-12-17,16,1937.14,CAD
100,S04,SEED-0042,2025-12-17,3,1454.1,CAD
100,S06,FEED-0014,2025-12-17,7,2458.07,CAD
100,S05,HDWR-0058,2025-12-17,19,6628.97,CAD
100,S04,FUEL-0019,2025-12-17,22,8091.01,CAD
100,S01,FEED-0014,2025-12-17,5,2186.24,CAD
100,S05,LUBE-0001,2025-12-17,4,269.0,CAD
100,S01,TIRE-0024,2025-12-18,10,5217.74,CAD
100,S04,LUBE-0026,2025-12-18,15,690.31,CAD
100,S05,LUBE-0001,2025-12-18,8,513.05,CAD
100,S04,HDWR-0059,2025-12-18,16,3600.12,CAD
100,S05,TIRE-0076,2025-12-18,17,9694.87,CAD
100,S01,LUBE-0050,2025-12-18,17,5640.24,CAD
100,S04,FUEL-0017,2025-12-18,30,1861.4,CAD
100,S01,FUEL-0051,2025-12-18,27,12349.19,CAD
100,S05,FEED-0014,2025-12-19,7,2492.7,CAD
100,S04,FEED-0074,2025-12-19,5,1022.97,CAD
100,S06,HDWR-0060,2025-12-19,13,4243.16,CAD
100,S04,HDWR-0006,2025-12-19,13,346.85,CAD
100,S03,HDWR-0030,2025-12-19,19,3440.11,CAD
100,S06,FEED-0014,2025-12-19,1,372.72,CAD
100,S06,FEED-0054,2025-12-21,10,2737.58,CAD
100,S03,LUBE-0068,2025-12-21,17,9271.23,CAD
100,S06,FEED-0040,2025-12-21,12,4767.31,CAD
100,S04,TIRE-0008,2025-12-21,21,7284.13,CAD
100,S06,SEED-0013,2025-12-22,8,3231.06,CAD
100,S03,FUEL-0025,2025-12-22,12,3307.27,CAD
100,S02,SEED-0020,2025-12-22,8,3051.33,CAD
100,S02,LUBE-0002,2025-12-22,28,4909.93,CAD
100,S05,HDWR-0053,2025-12-22,12,2759.54,CAD
100,S06,HDWR-0043,2025-12-22,14,2311.75,CAD
100,S02,SEED-0041,2025-12-22,8,1121.95,CAD
100,S05,LUBE-0037,2025-12-22,12,1787.56,CAD
100,S02,FUEL-0025,2025-12-22,19,6861.02,CAD
100,S03,FEED-0032,2025-12-23,6,1225.59,CAD
100,S02,HDWR-0006,2025-12-23,23,549.7,CAD
100,S01,HDWR-0053,2025-12-23,15,2994.73,CAD
100,S03,FEED-0040,2025-12-23,7,2958.98,CAD
100,S02,FUEL-0015,2025-12-23,13,1845.09,CAD
100,S02,TIRE-0073,2025-12-23,26,9857.18,CAD
100,S04,LUBE-0002,2025-12-23,14,2149.89,CAD
100,S05,SEED-0020,2025-12-23,4,1663.79,CAD
100,S04,HDWR-0047,2025-12-23,9,1887.7,CAD
100,S05,FEED-0054,2025-12-24,6,1466.48,CAD
100,S03,FEED-0033,2025-12-24,5,1780.09,CAD
100,S06,FUEL-0028,2025-12-24,16,8210.78,CAD
100,S04,LUBE-0001,2025-12-24,6,432.49,CAD
100,S02,FUEL-0028,2025-12-24,13,7688.22,CAD
100,S05,FUEL-0025,2025-12-24,11,3733.23,CAD
100,S03,TIRE-0008,2025-12-24,14,4052.27,CAD
100,S06,FUEL-0023,2025-12-24,11,5335.75,CAD
100,S04,FEED-0032,2025-12-24,3,709.73,CAD
100,S05,SEED-0055,2025-12-24,13,4924.84,CAD
100,S05,TIRE-0008,2025-12-24,19,6226.09,CAD
100,S06,FEED-0044,2025-12-25,8,4298.15,CAD
100,S04,TIRE-0005,2025-12-25,18,1066.08,CAD
100,S02,TIRE-0008,2025-12-25,13,4098.45,CAD
100,S04,TIRE-0005,2025-12-25,15,839.45,CAD
100,S06,FUEL-0025,2025-12-25,14,4149.76,CAD
100,S01,SEED-0062,2025-12-25,10,3272.45,CAD
100,S03,SEED-0007,2025-12-26,7,839.65,CAD
100,S04,TIRE-0008,2025-12-26,19,6604.55,CAD
100,S01,SEED-0004,2025-12-26,8,3375.92,CAD
100,S01,SEED-0071,2025-12-26,6,3177.87,CAD
100,S05,LUBE-0002,2025-12-26,8,1093.73,CAD
100,S03,SEED-0055,2025-12-26,9,3674.62,CAD
100,S04,HDWR-0047,2025-12-26,30,6147.31,CAD
100,S04,LUBE-0002,2025-12-27,10,1360.25,CAD
100,S01,HDWR-0059,2025-12-27,13,3174.39,CAD
100,S02,TIRE-0012,2025-12-27,24,3938.43,CAD
100,S04,SEED-0020,2025-12-28,2,721.67,CAD
100,S04,FEED-0016,2025-12-28,8,3636.34,CAD
100,S02,FEED-0044,2025-12-29,7,3511.75,CAD
100,S01,SEED-0055,2025-12-29,6,2377.12,CAD
100,S06,LUBE-0010,2025-12-29,23,9713.13,CAD
100,S03,FEED-0074,2025-12-29,14,3060.37,CAD
100,S02,LUBE-0034,2025-12-29,21,10922.15,CAD
100,S02,HDWR-0047,2025-12-29,28,5828.05,CAD
100,S05,HDWR-0011,2025-12-29,2,260.94,CAD
100,S05,LUBE-0034,2025-12-29,6,2663.79,CAD
100,S01,FEED-0057,2025-12-29,8,2996.82,CAD
100,S06,FUEL-0066,2025-12-29,16,4091.66,CAD
100,S06,FEED-0014,2025-12-30,7,3024.77,CAD
100,S06,LUBE-0048,2025-12-30,19,4789.82,CAD
100,S04,FUEL-0049,2025-12-30,14,1124.5,CAD
100,S06,HDWR-0011,2025-12-30,8,900.71,CAD
100,S01,TIRE-0009,2025-12-30,30,3919.76,CAD
100,S06,SEED-0007,2025-12-30,8,1011.27,CAD
100,S01,FUEL-0023,2025-12-30,18,7893.66,CAD
100,S03,SEED-0020,2025-12-30,5,1819.26,CAD
100,S05,FUEL-0023,2025-12-30,20,10102.7,CAD
100,S02,FEED-0033,2025-12-31,5,1937.85,CAD
100,S03,TIRE-0008,2025-12-31,22,7016.72,CAD
100,S06,HDWR-0006,2025-12-31,19,578.35,CAD
100,S02,FUEL-0025,2025-12-31,15,4739.48,CAD
