SiteId,ItemNumber,InvoiceDate,Quantity,LineAmount,CurrencyCode
S01,SEED-0108,2024-01-01,13,5179.66,CAD
S04,FUEL-0101,2024-01-01,15,771.5,CAD
S05,FUEL-0101,2024-01-01,28,1414.4,CAD
S02,SEED-0063,2024-01-01,7,2307.23,CAD
S01,TIRE-0077,2024-01-01,12,2259.35,CAD
S03,LUBE-0120,2024-01-01,13,6512.04,CAD
S03,LUBE-0092,2024-01-02,18,6759.34,CAD
S01,FEED-0097,2024-01-02,11,3643.77,CAD
S06,FEED-0070,2024-01-02,4,1225.27,CAD
S05,TIRE-0086,2024-01-02,37,3453.87,CAD
S01,FEED-0085,2024-01-02,8,2600.21,CAD
S03,SEED-0082,2024-01-02,4,225.45,CAD
S03,SEED-0082,2024-01-03,8,475.86,CAD
S01,FUEL-0072,2024-01-03,24,9879.13,CAD
S02,TIRE-0089,2024-01-03,5,2122.01,CAD
S03,FEED-0116,2024-01-03,4,869.56,CAD
S02,TIRE-0119,2024-01-03,30,2047.51,CAD
S04,HDWR-0113,2024-01-03,3,1043.19,CAD
S03,FEED-0095,2024-01-03,7,327.58,CAD
S02,FEED-0095,2024-01-03,4,167.23,CAD
S06,FUEL-0101,2024-01-03,29,1541.29,CAD
S05,HDWR-0083,2024-01-04,4,1740.12,CAD
S05,SEED-0108,2024-01-04,6,2407.73,CAD
S01,FUEL-0066,2024-01-04,11,2494.07,CAD
S03,FUEL-0080,2024-01-04,16,2464.07,CAD
S04,TIRE-0086,2024-01-04,14,1317.14,CAD
S03,LUBE-0090,2024-01-05,13,1605.84,CAD
S05,FUEL-0101,2024-01-05,13,618.38,CAD
S02,TIRE-0087,2024-01-05,14,6708.1,CAD
S06,FEED-0102,2024-01-05,7,1121.62,CAD
S05,SEED-0082,2024-01-05,8,429.67,CAD
S02,TIRE-0105,2024-01-05,15,4386.6,CAD
S05,TIRE-0061,2024-01-05,19,8744.98,CAD
S04,TIRE-0064,2024-01-05,18,6409.38,CAD
S01,LUBE-0099,2024-01-05,28,1264.8,CAD
S04,FEED-0097,2024-01-06,1,335.73,CAD
S05,HDWR-0093,2024-01-06,4,1939.44,CAD
S05,SEED-0100,2024-01-07,1,493.23,CAD
S04,FEED-0097,2024-01-08,7,2502.07,CAD
S04,HDWR-0107,2024-01-08,6,730.3,CAD
S02,FEED-0115,2024-01-08,6,1779.99,CAD
S04,HDWR-0103,2024-01-08,18,2392.57,CAD
S04,SEED-0108,2024-01-08,14,5134.97,CAD
S04,FUEL-0117,2024-01-08,8,2118.0,CAD
S01,FEED-0085,2024-01-08,9,3606.49,CAD
S06,SEED-0100,2024-01-09,7,3224.72,CAD
S01,SEED-0108,2024-01-09,7,2628.91,CAD
S02,SEED-0100,2024-01-09,2,1118.17,CAD
S03,LUBE-0090,2024-01-09,10,1295.9,CAD
S01,TIRE-0077,2024-01-10,20,3212.58,CAD
S03,FEED-0085,2024-01-10,3,961.03,CAD
S03,HDWR-0083,2024-01-10,25,11156.15,CAD
S04,HDWR-0107,2024-01-10,16,1914.58,CAD
S03,TIRE-0084,2024-01-10,10,4340.76,CAD
S05,SEED-0118,2024-01-10,7,1890.62,CAD
S01,LUBE-0120,2024-01-10,16,9335.28,CAD
S05,HDWR-0113,2024-01-10,22,9300.16,CAD
S04,HDWR-0093,2024-01-10,19,9322.83,CAD
S02,SEED-0098,2024-01-11,5,241.51,CAD
S01,FEED-0102,2024-01-11,3,424.71,CAD
S05,SEED-0096,2024-01-11,5,1524.23,CAD
S02,LUBE-0090,2024-01-11,10,1051.3,CAD
S04,SEED-0062,2024-01-12,3,1047.23,CAD
S04,FUEL-0072,2024-01-12,8,3409.33,CAD
S04,TIRE-0076,2024-01-12,14,7246.36,CAD
S02,SEED-0098,2024-01-12,10,501.08,CAD
S05,TIRE-0089,2024-01-12,16,6249.18,CAD
S03,FEED-0102,2024-01-13,2,356.32,CAD
S04,SEED-0114,2024-01-14,6,748.39,CAD
S04,TIRE-0084,2024-01-15,21,9040.8,CAD
S04,SEED-0082,2024-01-15,6,381.52,CAD
S04,FEED-0085,2024-01-15,8,2873.72,CAD
S04,LUBE-0099,2024-01-15,26,939.76,CAD
S05,LUBE-0112,2024-01-15,8,499.6,CAD
S05,FEED-0081,2024-01-15,5,2602.51,CAD
S02,FUEL-0091,2024-01-15,17,3712.53,CAD
S06,FUEL-0066,2024-01-16,10,2279.93,CAD
S02,TIRE-0061,2024-01-16,14,6034.57,CAD
S02,SEED-0096,2024-01-16,7,2508.14,CAD
S05,SEED-0108,2024-01-16,3,1200.31,CAD
S02,LUBE-0112,2024-01-16,11,786.7,CAD
S04,FUEL-0117,2024-01-16,10,2811.12,CAD
S04,FUEL-0109,2024-01-17,16,3375.4,CAD
S04,FUEL-0117,2024-01-17,21,5978.7,CAD
S03,HDWR-0088,2024-01-17,29,15001.16,CAD
S02,FEED-0102,2024-01-17,9,1304.71,CAD
S05,FUEL-0117,2024-01-18,10,2326.64,CAD
S04,HDWR-0103,2024-01-18,23,3198.28,CAD
S05,TIRE-0087,2024-01-18,22,10059.36,CAD
S01,SEED-0062,2024-01-18,5,1737.45,CAD
S03,FEED-0074,2024-01-18,9,2146.93,CAD
S06,HDWR-0088,2024-01-18,33,18568.78,CAD
S03,HDWR-0107,2024-01-18,15,1814.5,CAD
S06,LUBE-0099,2024-01-19,16,596.15,CAD
S06,FEED-0081,2024-01-19,5,2096.78,CAD
S04,FUEL-0101,2024-01-19,24,1041.89,CAD
S03,FUEL-0117,2024-01-19,19,4670.03,CAD
S03,FEED-0104,2024-01-19,12,5099.87,CAD
S01,FUEL-0069,2024-01-19,27,14156.05,CAD
S03,TIRE-0087,2024-01-19,6,3215.48,CAD
S04,FEED-0106,2024-01-20,9,3777.32,CAD
S06,SEED-0096,2024-01-21,9,3125.98,CAD
S04,HDWR-0107,2024-01-21,5,527.65,CAD
S03,TIRE-0089,2024-01-21,6,2294.61,CAD
S02,TIRE-0073,2024-01-22,12,3556.35,CAD
S02,HDWR-0110,2024-01-22,26,13316.59,CAD
S06,FUEL-0101,2024-01-23,17,826.78,CAD
S06,SEED-0063,2024-01-23,8,2655.4,CAD
S05,SEED-0082,2024-01-23,4,255.94,CAD
S03,LUBE-0068,2024-01-23,16,7573.74,CAD
S02,SEED-0114,2024-01-23,2,279.12,CAD
S01,HDWR-0094,2024-01-23,24,1711.23,CAD
S03,FUEL-0072,2024-01-24,14,7124.84,CAD
S01,FUEL-0109,2024-01-24,12,2543.51,CAD
S05,HDWR-0083,2024-01-24,15,5831.36,CAD
S06,TIRE-0119,2024-01-24,20,1145.61,CAD
S03,LUBE-0090,2024-01-24,13,1714.97,CAD
S03,HDWR-0093,2024-01-25,19,8277.49,CAD
S05,FEED-0097,2024-01-25,9,2754.27,CAD
S05,TIRE-0087,2024-01-25,22,10469.88,CAD
S03,TIRE-0086,2024-01-25,24,2437.38,CAD
S04,FUEL-0080,2024-01-26,18,2725.07,CAD
S03,FEED-0116,2024-01-26,3,737.66,CAD
S04,FEED-0081,2024-01-26,3,1473.72,CAD
S05,HDWR-0088,2024-01-26,20,10955.61,CAD
S03,HDWR-0107,2024-01-27,30,3703.27,CAD
S06,SEED-0071,2024-01-28,9,4657.85,CAD
S01,LUBE-0092,2024-01-28,21,7537.46,CAD
S06,FEED-0102,2024-01-29,8,1328.46,CAD
S06,HDWR-0093,2024-01-29,23,12777.33,CAD
S06,TIRE-0084,2024-01-29,26,11425.95,CAD
S03,HDWR-0083,2024-01-29,15,7294.01,CAD
S06,TIRE-0086,2024-01-29,23,2390.02,CAD
S04,LUBE-0099,2024-01-29,21,805.58,CAD
S05,LUBE-0099,2024-01-30,24,1099.92,CAD
S05,SEED-0114,2024-01-30,9,1387.57,CAD
S02,FEED-0116,2024-01-30,14,3188.02,CAD
S04,FEED-0074,2024-01-30,4,815.09,CAD
S01,LUBE-0120,2024-01-30,20,11551.02,CAD
S01,HDWR-0067,2024-01-31,15,170.67,CAD
S02,FUEL-0117,2024-01-31,23,6646.01,CAD
S03,TIRE-0084,2024-01-31,18,7123.58,CAD
S04,HDWR-0107,2024-01-31,14,1658.82,CAD
S03,SEED-0100,2024-01-31,5,2296.75,CAD
S05,TIRE-0064,2024-02-01,8,3369.14,CAD
S03,LUBE-0068,2024-02-01,16,6753.58,CAD
S05,LUBE-0065,2024-02-01,11,2101.02,CAD
S05,LUBE-0099,2024-02-01,27,1206.07,CAD
S04,LUBE-0090,2024-02-01,9,934.55,CAD
S04,SEED-0100,2024-02-01,4,1727.31,CAD
S05,TIRE-0105,2024-02-02,16,5311.96,CAD
S04,SEED-0114,2024-02-02,10,1532.59,CAD
S04,FEED-0115,2024-02-02,7,2194.26,CAD
S04,LUBE-0092,2024-02-02,23,7483.81,CAD
S04,FUEL-0079,2024-02-02,21,9471.15,CAD
S06,SEED-0096,2024-02-02,5,1474.23,CAD
S03,HDWR-0083,2024-02-03,6,2337.1,CAD
S03,SEED-0100,2024-02-04,8,4085.48,CAD
S04,TIRE-0089,2024-02-04,13,4946.12,CAD
S03,FEED-0115,2024-02-05,10,3265.95,CAD
S06,LUBE-0092,2024-02-05,26,10078.39,CAD
S02,SEED-0071,2024-02-05,7,3160.31,CAD
S04,HDWR-0093,2024-02-05,16,7931.75,CAD
S04,LUBE-0099,2024-02-05,19,901.06,CAD
S01,HDWR-0083,2024-02-05,15,6618.92,CAD
S05,HDWR-0088,2024-02-05,9,5110.3,CAD
S05,SEED-0082,2024-02-05,14,718.49,CAD
S06,LUBE-0120,2024-02-06,20,10969.31,CAD
S05,SEED-0082,2024-02-06,8,464.48,CAD
S05,TIRE-0076,2024-02-06,23,12259.89,CAD
S05,SEED-0108,2024-02-06,13,4123.4,CAD
S01,SEED-0111,2024-02-06,16,6382.53,CAD
S04,FEED-0074,2024-02-06,8,1866.87,CAD
S03,HDWR-0083,2024-02-06,16,7125.55,CAD
S06,FEED-0104,2024-02-06,5,2093.03,CAD
S02,SEED-0111,2024-02-07,12,4725.37,CAD
S04,FUEL-0066,2024-02-07,11,2322.49,CAD
S06,TIRE-0084,2024-02-07,20,8343.01,CAD
S01,FUEL-0069,2024-02-07,22,12917.94,CAD
S04,SEED-0098,2024-02-07,5,233.14,CAD
S05,SEED-0098,2024-02-08,7,355.91,CAD
S02,FEED-0097,2024-02-08,5,1492.2,CAD
S05,TIRE-0061,2024-02-08,17,7918.89,CAD
S02,FUEL-0066,2024-02-08,13,2866.77,CAD
S03,FEED-0095,2024-02-08,13,596.1,CAD
S05,LUBE-0065,2024-02-08,7,1273.42,CAD
S01,FEED-0081,2024-02-08,16,7896.98,CAD
S01,HDWR-0093,2024-02-09,6,3021.7,CAD
S02,TIRE-0089,2024-02-09,18,7283.22,CAD
S05,SEED-0100,2024-02-09,15,7915.33,CAD
S03,FUEL-0069,2024-02-09,7,4095.02,CAD
S06,HDWR-0103,2024-02-09,14,1637.78,CAD
S02,SEED-0062,2024-02-09,11,3892.37,CAD
S06,TIRE-0089,2024-02-10,10,4218.71,CAD
S06,LUBE-0120,2024-02-10,18,9204.86,CAD
S03,TIRE-0105,2024-02-10,11,3951.0,CAD
S02,HDWR-0103,2024-02-10,16,2121.16,CAD
S04,SEED-0096,2024-02-11,10,3048.65,CAD
S05,FEED-0095,2024-02-11,9,447.38,CAD
S02,TIRE-0119,2024-02-12,4,277.71,CAD
S06,SEED-0062,2024-02-12,13,4466.45,CAD
S02,FEED-0074,2024-02-12,2,425.43,CAD
S01,LUBE-0120,2024-02-12,21,12670.65,CAD
S05,TIRE-0073,2024-02-12,33,10444.18,CAD
S05,FEED-0070,2024-02-12,15,4227.48,CAD
S05,FUEL-0109,2024-02-12,13,2753.56,CAD
S06,HDWR-0110,2024-02-13,28,13302.01,CAD
S03,TIRE-0084,2024-02-13,28,12404.76,CAD
S06,LUBE-0065,2024-02-13,22,4553.71,CAD
S03,SEED-0082,2024-02-13,7,443.83,CAD
S02,SEED-0062,2024-02-13,10,3700.92,CAD
S06,HDWR-0103,2024-02-13,3,409.31,CAD
S02,SEED-0098,2024-02-14,7,365.95,CAD
S05,SEED-0118,2024-02-14,14,3855.34,CAD
S05,LUBE-0092,2024-02-14,12,4288.39,CAD
S05,FEED-0116,2024-02-14,7,1485.92,CAD
S01,TIRE-0061,2024-02-14,16,6781.39,CAD
S06,HDWR-0094,2024-02-14,22,1867.0,CAD
S05,LUBE-0112,2024-02-15,27,1524.14,CAD
S04,FUEL-0069,2024-02-15,28,14985.23,CAD
S05,HDWR-0093,2024-02-15,1,481.89,CAD
S06,LUBE-0120,2024-02-15,24,14057.36,CAD
S02,HDWR-0113,2024-02-16,26,10161.86,CAD
S05,FUEL-0101,2024-02-16,14,611.11,CAD
S02,TIRE-0061,2024-02-16,21,10469.16,CAD
S01,SEED-0118,2024-02-16,6,1512.13,CAD
S01,SEED-0078,2024-02-17,10,754.13,CAD
S02,FUEL-0072,2024-02-17,14,6419.97,CAD
S01,FEED-0095,2024-02-17,8,382.0,CAD
S04,FEED-0097,2024-02-17,13,4471.26,CAD
S03,SEED-0100,2024-02-18,5,2380.17,CAD
S04,TIRE-0064,2024-02-18,34,13908.8,CAD
S02,SEED-0118,2024-02-18,14,3344.19,CAD
S02,HDWR-0107,2024-02-19,19,2134.9,CAD
S06,TIRE-0084,2024-02-19,11,4611.76,CAD
S06,HDWR-0093,2024-02-19,28,14696.95,CAD
S04,FEED-0070,2024-02-19,5,1288.04,CAD
S01,HDWR-0083,2024-02-19,4,1578.86,CAD
S06,TIRE-0105,2024-02-19,15,4187.01,CAD
S04,FUEL-0117,2024-02-19,21,5660.93,CAD
S03,HDWR-0093,2024-02-20,16,7953.66,CAD
S02,FUEL-0117,2024-02-20,17,3911.42,CAD
S03,TIRE-0105,2024-02-20,21,6267.76,CAD
S02,LUBE-0090,2024-02-20,23,2566.51,CAD
S01,FEED-0106,2024-02-20,5,2307.97,CAD
S01,TIRE-0073,2024-02-20,30,9341.49,CAD
S05,TIRE-0089,2024-02-20,8,3296.85,CAD
S01,FEED-0085,2024-02-21,6,1988.79,CAD
S03,FUEL-0109,2024-02-21,22,4705.47,CAD
S06,FEED-0106,2024-02-21,9,4220.16,CAD
S01,TIRE-0119,2024-02-21,15,960.04,CAD
S04,FUEL-0109,2024-02-21,26,6471.27,CAD
S03,FEED-0070,2024-02-21,4,1220.07,CAD
S03,SEED-0100,2024-02-21,11,6191.98,CAD
S02,SEED-0063,2024-02-21,9,3244.71,CAD
S03,FUEL-0080,2024-02-21,8,1200.71,CAD
S04,FEED-0095,2024-02-22,13,551.53,CAD
S06,TIRE-0105,2024-02-23,21,6366.71,CAD
S02,TIRE-0089,2024-02-23,17,7012.66,CAD
S02,FEED-0070,2024-02-23,15,4447.71,CAD
S04,HDWR-0094,2024-02-23,22,1790.9,CAD
S06,HDWR-0107,2024-02-23,16,1583.62,CAD
S04,FUEL-0109,2024-02-23,16,3588.93,CAD
S06,SEED-0118,2024-02-24,8,2239.02,CAD
S05,LUBE-0090,2024-02-24,18,2181.6,CAD
S01,SEED-0118,2024-02-24,11,2849.44,CAD
S06,TIRE-0073,2024-02-24,14,5041.69,CAD
S06,LUBE-0099,2024-02-25,10,401.38,CAD
S04,LUBE-0090,2024-02-26,18,2019.73,CAD
S01,HDWR-0083,2024-02-26,14,6571.74,CAD
S01,FEED-0104,2024-02-26,3,1205.67,CAD
S04,SEED-0108,2024-02-27,3,1226.44,CAD
S05,FUEL-0072,2024-02-27,13,5981.88,CAD
S06,TIRE-0073,2024-02-28,19,6413.97,CAD
S06,HDWR-0107,2024-02-28,18,2302.64,CAD
S01,TIRE-0105,2024-02-28,1,343.37,CAD
S01,FEED-0104,2024-02-28,5,2042.48,CAD
S06,FEED-0116,2024-02-29,5,1284.98,CAD
S04,TIRE-0087,2024-02-29,5,2381.39,CAD
S06,FEED-0074,2024-02-29,8,1662.91,CAD
S01,HDWR-0113,2024-02-29,25,9741.33,CAD
S03,SEED-0096,2024-02-29,6,1928.46,CAD
S03,SEED-0063,2024-02-29,2,768.08,CAD
S06,FUEL-0109,2024-02-29,33,8122.04,CAD
S03,LUBE-0090,2024-02-29,28,3628.35,CAD
S05,FEED-0102,2024-02-29,1,173.9,CAD
S05,SEED-0071,2024-03-01,24,12352.78,CAD
S01,SEED-0098,2024-03-01,25,1058.4,CAD
S04,FEED-0081,2024-03-01,30,13054.12,CAD
S03,HDWR-0113,2024-03-01,23,8144.8,CAD
S06,TIRE-0086,2024-03-01,21,1883.37,CAD
S01,TIRE-0084,2024-03-01,28,12440.4,CAD
S04,HDWR-0088,2024-03-01,18,8195.64,CAD
S03,LUBE-0090,2024-03-01,26,3005.33,CAD
S03,HDWR-0113,2024-03-02,14,5042.64,CAD
S02,SEED-0100,2024-03-02,10,4361.38,CAD
S01,FEED-0115,2024-03-03,18,5698.67,CAD
S06,TIRE-0077,2024-03-03,20,3789.95,CAD
S01,TIRE-0089,2024-03-04,23,9019.0,CAD
S05,HDWR-0067,2024-03-04,9,109.57,CAD
S01,TIRE-0077,2024-03-04,1,208.83,CAD
S04,TIRE-0073,2024-03-04,10,3610.57,CAD
S01,LUBE-0099,2024-03-04,25,908.13,CAD
S04,FEED-0102,2024-03-04,17,2717.3,CAD
S06,FEED-0081,2024-03-04,9,4567.72,CAD
S02,FEED-0104,2024-03-04,21,8438.54,CAD
S02,HDWR-0094,2024-03-05,20,1476.81,CAD
S02,FUEL-0091,2024-03-05,6,1419.59,CAD
S03,HDWR-0093,2024-03-05,15,6702.53,CAD
S01,LUBE-0099,2024-03-05,12,480.26,CAD
S01,FEED-0081,2024-03-05,15,7202.24,CAD
S01,LUBE-0099,2024-03-05,22,1023.37,CAD
S06,TIRE-0087,2024-03-06,26,10708.69,CAD
S01,HDWR-0110,2024-03-06,25,10990.13,CAD
S03,TIRE-0061,2024-03-06,15,7915.8,CAD
S06,LUBE-0065,2024-03-06,21,4385.36,CAD
S03,SEED-0111,2024-03-06,17,5585.49,CAD
S02,LUBE-0099,2024-03-06,17,771.38,CAD
S04,FEED-0085,2024-03-07,22,7125.13,CAD
S02,LUBE-0068,2024-03-07,8,3750.86,CAD
S05,FUEL-0109,2024-03-07,20,4631.01,CAD
S03,FEED-0115,2024-03-07,6,1825.75,CAD
S03,FUEL-0109,2024-03-07,21,5570.37,CAD
S02,TIRE-0105,2024-03-08,19,5274.28,CAD
S06,FEED-0081,2024-03-08,24,10207.08,CAD
S04,HDWR-0083,2024-03-08,16,7772.57,CAD
S05,TIRE-0119,2024-03-08,29,1788.68,CAD
S04,HDWR-0093,2024-03-09,11,5304.59,CAD
S05,HDWR-0113,2024-03-09,15,5811.81,CAD
S05,HDWR-0103,2024-03-10,18,2279.95,CAD
S05,LUBE-0099,2024-03-11,36,1342.59,CAD
S02,FEED-0085,2024-03-11,16,5443.95,CAD
S06,TIRE-0105,2024-03-11,40,11769.27,CAD
S04,FUEL-0109,2024-03-11,26,5920.8,CAD
S02,SEED-0108,2024-03-11,19,7489.06,CAD
S03,LUBE-0090,2024-03-11,26,3423.51,CAD
S02,TIRE-0073,2024-03-11,1,367.95,CAD
S02,LUBE-0092,2024-03-11,15,6000.71,CAD
S03,FUEL-0109,2024-03-12,21,5264.96,CAD
S03,SEED-0111,2024-03-12,22,9162.31,CAD
S06,FEED-0102,2024-03-12,18,3238.24,CAD
S03,TIRE-0084,2024-03-12,26,11521.11,CAD
S05,TIRE-0119,2024-03-12,34,2306.44,CAD
S03,TIRE-0089,2024-03-12,15,5581.54,CAD
S01,HDWR-0094,2024-03-12,34,2480.21,CAD
S05,LUBE-0099,2024-03-12,12,438.09,CAD
S03,SEED-0078,2024-03-12,30,1946.46,CAD
S04,LUBE-0120,2024-03-12,9,4421.83,CAD
S01,SEED-0096,2024-03-13,17,5024.49,CAD
S01,SEED-0114,2024-03-13,34,5316.75,CAD
S06,TIRE-0086,2024-03-13,17,1452.91,CAD
S06,FEED-0074,2024-03-13,16,3325.17,CAD
S01,HDWR-0094,2024-03-13,19,1447.51,CAD
S01,FEED-0115,2024-03-13,6,1980.27,CAD
S01,FUEL-0091,2024-03-13,35,7694.13,CAD
S02,TIRE-0084,2024-03-14,12,4422.96,CAD
S03,FEED-0085,2024-03-14,11,3776.93,CAD
S03,SEED-0082,2024-03-14,23,1156.55,CAD
S04,FUEL-0101,2024-03-14,16,767.33,CAD
S06,FEED-0115,2024-03-14,15,4325.47,CAD
S06,FEED-0097,2024-03-15,14,4360.84,CAD
S04,FEED-0070,2024-03-15,13,4148.39,CAD
S01,SEED-0071,2024-03-15,22,10249.91,CAD
S04,SEED-0111,2024-03-15,6,2271.18,CAD
S05,HDWR-0067,2024-03-15,13,141.25,CAD
S02,FEED-0104,2024-03-15,20,9032.37,CAD
S02,FEED-0081,2024-03-15,18,9636.17,CAD
S01,SEED-0118,2024-03-15,11,2413.5,CAD
S04,FUEL-0072,2024-03-15,4,1854.86,CAD
S04,HDWR-0067,2024-03-16,21,259.68,CAD
S05,FEED-0074,2024-03-16,12,2460.06,CAD
S06,HDWR-0088,2024-03-17,18,9226.36,CAD
S03,TIRE-0105,2024-03-17,12,4208.01,CAD
S01,HDWR-0088,2024-03-17,30,17875.81,CAD
S05,SEED-0063,2024-03-18,19,7860.33,CAD
S02,FUEL-0066,2024-03-18,28,6628.94,CAD
S02,HDWR-0107,2024-03-18,20,2220.59,CAD
S03,SEED-0118,2024-03-18,12,3141.36,CAD
S03,FEED-0115,2024-03-18,16,4478.72,CAD
S06,SEED-0100,2024-03-19,30,15466.62,CAD
S01,TIRE-0077,2024-03-19,18,3058.9,CAD
S01,FEED-0075,2024-03-19,23,5944.47,CAD
S03,SEED-0108,2024-03-19,8,2731.86,CAD
S01,HDWR-0088,2024-03-19,14,7339.52,CAD
S06,LUBE-0092,2024-03-19,7,2369.51,CAD
S05,HDWR-0103,2024-03-19,3,365.48,CAD
S02,TIRE-0105,2024-03-20,8,2441.32,CAD
S02,LUBE-0092,2024-03-20,14,4984.93,CAD
S03,TIRE-0086,2024-03-20,8,792.31,CAD
S02,FUEL-0109,2024-03-20,25,5407.81,CAD
S03,HDWR-0088,2024-03-20,6,3296.7,CAD
S03,SEED-0114,2024-03-20,28,3877.52,CAD
S03,FEED-0075,2024-03-20,13,3409.84,CAD
S05,FEED-0075,2024-03-20,16,4219.98,CAD
S02,HDWR-0110,2024-03-21,12,5106.76,CAD
S02,LUBE-0092,2024-03-21,19,7058.17,CAD
S02,SEED-0098,2024-03-21,26,1255.42,CAD
S01,SEED-0098,2024-03-21,20,949.57,CAD
S01,TIRE-0087,2024-03-21,14,7045.8,CAD
S04,FEED-0116,2024-03-22,15,3407.3,CAD
S01,FEED-0085,2024-03-22,15,5743.21,CAD
S03,SEED-0071,2024-03-22,12,6028.91,CAD
S05,FEED-0085,2024-03-23,15,4908.23,CAD
S01,HDWR-0107,2024-03-23,27,3044.13,CAD
S01,FUEL-0080,2024-03-23,15,2078.37,CAD
S03,SEED-0100,2024-03-23,27,14601.9,CAD
S06,FEED-0074,2024-03-24,16,3365.14,CAD
S05,SEED-0100,2024-03-24,25,13771.57,CAD
S02,HDWR-0083,2024-03-24,23,10168.32,CAD
S03,TIRE-0087,2024-03-25,14,7337.88,CAD
S01,SEED-0114,2024-03-25,17,2109.51,CAD
S03,TIRE-0105,2024-03-25,20,7197.25,CAD
S04,SEED-0062,2024-03-25,9,3011.46,CAD
S05,FUEL-0117,2024-03-25,8,2030.07,CAD
S04,FUEL-0079,2024-03-25,18,9328.08,CAD
S06,SEED-0111,2024-03-25,23,9460.23,CAD
S05,TIRE-0087,2024-03-26,24,12313.45,CAD
S06,FEED-0085,2024-03-26,16,6104.4,CAD
S05,FUEL-0072,2024-03-26,27,11269.39,CAD
S04,HDWR-0110,2024-03-26,21,10950.76,CAD
S02,TIRE-0105,2024-03-26,24,7811.33,CAD
S01,FEED-0106,2024-03-27,20,8940.8,CAD
S05,SEED-0114,2024-03-27,1,146.06,CAD
S06,TIRE-0084,2024-03-27,11,5043.1,CAD
S02,TIRE-0105,2024-03-27,19,6639.33,CAD
S03,HDWR-0103,2024-03-27,24,3043.29,CAD
S06,FEED-0106,2024-03-27,24,11029.4,CAD
S04,HDWR-0110,2024-03-27,22,9587.84,CAD
S02,FEED-0106,2024-03-27,15,6306.57,CAD
S06,TIRE-0119,2024-03-27,14,962.01,CAD
S01,TIRE-0076,2024-03-28,19,9963.39,CAD
S01,FEED-0095,2024-03-28,9,411.73,CAD
S05,TIRE-0119,2024-03-28,15,1016.0,CAD
S02,FUEL-0117,2024-03-28,16,4491.5,CAD
S03,SEED-0078,2024-03-28,9,716.89,CAD
S02,SEED-0098,2024-03-28,16,726.22,CAD
S06,LUBE-0090,2024-03-28,19,2252.13,CAD
S06,SEED-0108,2024-03-28,10,3871.79,CAD
S03,LUBE-0092,2024-03-28,11,3542.11,CAD
S06,FUEL-0091,2024-03-28,3,760.75,CAD
S03,SEED-0098,2024-03-29,13,640.38,CAD
S05,FEED-0075,2024-03-29,25,7843.18,CAD
S02,FUEL-0101,2024-03-29,28,1221.17,CAD
S06,LUBE-0112,2024-03-29,20,1346.02,CAD
S02,SEED-0111,2024-03-29,15,5161.44,CAD
S06,FUEL-0101,2024-03-29,9,409.53,CAD
S01,TIRE-0086,2024-03-29,24,2672.14,CAD
S03,HDWR-0088,2024-03-29,14,8328.43,CAD
S04,SEED-0111,2024-03-30,11,4454.63,CAD
S06,FUEL-0117,2024-03-30,15,4146.29,CAD
S06,FEED-0070,2024-03-30,7,2032.73,CAD
S02,LUBE-0120,2024-03-31,33,18488.18,CAD
S06,SEED-0100,2024-03-31,19,9712.75,CAD
S03,FEED-0085,2024-04-01,16,5591.52,CAD
S06,FUEL-0101,2024-04-01,18,826.35,CAD
S02,SEED-0114,2024-04-01,28,3790.56,CAD
S05,FEED-0097,2024-04-01,23,7551.4,CAD
S06,FUEL-0072,2024-04-01,28,12719.33,CAD
S03,SEED-0114,2024-04-01,16,2051.39,CAD
S06,FEED-0115,2024-04-01,39,13048.52,CAD
S01,FEED-0081,2024-04-02,38,16814.38,CAD
S04,HDWR-0088,2024-04-02,27,15549.16,CAD
S04,FEED-0081,2024-04-02,31,15615.6,CAD
S01,FUEL-0069,2024-04-02,18,9931.31,CAD
S06,FEED-0097,2024-04-02,16,4592.6,CAD
S05,TIRE-0119,2024-04-02,12,671.85,CAD
S06,FUEL-0101,2024-04-02,17,882.28,CAD
S01,FEED-0085,2024-04-03,17,5561.33,CAD
S02,SEED-0082,2024-04-03,25,1588.24,CAD
S06,SEED-0111,2024-04-03,60,23175.64,CAD
S05,FEED-0074,2024-04-03,28,5725.61,CAD
S05,FUEL-0109,2024-04-03,20,4898.86,CAD
S05,TIRE-0086,2024-04-03,26,2877.51,CAD
S01,TIRE-0086,2024-04-03,17,1717.76,CAD
S02,TIRE-0084,2024-04-04,25,11679.42,CAD
S03,HDWR-0094,2024-04-04,23,1662.05,CAD
S06,HDWR-0094,2024-04-04,20,1303.6,CAD
S06,LUBE-0065,2024-04-04,19,3184.24,CAD
S05,FEED-0115,2024-04-04,37,10927.42,CAD
S02,SEED-0100,2024-04-05,27,14382.07,CAD
S03,HDWR-0094,2024-04-05,21,1419.18,CAD
S05,FEED-0104,2024-04-05,41,17142.7,CAD
S05,FEED-0097,2024-04-05,39,12930.63,CAD
S04,HDWR-0094,2024-04-05,19,1532.36,CAD
S01,HDWR-0113,2024-04-05,27,9623.58,CAD
S06,HDWR-0067,2024-04-05,20,265.01,CAD
S01,HDWR-0107,2024-04-06,11,1375.65,CAD
S04,HDWR-0067,2024-04-06,17,198.01,CAD
S01,TIRE-0105,2024-04-07,21,6998.31,CAD
S04,HDWR-0107,2024-04-07,20,2293.44,CAD
S04,HDWR-0067,2024-04-08,21,262.0,CAD
S04,TIRE-0061,2024-04-08,24,11630.32,CAD
S02,FEED-0106,2024-04-08,56,24938.56,CAD
S03,FUEL-0066,2024-04-08,23,6249.26,CAD
S04,HDWR-0088,2024-04-08,18,10342.07,CAD
S01,SEED-0078,2024-04-08,46,3323.99,CAD
S02,FEED-0085,2024-04-08,47,14735.41,CAD
S06,SEED-0100,2024-04-08,24,12379.42,CAD
S04,HDWR-0103,2024-04-09,19,2568.54,CAD
S05,LUBE-0090,2024-04-09,11,1154.68,CAD
S02,TIRE-0084,2024-04-09,15,6068.02,CAD
S05,FUEL-0072,2024-04-09,15,6886.9,CAD
S03,FEED-0074,2024-04-10,36,6823.82,CAD
S06,FUEL-0101,2024-04-10,21,1017.63,CAD
S03,FUEL-0101,2024-04-10,16,838.0,CAD
S06,FUEL-0079,2024-04-10,17,7926.53,CAD
S01,HDWR-0103,2024-04-10,15,2045.31,CAD
S05,HDWR-0107,2024-04-11,15,1879.51,CAD
S05,HDWR-0103,2024-04-11,31,4216.12,CAD
S03,FEED-0074,2024-04-11,26,5771.84,CAD
S02,LUBE-0090,2024-04-11,24,3070.81,CAD
S06,TIRE-0087,2024-04-12,19,10159.99,CAD
S03,TIRE-0061,2024-04-12,15,6784.67,CAD
S06,TIRE-0064,2024-04-12,14,5295.57,CAD
S03,LUBE-0112,2024-04-12,19,1116.06,CAD
S01,SEED-0118,2024-04-12,25,6388.75,CAD
S05,SEED-0098,2024-04-12,16,873.07,CAD
S04,FUEL-0109,2024-04-12,13,3424.47,CAD
S05,HDWR-0113,2024-04-12,22,9708.99,CAD
S02,FEED-0074,2024-04-12,31,5724.3,CAD
S05,SEED-0062,2024-04-13,46,18959.66,CAD
S01,FEED-0075,2024-04-13,32,9114.19,CAD
S02,HDWR-0103,2024-04-14,6,762.41,CAD
S04,HDWR-0110,2024-04-15,22,11095.04,CAD
S06,FEED-0115,2024-04-15,13,4174.99,CAD
S01,TIRE-0073,2024-04-15,9,2660.07,CAD
S06,TIRE-0061,2024-04-15,24,10049.5,CAD
S05,TIRE-0084,2024-04-15,16,6122.73,CAD
S03,SEED-0100,2024-04-15,21,10366.09,CAD
S04,FEED-0095,2024-04-15,49,2426.3,CAD
S04,HDWR-0083,2024-04-16,23,9639.64,CAD
S01,SEED-0096,2024-04-16,44,13173.86,CAD
S01,LUBE-0068,2024-04-16,25,10607.68,CAD
S03,FEED-0095,2024-04-16,27,1215.67,CAD
S03,LUBE-0120,2024-04-17,12,6635.34,CAD
S06,SEED-0096,2024-04-17,29,10425.56,CAD
S02,TIRE-0077,2024-04-17,20,3362.9,CAD
S06,LUBE-0092,2024-04-17,10,3307.38,CAD
S05,HDWR-0067,2024-04-18,21,239.78,CAD
S03,FEED-0104,2024-04-18,15,5823.46,CAD
S01,HDWR-0110,2024-04-18,20,9820.07,CAD
S04,FUEL-0080,2024-04-18,23,2987.62,CAD
S01,LUBE-0090,2024-04-18,9,1013.2,CAD
S02,SEED-0108,2024-04-18,55,17612.25,CAD
S02,TIRE-0061,2024-04-18,22,9487.45,CAD
S04,TIRE-0105,2024-04-18,19,6511.47,CAD
S01,LUBE-0099,2024-04-19,16,674.94,CAD
S05,SEED-0096,2024-04-19,24,8111.51,CAD
S06,SEED-0111,2024-04-19,35,13465.06,CAD
S06,LUBE-0120,2024-04-19,24,11839.68,CAD
S04,TIRE-0089,2024-04-20,5,1993.12,CAD
S05,SEED-0082,2024-04-21,28,1365.74,CAD
S03,HDWR-0110,2024-04-21,21,10693.81,CAD
S04,HDWR-0083,2024-04-22,13,6141.27,CAD
S01,SEED-0114,2024-04-22,47,6688.8,CAD
S01,SEED-0082,2024-04-22,20,1247.23,CAD
S03,FEED-0106,2024-04-22,51,23752.14,CAD
S02,FEED-0085,2024-04-23,39,14461.99,CAD
S05,SEED-0082,2024-04-23,20,1081.27,CAD
S03,TIRE-0089,2024-04-24,16,7409.24,CAD
S05,SEED-0114,2024-04-24,34,4611.92,CAD
S06,FEED-0116,2024-04-24,47,11733.24,CAD
S01,TIRE-0105,2024-04-24,13,4412.32,CAD
S03,LUBE-0099,2024-04-24,10,409.69,CAD
S01,LUBE-0112,2024-04-24,28,1948.19,CAD
S06,SEED-0100,2024-04-24,19,9105.17,CAD
S04,HDWR-0094,2024-04-25,29,2226.4,CAD
S04,FUEL-0101,2024-04-25,21,1008.5,CAD
S01,SEED-0096,2024-04-25,43,14182.88,CAD
S02,SEED-0098,2024-04-25,42,2023.11,CAD
S05,FEED-0095,2024-04-25,44,1828.35,CAD
S02,FUEL-0069,2024-04-26,18,8773.12,CAD
S06,LUBE-0090,2024-04-26,19,1945.14,CAD
S05,LUBE-0090,2024-04-26,17,1881.03,CAD
S06,FEED-0085,2024-04-26,32,11189.92,CAD
S03,LUBE-0065,2024-04-28,25,5230.74,CAD
S04,HDWR-0113,2024-04-28,27,9402.74,CAD
S05,TIRE-0087,2024-04-29,26,13701.28,CAD
S02,HDWR-0088,2024-04-29,10,5161.86,CAD
S02,FEED-0070,2024-04-29,36,10279.47,CAD
S02,SEED-0111,2024-04-29,41,14408.74,CAD
S05,FUEL-0091,2024-04-29,24,5987.41,CAD
S02,LUBE-0099,2024-04-29,14,612.53,CAD
S03,SEED-0098,2024-04-29,44,2078.33,CAD
S06,FEED-0115,2024-04-29,43,13787.5,CAD
S05,SEED-0098,2024-04-30,20,998.64,CAD
S06,FUEL-0079,2024-04-30,11,5396.84,CAD
S06,HDWR-0083,2024-04-30,19,8387.81,CAD
S01,FEED-0106,2024-04-30,18,8562.41,CAD
S03,FEED-0106,2024-05-01,59,25135.68,CAD
S06,FEED-0115,2024-05-01,35,10551.1,CAD
S06,FEED-0115,2024-05-01,46,15191.83,CAD
S04,HDWR-0113,2024-05-01,23,9588.73,CAD
S02,LUBE-0092,2024-05-01,21,7983.21,CAD
S06,LUBE-0068,2024-05-01,23,10674.61,CAD
S05,FUEL-0066,2024-05-02,24,5645.12,CAD
S03,FUEL-0117,2024-05-02,15,3942.94,CAD
S02,FEED-0085,2024-05-02,48,18762.22,CAD
S04,HDWR-0094,2024-05-02,16,1336.08,CAD
S05,FEED-0074,2024-05-02,50,9945.32,CAD
S06,FUEL-0079,2024-05-03,20,10131.01,CAD
S05,FUEL-0101,2024-05-03,21,1037.49,CAD
S01,LUBE-0120,2024-05-03,24,11619.23,CAD
S06,SEED-0078,2024-05-03,37,2469.51,CAD
S03,FUEL-0080,2024-05-03,27,4186.17,CAD
S05,TIRE-0064,2024-05-03,16,7164.07,CAD
S02,FEED-0095,2024-05-04,55,2662.09,CAD
S03,TIRE-0089,2024-05-04,17,6663.55,CAD
S02,HDWR-0107,2024-05-05,23,2365.83,CAD
S03,HDWR-0107,2024-05-05,25,2789.79,CAD
S01,FUEL-0069,2024-05-06,28,13665.44,CAD
S03,HDWR-0103,2024-05-06,21,2876.16,CAD
S02,SEED-0108,2024-05-06,28,10441.99,CAD
S03,SEED-0111,2024-05-06,35,13725.29,CAD
S05,HDWR-0094,2024-05-07,15,1212.26,CAD
S01,HDWR-0067,2024-05-07,10,104.75,CAD
S05,HDWR-0088,2024-05-07,22,12841.49,CAD
S03,SEED-0096,2024-05-07,71,23998.68,CAD
S03,FUEL-0091,2024-05-07,14,2973.44,CAD
S03,FEED-0115,2024-05-07,38,11437.22,CAD
S06,TIRE-0089,2024-05-08,3,1226.09,CAD
S05,FEED-0104,2024-05-08,52,18272.57,CAD
S04,TIRE-0119,2024-05-08,15,1021.55,CAD
S04,LUBE-0090,2024-05-08,16,1679.3,CAD
S03,FUEL-0079,2024-05-08,23,11675.49,CAD
S03,FUEL-0101,2024-05-08,14,668.1,CAD
S05,SEED-0078,2024-05-09,48,3672.02,CAD
S03,FEED-0102,2024-05-09,26,4048.84,CAD
S02,FUEL-0080,2024-05-09,16,2247.78,CAD
S04,FUEL-0101,2024-05-09,28,1378.91,CAD
S06,FEED-0095,2024-05-09,33,1505.2,CAD
S01,SEED-0063,2024-05-09,27,10293.66,CAD
S01,FEED-0085,2024-05-09,69,27791.6,CAD
S06,FEED-0116,2024-05-09,59,15142.15,CAD
S02,FEED-0097,2024-05-10,33,10123.55,CAD
S03,HDWR-0113,2024-05-10,14,5884.72,CAD
S04,SEED-0118,2024-05-10,71,18650.47,CAD
S03,SEED-0118,2024-05-10,65,16600.34,CAD
S04,FUEL-0066,2024-05-10,17,4533.46,CAD
S04,LUBE-0092,2024-05-10,21,7332.08,CAD
S04,FEED-0104,2024-05-11,65,27257.86,CAD
S04,LUBE-0120,2024-05-11,6,3385.39,CAD
S06,HDWR-0094,2024-05-13,4,321.69,CAD
S05,HDWR-0067,2024-05-13,24,310.91,CAD
S05,HDWR-0103,2024-05-13,17,2035.39,CAD
S01,SEED-0100,2024-05-13,48,23571.3,CAD
S04,FUEL-0066,2024-05-13,12,2800.17,CAD
S05,TIRE-0089,2024-05-13,17,7178.1,CAD
S03,HDWR-0110,2024-05-13,13,5322.57,CAD
S01,FEED-0097,2024-05-14,60,19405.75,CAD
S06,TIRE-0061,2024-05-14,20,10599.03,CAD
S04,LUBE-0068,2024-05-14,11,4561.56,CAD
S03,SEED-0082,2024-05-15,60,3767.52,CAD
S03,HDWR-0110,2024-05-15,15,6771.75,CAD
S06,TIRE-0087,2024-05-15,27,11974.97,CAD
S05,TIRE-0087,2024-05-15,19,9522.43,CAD
S01,TIRE-0087,2024-05-15,18,7640.21,CAD
S02,FEED-0085,2024-05-15,66,25391.95,CAD
S03,TIRE-0119,2024-05-16,21,1418.12,CAD
S06,TIRE-0089,2024-05-16,18,6769.45,CAD
S04,LUBE-0099,2024-05-16,15,580.01,CAD
S01,HDWR-0083,2024-05-16,27,10754.17,CAD
S02,FEED-0070,2024-05-17,18,4382.6,CAD
S04,TIRE-0105,2024-05-17,24,8698.8,CAD
S03,HDWR-0110,2024-05-17,17,7107.84,CAD
S04,LUBE-0090,2024-05-17,25,2838.17,CAD
S05,FEED-0102,2024-05-17,30,5402.76,CAD
S04,FEED-0104,2024-05-17,27,12129.13,CAD
S06,TIRE-0084,2024-05-18,1,463.69,CAD
S05,FUEL-0117,2024-05-19,9,2031.36,CAD
S06,LUBE-0090,2024-05-19,20,2068.17,CAD
S05,TIRE-0077,2024-05-19,23,3904.85,CAD
S05,FEED-0074,2024-05-20,63,14349.13,CAD
S04,FEED-0104,2024-05-20,14,5866.25,CAD
S02,TIRE-0077,2024-05-20,16,2608.34,CAD
S02,FUEL-0072,2024-05-21,25,13052.39,CAD
S05,SEED-0111,2024-05-21,89,33093.21,CAD
S02,FEED-0102,2024-05-21,31,5199.74,CAD
S04,FUEL-0117,2024-05-21,13,3749.19,CAD
S04,HDWR-0093,2024-05-21,12,5414.02,CAD
S03,TIRE-0087,2024-05-21,14,6187.51,CAD
S03,SEED-0098,2024-05-22,45,1972.01,CAD
S06,FEED-0102,2024-05-22,57,10234.53,CAD
S02,FEED-0116,2024-05-22,24,5248.17,CAD
S06,SEED-0062,2024-05-23,51,17739.54,CAD
S06,LUBE-0112,2024-05-23,7,425.95,CAD
S06,SEED-0111,2024-05-23,75,26541.7,CAD
S06,FUEL-0101,2024-05-23,15,641.05,CAD
S03,HDWR-0113,2024-05-24,17,7646.71,CAD
S03,TIRE-0087,2024-05-24,15,7934.9,CAD
S02,SEED-0096,2024-05-24,34,10516.58,CAD
S03,FEED-0115,2024-05-24,25,6522.82,CAD
S05,LUBE-0065,2024-05-24,21,4080.23,CAD
S03,FEED-0116,2024-05-24,26,6063.79,CAD
S01,FEED-0081,2024-05-25,50,22656.58,CAD
S05,HDWR-0088,2024-05-25,25,12881.54,CAD
S06,FEED-0095,2024-05-26,35,1357.0,CAD
S06,HDWR-0067,2024-05-26,19,220.21,CAD
S06,TIRE-0084,2024-05-26,19,8357.96,CAD
S06,FUEL-0091,2024-05-27,28,5686.03,CAD
S02,FEED-0074,2024-05-27,28,5417.0,CAD
S03,TIRE-0086,2024-05-27,20,2238.46,CAD
S02,TIRE-0064,2024-05-27,33,12317.98,CAD
S05,FEED-0070,2024-05-27,30,8073.54,CAD
S03,TIRE-0061,2024-05-27,29,15542.04,CAD
S05,HDWR-0103,2024-05-27,15,1996.08,CAD
S04,TIRE-0119,2024-05-28,16,999.62,CAD
S06,SEED-0078,2024-05-28,50,3789.71,CAD
S04,FUEL-0109,2024-05-28,10,2685.27,CAD
S04,LUBE-0092,2024-05-28,17,5874.06,CAD
S05,LUBE-0112,2024-05-28,24,1341.77,CAD
S04,HDWR-0094,2024-05-28,17,1258.13,CAD
S05,TIRE-0061,2024-05-29,20,10629.95,CAD
S03,SEED-0118,2024-05-29,24,6291.96,CAD
S02,FEED-0097,2024-05-29,54,16116.71,CAD
S04,HDWR-0107,2024-05-29,16,1958.9,CAD
S06,SEED-0082,2024-05-29,44,2457.36,CAD
S06,TIRE-0084,2024-05-29,23,9651.51,CAD
S06,TIRE-0089,2024-05-29,13,5012.7,CAD
S06,HDWR-0113,2024-05-30,14,5040.1,CAD
S06,HDWR-0088,2024-05-30,8,4435.19,CAD
S05,HDWR-0107,2024-05-31,24,2848.32,CAD
S01,HDWR-0103,2024-05-31,8,978.29,CAD
S01,SEED-0118,2024-05-31,49,10516.91,CAD
S01,FUEL-0101,2024-05-31,20,853.87,CAD
S04,SEED-0100,2024-05-31,43,18986.35,CAD
S06,FEED-0102,2024-05-31,38,6085.49,CAD
S01,TIRE-0086,2024-05-31,21,2221.93,CAD
S01,FUEL-0101,2024-06-01,22,1181.8,CAD
S06,LUBE-0065,2024-06-01,11,1865.3,CAD
S01,SEED-0098,2024-06-02,20,976.23,CAD
S02,LUBE-0092,2024-06-02,22,8441.21,CAD
S02,FUEL-0066,2024-06-03,1,237.03,CAD
S01,HDWR-0093,2024-06-03,25,11913.16,CAD
S04,HDWR-0088,2024-06-03,19,11355.91,CAD
S04,FEED-0115,2024-06-03,38,9784.16,CAD
S04,TIRE-0087,2024-06-03,15,7506.55,CAD
S04,FUEL-0109,2024-06-04,27,6805.61,CAD
S05,TIRE-0086,2024-06-04,5,555.8,CAD
S05,FEED-0085,2024-06-04,43,16800.96,CAD
S04,FEED-0102,2024-06-04,33,5250.9,CAD
S05,SEED-0111,2024-06-04,2,645.86,CAD
S03,FEED-0085,2024-06-05,29,11673.05,CAD
S01,SEED-0098,2024-06-05,32,1579.15,CAD
S06,SEED-0063,2024-06-05,15,5585.69,CAD
S03,LUBE-0099,2024-06-05,14,557.94,CAD
S05,FEED-0095,2024-06-05,34,1320.51,CAD
S06,FEED-0115,2024-06-05,26,7406.66,CAD
S02,FEED-0085,2024-06-05,29,10819.53,CAD
S06,FUEL-0117,2024-06-05,28,6359.22,CAD
S05,TIRE-0073,2024-06-06,22,7806.35,CAD
S06,FEED-0104,2024-06-06,20,7655.4,CAD
S01,FUEL-0109,2024-06-06,22,4912.41,CAD
S05,TIRE-0073,2024-06-06,13,4733.64,CAD
S05,FUEL-0080,2024-06-07,16,2189.59,CAD
S02,TIRE-0064,2024-06-07,11,4740.34,CAD
S04,LUBE-0099,2024-06-07,14,657.8,CAD
S06,HDWR-0094,2024-06-07,22,1637.32,CAD
S03,SEED-0098,2024-06-07,35,1863.93,CAD
S01,FUEL-0117,2024-06-07,12,3213.06,CAD
S04,FUEL-0109,2024-06-07,17,3654.36,CAD
S05,HDWR-0088,2024-06-07,23,11233.51,CAD
S03,HDWR-0103,2024-06-08,15,2060.53,CAD
S04,HDWR-0093,2024-06-08,14,7429.85,CAD
S01,SEED-0114,2024-06-09,11,1729.35,CAD
S01,LUBE-0065,2024-06-09,4,866.31,CAD
S06,FEED-0075,2024-06-10,42,12186.94,CAD
S05,SEED-0111,2024-06-10,41,16054.4,CAD
S05,HDWR-0083,2024-06-10,29,14050.57,CAD
S02,TIRE-0086,2024-06-10,17,1744.92,CAD
S03,LUBE-0090,2024-06-10,24,3151.67,CAD
S01,HDWR-0088,2024-06-10,12,6222.14,CAD
S03,SEED-0118,2024-06-11,20,5307.0,CAD
S04,LUBE-0092,2024-06-11,19,7521.65,CAD
S01,TIRE-0105,2024-06-11,22,7030.75,CAD
S05,TIRE-0105,2024-06-11,17,4713.49,CAD
S04,FEED-0081,2024-06-11,30,14023.18,CAD
S03,FEED-0081,2024-06-11,22,10029.08,CAD
S06,HDWR-0107,2024-06-11,25,3014.38,CAD
S05,FUEL-0109,2024-06-12,13,2930.16,CAD
S04,HDWR-0113,2024-06-12,13,5846.67,CAD
S05,SEED-0114,2024-06-12,33,5293.49,CAD
S05,HDWR-0083,2024-06-12,34,15747.12,CAD
S01,FUEL-0117,2024-06-12,22,5996.53,CAD
S01,TIRE-0073,2024-06-12,21,6116.95,CAD
S04,LUBE-0099,2024-06-12,21,813.5,CAD
S03,TIRE-0105,2024-06-12,16,4581.61,CAD
S02,HDWR-0110,2024-06-12,25,12154.53,CAD
S03,FEED-0106,2024-06-13,27,10598.07,CAD
S02,FEED-0102,2024-06-13,21,2913.31,CAD
S06,HDWR-0088,2024-06-13,7,3645.68,CAD
S02,HDWR-0088,2024-06-13,22,12276.99,CAD
S04,FUEL-0091,2024-06-13,17,3382.63,CAD
S05,HDWR-0103,2024-06-13,5,662.07,CAD
S01,FEED-0104,2024-06-13,42,16157.79,CAD
S05,FEED-0115,2024-06-13,35,9464.87,CAD
S03,HDWR-0107,2024-06-14,17,1795.7,CAD
S03,HDWR-0113,2024-06-14,2,825.9,CAD
S03,SEED-0098,2024-06-14,16,702.92,CAD
S04,FEED-0095,2024-06-14,27,1294.85,CAD
S04,TIRE-0119,2024-06-14,24,1595.51,CAD
S04,SEED-0063,2024-06-14,31,11618.46,CAD
S02,SEED-0111,2024-06-14,32,13084.5,CAD
S03,FEED-0106,2024-06-15,13,5152.42,CAD
S06,HDWR-0088,2024-06-15,22,12969.78,CAD
S06,HDWR-0094,2024-06-16,3,251.04,CAD
S05,HDWR-0103,2024-06-17,27,3661.26,CAD
S01,SEED-0096,2024-06-17,14,4042.75,CAD
S04,LUBE-0099,2024-06-17,29,1102.68,CAD
S04,SEED-0100,2024-06-17,40,18633.54,CAD
S06,FEED-0097,2024-06-17,34,11992.44,CAD
S03,FEED-0095,2024-06-17,36,1788.87,CAD
S05,TIRE-0073,2024-06-17,7,2558.89,CAD
S06,HDWR-0088,2024-06-17,24,11438.05,CAD
S04,FUEL-0117,2024-06-18,11,2683.0,CAD
S03,TIRE-0105,2024-06-18,12,4113.04,CAD
S02,SEED-0118,2024-06-18,33,7521.32,CAD
S06,TIRE-0087,2024-06-19,18,9015.02,CAD
S03,HDWR-0103,2024-06-19,21,2403.14,CAD
S01,TIRE-0105,2024-06-19,19,6390.43,CAD
S06,FEED-0095,2024-06-19,16,619.98,CAD
S05,FUEL-0066,2024-06-20,15,4058.15,CAD
S04,HDWR-0083,2024-06-20,13,6443.83,CAD
S02,HDWR-0093,2024-06-20,10,4932.73,CAD
S06,TIRE-0076,2024-06-20,19,9119.44,CAD
S06,SEED-0108,2024-06-20,25,8564.03,CAD
S04,LUBE-0092,2024-06-20,14,5657.68,CAD
S06,HDWR-0107,2024-06-20,14,1561.33,CAD
S02,FUEL-0109,2024-06-20,12,2943.22,CAD
S05,LUBE-0099,2024-06-21,17,750.48,CAD
S05,FUEL-0066,2024-06-21,21,5348.14,CAD
S04,TIRE-0119,2024-06-21,23,1547.74,CAD
S01,HDWR-0110,2024-06-21,18,7584.79,CAD
S01,FEED-0081,2024-06-21,25,13250.68,CAD
S03,FUEL-0117,2024-06-22,21,5333.97,CAD
S03,HDWR-0083,2024-06-22,16,7850.48,CAD
S04,LUBE-0092,2024-06-23,11,3562.79,CAD
S05,FEED-0097,2024-06-23,41,13059.1,CAD
S02,LUBE-0099,2024-06-24,11,402.18,CAD
S06,TIRE-0119,2024-06-24,20,1135.35,CAD
S01,FEED-0074,2024-06-24,59,13458.62,CAD
S06,HDWR-0088,2024-06-24,12,6747.95,CAD
S03,FUEL-0117,2024-06-24,16,3567.95,CAD
S02,HDWR-0083,2024-06-24,15,7432.29,CAD
S05,FUEL-0080,2024-06-24,11,1688.82,CAD
S02,HDWR-0113,2024-06-24,16,6443.13,CAD
S02,SEED-0082,2024-06-25,41,2002.84,CAD
S05,SEED-0114,2024-06-25,21,3244.21,CAD
S04,HDWR-0093,2024-06-25,15,8379.13,CAD
S01,TIRE-0084,2024-06-25,9,3266.55,CAD
S05,FEED-0075,2024-06-25,22,6886.09,CAD
S06,TIRE-0086,2024-06-25,14,1336.87,CAD
S02,FEED-0095,2024-06-25,26,1035.01,CAD
S04,LUBE-0092,2024-06-26,15,4825.26,CAD
S05,FUEL-0091,2024-06-26,20,4125.23,CAD
S01,TIRE-0061,2024-06-26,15,7554.18,CAD
S02,FEED-0102,2024-06-26,28,4024.66,CAD
S06,TIRE-0105,2024-06-26,22,6996.66,CAD
S03,FEED-0074,2024-06-27,47,10081.57,CAD
S04,FUEL-0101,2024-06-27,6,298.57,CAD
S02,SEED-0098,2024-06-27,31,1503.16,CAD
S04,TIRE-0086,2024-06-27,24,2527.11,CAD
S01,HDWR-0083,2024-06-27,25,11409.53,CAD
S06,FEED-0102,2024-06-27,15,2266.55,CAD
S01,HDWR-0083,2024-06-27,16,8061.77,CAD
S05,FEED-0070,2024-06-27,25,7561.19,CAD
S02,HDWR-0067,2024-06-27,18,189.42,CAD
S05,SEED-0111,2024-06-28,25,8286.55,CAD
S06,TIRE-0076,2024-06-29,20,8938.23,CAD
S02,TIRE-0084,2024-06-29,15,5581.72,CAD
S05,SEED-0082,2024-06-29,39,2014.57,CAD
S04,SEED-0118,2024-06-30,27,7022.42,CAD
S05,SEED-0108,2024-07-01,15,5501.7,CAD
S01,LUBE-0090,2024-07-01,23,3092.33,CAD
S04,HDWR-0113,2024-07-01,8,2946.9,CAD
S03,LUBE-0065,2024-07-01,30,5994.12,CAD
S04,FUEL-0091,2024-07-01,6,1260.05,CAD
S03,FEED-0085,2024-07-01,12,4485.49,CAD
S01,TIRE-0119,2024-07-01,17,923.23,CAD
S06,LUBE-0090,2024-07-01,11,1148.72,CAD
S06,HDWR-0113,2024-07-01,18,7509.59,CAD
S04,TIRE-0105,2024-07-01,9,3131.55,CAD
S02,LUBE-0120,2024-07-02,13,6149.69,CAD
S02,LUBE-0092,2024-07-02,23,7638.18,CAD
S03,TIRE-0064,2024-07-02,25,10897.01,CAD
S04,SEED-0082,2024-07-02,20,1125.64,CAD
S05,FEED-0095,2024-07-02,12,488.14,CAD
S05,LUBE-0120,2024-07-02,26,15085.06,CAD
S04,SEED-0114,2024-07-03,8,990.25,CAD
S01,FEED-0104,2024-07-03,20,8374.16,CAD
S03,FEED-0081,2024-07-03,18,8588.61,CAD
S02,HDWR-0067,2024-07-04,29,363.78,CAD
S04,FEED-0081,2024-07-04,12,5894.02,CAD
S01,TIRE-0089,2024-07-04,14,6263.56,CAD
S06,FUEL-0101,2024-07-04,12,574.41,CAD
S02,SEED-0100,2024-07-05,19,9002.0,CAD
S06,FEED-0085,2024-07-05,19,7522.46,CAD
S04,TIRE-0086,2024-07-05,11,1145.87,CAD
S02,TIRE-0064,2024-07-05,26,11974.24,CAD
S02,TIRE-0089,2024-07-06,13,5365.21,CAD
S03,LUBE-0099,2024-07-06,19,864.62,CAD
S01,FUEL-0072,2024-07-06,22,10515.44,CAD
S02,SEED-0082,2024-07-08,25,1440.95,CAD
S05,HDWR-0110,2024-07-08,12,5353.29,CAD
S04,SEED-0114,2024-07-08,16,2278.7,CAD
S05,FEED-0085,2024-07-08,18,5758.8,CAD
S05,SEED-0118,2024-07-09,13,3572.82,CAD
S01,HDWR-0083,2024-07-09,21,8351.66,CAD
S06,TIRE-0105,2024-07-10,23,8039.38,CAD
S06,LUBE-0092,2024-07-10,15,5441.34,CAD
S06,FEED-0097,2024-07-10,25,9242.11,CAD
S06,HDWR-0093,2024-07-10,19,9577.74,CAD
S01,FEED-0102,2024-07-10,14,2400.78,CAD
S04,LUBE-0090,2024-07-10,22,2389.87,CAD
S06,FEED-0104,2024-07-11,19,7389.46,CAD
S04,HDWR-0088,2024-07-11,12,6783.22,CAD
S05,TIRE-0089,2024-07-11,15,6340.29,CAD
S04,SEED-0111,2024-07-11,9,3783.59,CAD
S03,SEED-0082,2024-07-11,18,1027.83,CAD
S04,FUEL-0117,2024-07-11,19,4757.49,CAD
S02,FEED-0116,2024-07-12,14,2970.0,CAD
S05,SEED-0078,2024-07-12,20,1577.37,CAD
S06,SEED-0108,2024-07-12,4,1571.06,CAD
S01,SEED-0118,2024-07-13,24,6271.87,CAD
S02,HDWR-0093,2024-07-13,24,12670.23,CAD
S02,HDWR-0110,2024-07-14,17,7184.06,CAD
S02,SEED-0118,2024-07-14,16,3774.08,CAD
S04,SEED-0096,2024-07-15,13,4288.17,CAD
S01,SEED-0098,2024-07-15,14,711.25,CAD
S05,TIRE-0087,2024-07-15,21,9242.67,CAD
S01,LUBE-0090,2024-07-15,24,2945.86,CAD
S06,LUBE-0092,2024-07-15,7,2785.2,CAD
S04,LUBE-0099,2024-07-15,20,900.8,CAD
S02,TIRE-0119,2024-07-15,14,780.24,CAD
S03,TIRE-0105,2024-07-16,22,7309.87,CAD
S05,FUEL-0069,2024-07-16,26,14186.37,CAD
S04,LUBE-0090,2024-07-16,33,4090.37,CAD
S06,LUBE-0099,2024-07-16,20,899.55,CAD
S03,TIRE-0089,2024-07-16,21,9866.77,CAD
S04,TIRE-0086,2024-07-17,19,2092.25,CAD
S02,FEED-0095,2024-07-17,6,232.02,CAD
S05,HDWR-0093,2024-07-17,24,13411.84,CAD
S01,FUEL-0101,2024-07-17,15,729.4,CAD
S03,HDWR-0094,2024-07-17,7,503.51,CAD
S06,HDWR-0103,2024-07-17,23,3034.93,CAD
S01,FEED-0081,2024-07-18,10,4227.1,CAD
S01,SEED-0063,2024-07-18,18,7680.28,CAD
S02,HDWR-0093,2024-07-18,20,9149.25,CAD
S02,SEED-0082,2024-07-18,21,1107.15,CAD
S04,FUEL-0101,2024-07-18,34,1597.48,CAD
S05,LUBE-0065,2024-07-18,16,3354.25,CAD
S05,HDWR-0083,2024-07-19,16,6309.29,CAD
S01,SEED-0114,2024-07-19,19,3054.58,CAD
S03,TIRE-0105,2024-07-19,12,3967.07,CAD
S01,TIRE-0087,2024-07-19,14,6245.42,CAD
S04,SEED-0118,2024-07-20,9,2477.26,CAD
S04,SEED-0114,2024-07-21,9,1323.07,CAD
S04,HDWR-0094,2024-07-21,18,1492.17,CAD
S03,HDWR-0103,2024-07-21,20,2301.68,CAD
S04,SEED-0096,2024-07-21,11,3777.75,CAD
S04,LUBE-0090,2024-07-22,17,2022.11,CAD
S03,TIRE-0084,2024-07-22,17,6901.61,CAD
S02,FUEL-0091,2024-07-22,13,2669.6,CAD
S05,FEED-0081,2024-07-22,29,12430.66,CAD
S02,SEED-0082,2024-07-22,18,907.7,CAD
S01,FEED-0102,2024-07-22,22,3031.13,CAD
S05,SEED-0078,2024-07-22,20,1595.96,CAD
S04,LUBE-0120,2024-07-23,11,5884.46,CAD
S01,FEED-0104,2024-07-23,28,10836.24,CAD
S02,HDWR-0107,2024-07-23,18,1757.22,CAD
S04,FEED-0085,2024-07-23,6,1882.28,CAD
S03,SEED-0082,2024-07-23,15,731.16,CAD
S05,FEED-0095,2024-07-23,17,852.18,CAD
S04,LUBE-0120,2024-07-23,11,6810.9,CAD
S06,HDWR-0110,2024-07-24,27,12043.76,CAD
S04,SEED-0071,2024-07-24,19,8092.42,CAD
S06,FEED-0097,2024-07-24,15,5550.79,CAD
S06,FUEL-0069,2024-07-24,17,9505.45,CAD
S05,LUBE-0120,2024-07-24,14,8201.92,CAD
S01,TIRE-0077,2024-07-24,13,2536.24,CAD
S02,LUBE-0120,2024-07-25,17,8935.64,CAD
S03,HDWR-0110,2024-07-25,14,7455.77,CAD
S06,FEED-0074,2024-07-25,18,3829.36,CAD
S06,HDWR-0103,2024-07-25,21,2747.34,CAD
S04,HDWR-0110,2024-07-25,12,5357.44,CAD
S06,FEED-0106,2024-07-25,26,9752.78,CAD
S06,FUEL-0109,2024-07-25,17,4116.09,CAD
S02,FEED-0081,2024-07-26,6,2785.51,CAD
S03,FEED-0104,2024-07-26,16,5753.04,CAD
S02,LUBE-0092,2024-07-26,27,8941.94,CAD
S01,FEED-0095,2024-07-26,4,199.73,CAD
S02,SEED-0100,2024-07-26,22,10291.2,CAD
S06,TIRE-0105,2024-07-26,9,3199.06,CAD
S06,LUBE-0068,2024-07-26,15,6585.26,CAD
S05,FEED-0097,2024-07-26,17,6200.79,CAD
S06,HDWR-0103,2024-07-26,20,2292.07,CAD
S01,TIRE-0084,2024-07-27,9,3367.94,CAD
S02,FUEL-0101,2024-07-27,28,1307.44,CAD
S06,FUEL-0066,2024-07-27,14,3074.15,CAD
S04,SEED-0096,2024-07-28,24,8408.6,CAD
S06,FEED-0102,2024-07-28,10,1756.71,CAD
S04,TIRE-0084,2024-07-28,7,2760.77,CAD
S04,TIRE-0084,2024-07-29,15,5579.5,CAD
S06,SEED-0063,2024-07-29,18,7075.27,CAD
S01,SEED-0096,2024-07-29,12,4224.3,CAD
S05,FUEL-0117,2024-07-29,23,5148.41,CAD
S05,FUEL-0072,2024-07-29,29,14424.76,CAD
S01,TIRE-0084,2024-07-29,10,4501.01,CAD
S03,HDWR-0103,2024-07-29,20,2299.4,CAD
S01,FUEL-0109,2024-07-30,21,4704.61,CAD
S02,FEED-0070,2024-07-30,17,4696.97,CAD
S03,FUEL-0101,2024-07-30,34,1716.25,CAD
S02,HDWR-0107,2024-07-30,27,2795.79,CAD
S04,FUEL-0080,2024-07-30,22,2950.34,CAD
S06,SEED-0082,2024-07-31,10,572.69,CAD
S05,HDWR-0083,2024-07-31,9,4144.18,CAD
S01,FUEL-0101,2024-07-31,23,1052.41,CAD
S04,FEED-0106,2024-07-31,25,9560.12,CAD
S04,FEED-0097,2024-07-31,21,7173.67,CAD
S05,FUEL-0101,2024-07-31,29,1422.13,CAD
S04,HDWR-0113,2024-08-01,14,4844.5,CAD
S05,TIRE-0087,2024-08-01,11,5165.58,CAD
S04,TIRE-0119,2024-08-01,16,1091.33,CAD
S05,TIRE-0064,2024-08-01,3,1301.15,CAD
S06,FUEL-0069,2024-08-02,18,8737.08,CAD
S06,FUEL-0069,2024-08-02,5,2773.22,CAD
S05,HDWR-0113,2024-08-02,36,15150.16,CAD
S05,SEED-0098,2024-08-02,19,1022.96,CAD
S05,HDWR-0107,2024-08-02,16,1972.83,CAD
S01,HDWR-0110,2024-08-02,15,6633.77,CAD
S01,FUEL-0066,2024-08-02,10,2725.87,CAD
S04,FUEL-0109,2024-08-03,18,4223.85,CAD
S02,SEED-0063,2024-08-03,24,7976.06,CAD
S03,FEED-0085,2024-08-04,23,7732.01,CAD
S03,FEED-0104,2024-08-04,25,8867.93,CAD
S06,LUBE-0112,2024-08-05,19,1046.51,CAD
S01,FEED-0116,2024-08-05,20,4700.21,CAD
S03,TIRE-0086,2024-08-05,21,1856.51,CAD
S05,SEED-0063,2024-08-05,7,2357.43,CAD
S04,SEED-0100,2024-08-05,18,8920.69,CAD
S06,TIRE-0119,2024-08-05,21,1177.06,CAD
S03,HDWR-0107,2024-08-05,18,1983.53,CAD
S05,HDWR-0094,2024-08-05,20,1343.75,CAD
S04,FEED-0106,2024-08-06,21,9819.62,CAD
S06,LUBE-0090,2024-08-06,28,3309.81,CAD
S03,TIRE-0084,2024-08-07,9,3481.24,CAD
S06,FUEL-0117,2024-08-07,19,4831.75,CAD
S03,FUEL-0080,2024-08-07,15,2229.98,CAD
S05,FUEL-0109,2024-08-07,3,805.44,CAD
S03,FEED-0115,2024-08-07,7,2320.49,CAD
S05,LUBE-0120,2024-08-08,19,9718.23,CAD
S05,HDWR-0088,2024-08-08,7,4066.59,CAD
S06,FUEL-0091,2024-08-08,12,2480.87,CAD
S03,FUEL-0091,2024-08-08,17,3864.62,CAD
S05,LUBE-0112,2024-08-09,19,1068.49,CAD
S06,SEED-0096,2024-08-09,10,3588.47,CAD
S05,SEED-0082,2024-08-09,24,1369.68,CAD
S04,TIRE-0105,2024-08-09,19,6198.46,CAD
S04,FEED-0104,2024-08-09,23,8277.45,CAD
S03,HDWR-0083,2024-08-09,25,9702.8,CAD
S01,HDWR-0094,2024-08-10,17,1315.06,CAD
S01,HDWR-0083,2024-08-11,19,7635.77,CAD
S01,LUBE-0099,2024-08-11,16,689.52,CAD
S01,FEED-0102,2024-08-11,34,6112.11,CAD
S06,FEED-0070,2024-08-12,12,3169.54,CAD
S04,SEED-0108,2024-08-12,21,6873.54,CAD
S02,FUEL-0117,2024-08-12,25,5824.22,CAD
S03,TIRE-0084,2024-08-12,19,7384.36,CAD
S06,HDWR-0113,2024-08-12,7,3053.53,CAD
S03,FUEL-0079,2024-08-12,28,12045.58,CAD
S01,SEED-0118,2024-08-12,25,5641.37,CAD
S03,LUBE-0068,2024-08-12,12,5912.78,CAD
S01,HDWR-0113,2024-08-12,8,3000.35,CAD
S06,TIRE-0064,2024-08-13,14,6426.92,CAD
S01,FUEL-0101,2024-08-13,22,1170.17,CAD
S04,FEED-0102,2024-08-13,21,3642.47,CAD
S04,FUEL-0069,2024-08-13,5,2569.91,CAD
S06,TIRE-0089,2024-08-13,18,7182.56,CAD
S02,TIRE-0061,2024-08-14,20,9035.29,CAD
S02,SEED-0111,2024-08-14,16,5599.41,CAD
S02,FEED-0106,2024-08-14,15,5665.1,CAD
S05,SEED-0108,2024-08-14,8,3205.02,CAD
S02,SEED-0096,2024-08-14,17,5226.18,CAD
S06,FUEL-0101,2024-08-14,16,699.84,CAD
S06,HDWR-0113,2024-08-14,12,4182.53,CAD
S02,FEED-0097,2024-08-15,16,5689.05,CAD
S04,HDWR-0088,2024-08-15,17,9091.91,CAD
S03,HDWR-0107,2024-08-15,25,2972.51,CAD
S03,HDWR-0103,2024-08-15,7,911.63,CAD
S03,FUEL-0109,2024-08-15,19,3918.83,CAD
S03,FEED-0097,2024-08-15,17,5056.13,CAD
S05,TIRE-0073,2024-08-16,15,4412.26,CAD
S01,SEED-0062,2024-08-16,20,7098.02,CAD
S03,FEED-0097,2024-08-16,18,6604.76,CAD
S01,TIRE-0087,2024-08-16,24,10928.62,CAD
S06,FEED-0115,2024-08-16,9,2882.75,CAD
S05,SEED-0062,2024-08-16,19,6452.5,CAD
S02,LUBE-0092,2024-08-16,27,10092.18,CAD
S06,LUBE-0099,2024-08-16,9,342.01,CAD
S05,LUBE-0065,2024-08-16,27,5233.6,CAD
S06,SEED-0100,2024-08-17,12,5759.11,CAD
S03,LUBE-0112,2024-08-17,1,68.03,CAD
S06,FUEL-0080,2024-08-19,22,3341.46,CAD
S04,LUBE-0065,2024-08-19,16,3237.3,CAD
S01,HDWR-0083,2024-08-19,32,15274.5,CAD
S04,FUEL-0069,2024-08-19,21,9940.58,CAD
S06,LUBE-0090,2024-08-19,39,4576.77,CAD
S02,SEED-0082,2024-08-20,18,962.54,CAD
S04,FEED-0102,2024-08-20,15,2710.4,CAD
S06,LUBE-0112,2024-08-20,22,1369.85,CAD
S02,TIRE-0089,2024-08-20,25,11558.22,CAD
S04,FEED-0074,2024-08-20,16,3672.15,CAD
S05,FEED-0115,2024-08-21,21,6386.19,CAD
S06,FEED-0106,2024-08-21,17,6948.87,CAD
S03,TIRE-0064,2024-08-21,32,12859.93,CAD
S02,HDWR-0110,2024-08-21,11,5316.71,CAD
S03,SEED-0098,2024-08-22,21,996.76,CAD
S01,TIRE-0119,2024-08-22,30,1678.42,CAD
S01,TIRE-0084,2024-08-22,17,7379.98,CAD
S01,FEED-0075,2024-08-22,11,3029.47,CAD
S04,SEED-0071,2024-08-22,6,2554.57,CAD
S06,FEED-0106,2024-08-22,14,6369.24,CAD
S04,FEED-0095,2024-08-22,24,990.65,CAD
S05,TIRE-0105,2024-08-23,18,6251.28,CAD
S04,SEED-0082,2024-08-23,9,573.45,CAD
S01,LUBE-0065,2024-08-23,9,1898.01,CAD
S05,LUBE-0099,2024-08-23,18,682.36,CAD
S02,HDWR-0094,2024-08-24,12,1023.27,CAD
S06,SEED-0082,2024-08-24,18,1055.77,CAD
S02,SEED-0108,2024-08-24,16,5617.36,CAD
S01,FEED-0081,2024-08-26,11,4863.11,CAD
S02,FEED-0116,2024-08-26,12,3115.08,CAD
S02,FEED-0116,2024-08-26,16,3289.11,CAD
S04,FEED-0104,2024-08-26,8,3126.26,CAD
S03,LUBE-0092,2024-08-27,22,8895.15,CAD
S04,SEED-0114,2024-08-27,7,1093.02,CAD
S03,FEED-0104,2024-08-27,13,4806.99,CAD
S03,FEED-0102,2024-08-28,25,3862.35,CAD
S01,FEED-0074,2024-08-28,15,3471.59,CAD
S04,FUEL-0117,2024-08-28,27,6554.6,CAD
S04,SEED-0108,2024-08-28,26,9519.08,CAD
S03,SEED-0100,2024-08-29,15,7015.37,CAD
S01,FUEL-0117,2024-08-29,27,6204.0,CAD
S03,HDWR-0093,2024-08-29,21,8919.76,CAD
S01,TIRE-0089,2024-08-29,10,3873.09,CAD
S01,FUEL-0101,2024-08-29,31,1322.38,CAD
S04,FEED-0104,2024-08-29,17,6084.63,CAD
S02,SEED-0111,2024-08-29,18,7540.67,CAD
S02,HDWR-0107,2024-08-30,24,2816.36,CAD
S02,FEED-0095,2024-08-30,17,758.66,CAD
S02,SEED-0118,2024-08-30,19,4340.52,CAD
S04,SEED-0100,2024-08-30,15,6788.03,CAD
S01,HDWR-0083,2024-08-30,23,9286.36,CAD
S01,HDWR-0113,2024-08-31,17,7550.15,CAD
S05,FEED-0085,2024-08-31,12,4881.27,CAD
S04,TIRE-0084,2024-09-01,17,6741.94,CAD
S05,LUBE-0068,2024-09-01,10,5035.61,CAD
S01,FEED-0115,2024-09-02,20,6005.67,CAD
S06,LUBE-0090,2024-09-02,12,1307.61,CAD
S06,FEED-0106,2024-09-02,32,12896.1,CAD
S06,LUBE-0065,2024-09-02,9,1902.59,CAD
S04,TIRE-0086,2024-09-02,24,2324.79,CAD
S01,SEED-0098,2024-09-02,23,1142.77,CAD
S03,FEED-0095,2024-09-03,10,507.56,CAD
S05,FEED-0115,2024-09-03,27,8647.07,CAD
S05,HDWR-0110,2024-09-03,12,5707.19,CAD
S01,SEED-0082,2024-09-03,27,1371.32,CAD
S05,HDWR-0113,2024-09-03,4,1457.53,CAD
S06,FUEL-0117,2024-09-04,14,3703.75,CAD
S05,FEED-0075,2024-09-04,21,5628.78,CAD
S03,TIRE-0073,2024-09-04,5,1584.24,CAD
S06,LUBE-0065,2024-09-04,26,5636.59,CAD
S06,TIRE-0087,2024-09-04,19,8789.86,CAD
S03,HDWR-0113,2024-09-05,19,8172.02,CAD
S04,FUEL-0101,2024-09-05,25,1273.65,CAD
S02,FEED-0097,2024-09-05,20,6047.39,CAD
S03,FUEL-0066,2024-09-05,14,3054.07,CAD
S03,TIRE-0073,2024-09-05,30,9051.17,CAD
S05,FEED-0095,2024-09-06,28,1311.87,CAD
S06,FEED-0095,2024-09-06,33,1329.56,CAD
S04,FEED-0095,2024-09-06,29,1165.62,CAD
S06,FEED-0115,2024-09-06,23,7088.71,CAD
S01,HDWR-0093,2024-09-06,14,7474.47,CAD
S06,FUEL-0080,2024-09-06,18,2255.82,CAD
S02,TIRE-0105,2024-09-06,22,7643.66,CAD
S04,HDWR-0088,2024-09-06,10,5793.45,CAD
S01,FUEL-0079,2024-09-07,8,3512.42,CAD
S02,FEED-0085,2024-09-07,33,10909.85,CAD
S06,FEED-0095,2024-09-07,15,631.43,CAD
S01,TIRE-0086,2024-09-07,15,1671.07,CAD
S05,FEED-0085,2024-09-08,5,1745.66,CAD
S05,SEED-0111,2024-09-09,27,9216.19,CAD
S06,FEED-0116,2024-09-09,14,3010.84,CAD
S03,TIRE-0073,2024-09-09,4,1212.08,CAD
S03,FEED-0085,2024-09-09,32,13005.6,CAD
S06,LUBE-0065,2024-09-09,14,2564.97,CAD
S06,LUBE-0120,2024-09-09,6,3710.01,CAD
S06,FEED-0104,2024-09-09,29,12481.37,CAD
S01,TIRE-0119,2024-09-10,11,607.4,CAD
S05,SEED-0082,2024-09-10,41,2343.44,CAD
S02,FEED-0095,2024-09-10,27,1184.7,CAD
S06,HDWR-0088,2024-09-10,12,7124.49,CAD
S06,HDWR-0094,2024-09-10,13,898.47,CAD
S04,FEED-0106,2024-09-10,25,10768.48,CAD
S01,LUBE-0112,2024-09-11,14,887.83,CAD
S05,FUEL-0069,2024-09-11,15,7393.85,CAD
S05,FUEL-0079,2024-09-11,14,6820.22,CAD
S04,FEED-0075,2024-09-11,40,13419.93,CAD
S01,TIRE-0084,2024-09-11,25,9642.38,CAD
S01,SEED-0114,2024-09-11,29,3748.03,CAD
S01,TIRE-0064,2024-09-11,28,12529.71,CAD
S01,TIRE-0119,2024-09-12,24,1353.45,CAD
S01,HDWR-0093,2024-09-12,12,5259.14,CAD
S05,TIRE-0064,2024-09-12,19,7790.15,CAD
S02,HDWR-0113,2024-09-12,24,8336.64,CAD
S04,SEED-0111,2024-09-12,8,3118.03,CAD
S01,FEED-0095,2024-09-12,23,1103.59,CAD
S02,LUBE-0090,2024-09-12,17,1969.14,CAD
S03,FEED-0116,2024-09-12,35,7933.27,CAD
S05,FEED-0097,2024-09-13,1,281.84,CAD
S02,HDWR-0093,2024-09-13,9,4813.61,CAD
S01,FEED-0085,2024-09-13,34,10917.14,CAD
S02,FEED-0070,2024-09-13,9,2440.13,CAD
S01,LUBE-0065,2024-09-13,32,6513.77,CAD
S01,SEED-0108,2024-09-14,25,8581.69,CAD
S03,FEED-0097,2024-09-15,47,16616.52,CAD
S05,HDWR-0107,2024-09-16,11,1314.71,CAD
S01,FEED-0095,2024-09-16,31,1503.46,CAD
S04,SEED-0071,2024-09-16,50,22429.28,CAD
S04,FUEL-0069,2024-09-16,13,6756.72,CAD
S05,LUBE-0099,2024-09-16,16,664.94,CAD
S02,TIRE-0119,2024-09-16,35,1975.25,CAD
S05,TIRE-0084,2024-09-16,19,6911.81,CAD
S02,FUEL-0072,2024-09-16,19,8541.05,CAD
S03,FUEL-0101,2024-09-17,17,759.86,CAD
S01,TIRE-0084,2024-09-17,19,7292.24,CAD
S02,LUBE-0092,2024-09-17,28,9367.58,CAD
S03,HDWR-0110,2024-09-17,15,6574.71,CAD
S06,HDWR-0107,2024-09-17,20,2195.4,CAD
S04,HDWR-0083,2024-09-17,20,8519.33,CAD
S03,FUEL-0101,2024-09-17,15,692.07,CAD
S03,FEED-0104,2024-09-18,25,9975.38,CAD
S06,SEED-0100,2024-09-18,13,6161.32,CAD
S05,FUEL-0109,2024-09-18,20,4954.46,CAD
S03,FEED-0074,2024-09-18,34,7755.69,CAD
S02,FEED-0106,2024-09-19,34,16301.11,CAD
S05,TIRE-0087,2024-09-19,15,7494.26,CAD
S02,LUBE-0065,2024-09-19,11,2163.14,CAD
S02,LUBE-0099,2024-09-19,29,1053.03,CAD
S05,LUBE-0090,2024-09-20,18,2030.26,CAD
S03,FEED-0106,2024-09-20,35,15454.15,CAD
S04,FEED-0095,2024-09-20,24,964.12,CAD
S05,SEED-0118,2024-09-20,46,11691.33,CAD
S01,LUBE-0099,2024-09-20,21,815.4,CAD
S03,TIRE-0064,2024-09-20,26,10801.61,CAD
S04,TIRE-0119,2024-09-20,20,1182.1,CAD
S06,FEED-0095,2024-09-20,1,41.11,CAD
S01,SEED-0078,2024-09-21,21,1650.25,CAD
S05,FEED-0115,2024-09-22,20,5933.52,CAD
S01,FEED-0106,2024-09-22,25,10377.01,CAD
S06,LUBE-0092,2024-09-23,21,8338.66,CAD
S02,SEED-0096,2024-09-23,2,691.98,CAD
S06,FUEL-0066,2024-09-23,17,4452.62,CAD
S06,FEED-0085,2024-09-23,41,12882.25,CAD
S06,HDWR-0093,2024-09-23,15,6799.09,CAD
S04,FUEL-0079,2024-09-24,14,6452.39,CAD
S03,HDWR-0113,2024-09-24,13,5392.98,CAD
S04,FEED-0085,2024-09-24,35,12093.32,CAD
S02,FUEL-0091,2024-09-24,19,4617.08,CAD
S02,FEED-0074,2024-09-25,9,1691.38,CAD
S03,FUEL-0079,2024-09-25,15,6474.7,CAD
S01,HDWR-0093,2024-09-25,18,9362.5,CAD
S03,FUEL-0117,2024-09-25,15,4158.87,CAD
S02,LUBE-0092,2024-09-25,16,5535.28,CAD
S01,SEED-0063,2024-09-26,31,10770.68,CAD
S06,LUBE-0065,2024-09-26,14,2338.04,CAD
S02,LUBE-0065,2024-09-26,23,4285.44,CAD
S04,HDWR-0094,2024-09-26,29,2310.54,CAD
S04,SEED-0111,2024-09-27,26,9897.09,CAD
S05,SEED-0108,2024-09-27,38,14803.65,CAD
S05,TIRE-0073,2024-09-27,17,6023.37,CAD
S04,FEED-0102,2024-09-27,27,4362.21,CAD
S05,HDWR-0103,2024-09-28,6,760.7,CAD
S06,TIRE-0073,2024-09-29,20,7076.3,CAD
S03,LUBE-0092,2024-09-29,23,8289.17,CAD
S02,HDWR-0093,2024-09-29,21,9375.75,CAD
S04,LUBE-0092,2024-09-30,25,8094.13,CAD
S01,FEED-0081,2024-09-30,37,19891.77,CAD
S04,HDWR-0083,2024-09-30,16,6822.64,CAD
S05,LUBE-0099,2024-09-30,3,134.08,CAD
S01,LUBE-0112,2024-10-01,11,608.17,CAD
S04,SEED-0100,2024-10-01,16,8378.08,CAD
S02,SEED-0078,2024-10-01,16,1266.94,CAD
S03,HDWR-0107,2024-10-01,14,1599.74,CAD
S06,SEED-0063,2024-10-01,6,2433.4,CAD
S04,FUEL-0072,2024-10-01,15,7619.45,CAD
S06,LUBE-0099,2024-10-01,14,562.09,CAD
S06,LUBE-0120,2024-10-02,22,11541.35,CAD
S03,HDWR-0083,2024-10-02,13,6615.54,CAD
S03,FUEL-0091,2024-10-02,12,2520.96,CAD
S06,SEED-0096,2024-10-02,23,6528.97,CAD
S06,SEED-0082,2024-10-02,27,1538.03,CAD
S02,HDWR-0110,2024-10-02,19,9374.4,CAD
S01,FEED-0095,2024-10-03,16,794.25,CAD
S06,FEED-0115,2024-10-03,35,9462.98,CAD
S06,SEED-0108,2024-10-03,19,7227.97,CAD
S01,SEED-0096,2024-10-03,33,10179.61,CAD
S04,LUBE-0120,2024-10-03,23,11117.85,CAD
S01,SEED-0118,2024-10-03,24,5645.3,CAD
S01,FEED-0081,2024-10-03,26,13420.28,CAD
S01,FUEL-0101,2024-10-03,19,812.08,CAD
S02,HDWR-0093,2024-10-03,24,11184.74,CAD
S06,HDWR-0088,2024-10-04,31,17453.52,CAD
S02,FEED-0095,2024-10-04,16,677.57,CAD
S03,FEED-0075,2024-10-04,15,4426.72,CAD
S02,HDWR-0107,2024-10-04,26,2547.15,CAD
S05,HDWR-0107,2024-10-04,11,1137.18,CAD
S04,LUBE-0090,2024-10-04,23,2601.84,CAD
S06,FEED-0104,2024-10-04,25,10495.53,CAD
S05,LUBE-0065,2024-10-04,13,2732.44,CAD
S02,FEED-0081,2024-10-05,13,5942.31,CAD
S04,TIRE-0073,2024-10-05,19,6675.17,CAD
S01,FEED-0097,2024-10-06,11,3674.09,CAD
S04,TIRE-0089,2024-10-06,21,9270.62,CAD
S02,TIRE-0061,2024-10-06,17,7654.54,CAD
S02,HDWR-0113,2024-10-07,19,7622.76,CAD
S02,TIRE-0073,2024-10-07,22,8347.59,CAD
S02,SEED-0114,2024-10-07,23,3120.72,CAD
S03,FUEL-0109,2024-10-07,22,4641.47,CAD
S06,TIRE-0061,2024-10-07,12,5254.16,CAD
S02,LUBE-0120,2024-10-08,12,6154.23,CAD
S06,TIRE-0087,2024-10-08,21,11066.37,CAD
S04,TIRE-0077,2024-10-08,11,2119.39,CAD
S05,FUEL-0079,2024-10-08,22,11320.45,CAD
S02,HDWR-0083,2024-10-08,20,8233.56,CAD
S02,TIRE-0084,2024-10-08,12,4888.72,CAD
S04,FEED-0106,2024-10-08,26,9754.27,CAD
S01,HDWR-0094,2024-10-08,14,1142.36,CAD
S04,LUBE-0065,2024-10-09,17,3413.58,CAD
S06,TIRE-0061,2024-10-09,13,5899.27,CAD
S06,LUBE-0112,2024-10-09,18,1277.08,CAD
S05,FUEL-0091,2024-10-09,18,3763.19,CAD
S01,SEED-0082,2024-10-09,24,1386.47,CAD
S02,HDWR-0094,2024-10-10,13,916.67,CAD
S06,SEED-0118,2024-10-10,28,6054.34,CAD
S06,SEED-0078,2024-10-10,11,748.19,CAD
S03,SEED-0096,2024-10-10,21,7687.85,CAD
S01,SEED-0114,2024-10-10,28,3593.33,CAD
S01,HDWR-0103,2024-10-10,16,1932.68,CAD
S02,TIRE-0061,2024-10-11,18,9065.9,CAD
S03,FUEL-0091,2024-10-11,19,4526.81,CAD
S04,SEED-0078,2024-10-11,35,2521.01,CAD
S02,LUBE-0090,2024-10-11,20,2475.8,CAD
S04,FEED-0081,2024-10-11,26,12709.45,CAD
S04,TIRE-0073,2024-10-12,25,8217.11,CAD
S03,FEED-0097,2024-10-12,13,3921.51,CAD
S05,SEED-0118,2024-10-13,19,4227.0,CAD
S01,SEED-0078,2024-10-13,28,2237.2,CAD
S04,FEED-0095,2024-10-13,15,618.01,CAD
S05,FEED-0116,2024-10-13,20,4437.85,CAD
S03,LUBE-0099,2024-10-14,10,441.08,CAD
S06,SEED-0082,2024-10-14,13,694.68,CAD
S04,FEED-0106,2024-10-14,34,13250.83,CAD
S02,LUBE-0112,2024-10-14,17,1170.97,CAD
S04,SEED-0098,2024-10-14,23,1161.95,CAD
S01,HDWR-0088,2024-10-14,10,5961.16,CAD
S02,FUEL-0080,2024-10-14,24,3787.2,CAD
S04,HDWR-0094,2024-10-14,25,2112.07,CAD
S06,TIRE-0077,2024-10-14,11,1852.1,CAD
S02,LUBE-0112,2024-10-15,8,469.25,CAD
S01,HDWR-0093,2024-10-15,19,9810.49,CAD
S05,SEED-0111,2024-10-15,23,9705.48,CAD
S04,SEED-0111,2024-10-15,31,10738.43,CAD
S05,LUBE-0092,2024-10-15,21,6737.85,CAD
S05,SEED-0100,2024-10-15,16,6880.12,CAD
S06,SEED-0062,2024-10-15,14,4607.1,CAD
S06,HDWR-0107,2024-10-15,18,2144.28,CAD
S01,FEED-0097,2024-10-16,29,10022.01,CAD
S01,TIRE-0089,2024-10-16,7,3107.54,CAD
S03,FEED-0097,2024-10-16,27,8406.91,CAD
S04,TIRE-0089,2024-10-16,14,5419.48,CAD
S02,LUBE-0092,2024-10-16,12,4555.53,CAD
S03,TIRE-0087,2024-10-16,15,6479.43,CAD
S06,FEED-0104,2024-10-16,32,13996.55,CAD
S02,FUEL-0109,2024-10-17,14,2872.86,CAD
S05,LUBE-0112,2024-10-17,9,516.19,CAD
S05,HDWR-0110,2024-10-17,15,7814.1,CAD
S06,SEED-0063,2024-10-17,31,10574.41,CAD
S02,TIRE-0084,2024-10-17,29,11712.03,CAD
S05,FUEL-0109,2024-10-17,10,2634.22,CAD
S02,FEED-0095,2024-10-17,21,971.43,CAD
S05,SEED-0071,2024-10-18,29,12212.9,CAD
S02,HDWR-0110,2024-10-18,13,5687.26,CAD
S04,LUBE-0092,2024-10-18,26,8715.78,CAD
S01,HDWR-0094,2024-10-18,21,1493.04,CAD
S05,SEED-0098,2024-10-18,19,1017.31,CAD
S04,TIRE-0077,2024-10-18,17,3067.4,CAD
S04,HDWR-0093,2024-10-18,18,9540.79,CAD
S03,TIRE-0077,2024-10-19,13,2397.03,CAD
S03,HDWR-0083,2024-10-19,18,7528.35,CAD
S02,FUEL-0069,2024-10-19,12,6376.76,CAD
S04,TIRE-0119,2024-10-20,12,821.46,CAD
S02,FUEL-0079,2024-10-21,14,6093.73,CAD
S02,FUEL-0101,2024-10-21,16,849.03,CAD
S06,FUEL-0079,2024-10-21,27,14718.62,CAD
S04,FUEL-0101,2024-10-21,32,1666.96,CAD
S03,LUBE-0092,2024-10-21,19,6423.99,CAD
S06,SEED-0062,2024-10-22,20,7688.19,CAD
S04,TIRE-0076,2024-10-22,20,9609.25,CAD
S02,FEED-0106,2024-10-22,34,16157.92,CAD
S06,FEED-0070,2024-10-22,18,4744.83,CAD
S06,FUEL-0101,2024-10-22,19,972.37,CAD
S03,FUEL-0066,2024-10-23,25,5293.39,CAD
S03,HDWR-0103,2024-10-23,18,2433.71,CAD
S03,SEED-0063,2024-10-23,11,4398.86,CAD
S01,FUEL-0072,2024-10-23,13,6048.35,CAD
S01,FUEL-0109,2024-10-23,10,2471.3,CAD
S04,FEED-0095,2024-10-24,18,891.24,CAD
S05,FEED-0106,2024-10-24,40,18250.65,CAD
S06,FEED-0075,2024-10-25,18,4953.98,CAD
S05,FEED-0095,2024-10-25,22,944.71,CAD
S01,HDWR-0110,2024-10-25,18,8172.59,CAD
S01,LUBE-0090,2024-10-25,23,2830.2,CAD
S04,FEED-0104,2024-10-25,24,10775.27,CAD
S06,HDWR-0094,2024-10-25,17,1419.16,CAD
S02,FEED-0106,2024-10-26,18,7791.41,CAD
S02,TIRE-0086,2024-10-27,7,746.78,CAD
S04,SEED-0114,2024-10-28,41,6561.22,CAD
S06,TIRE-0077,2024-10-28,13,2070.86,CAD
S06,FEED-0104,2024-10-28,33,14580.83,CAD
S05,HDWR-0107,2024-10-28,15,1543.99,CAD
S02,FEED-0102,2024-10-29,27,4393.82,CAD
S03,SEED-0062,2024-10-29,30,10270.75,CAD
S04,FEED-0074,2024-10-29,17,3701.62,CAD
S05,LUBE-0099,2024-10-29,23,1069.42,CAD
S05,SEED-0063,2024-10-29,19,7838.65,CAD
S03,LUBE-0092,2024-10-30,22,7782.85,CAD
S01,SEED-0071,2024-10-30,29,15607.59,CAD
S01,LUBE-0068,2024-10-30,20,8874.18,CAD
S06,FEED-0097,2024-10-30,13,3824.62,CAD
S04,FUEL-0079,2024-10-30,21,11386.0,CAD
S06,FUEL-0072,2024-10-31,12,5707.78,CAD
S02,FUEL-0101,2024-10-31,5,251.51,CAD
S03,SEED-0098,2024-10-31,27,1239.1,CAD
S04,FUEL-0079,2024-10-31,22,9567.91,CAD
S06,FEED-0097,2024-11-01,10,3695.66,CAD
S04,FEED-0102,2024-11-01,7,1196.78,CAD
S03,TIRE-0077,2024-11-01,32,5466.62,CAD
S06,TIRE-0064,2024-11-01,25,10708.53,CAD
S03,FEED-0116,2024-11-01,9,2225.66,CAD
S06,SEED-0100,2024-11-01,5,2521.7,CAD
S05,SEED-0078,2024-11-01,13,1007.88,CAD
S02,SEED-0098,2024-11-02,7,376.88,CAD
S05,SEED-0111,2024-11-03,8,2588.1,CAD
S03,FEED-0081,2024-11-03,21,10937.77,CAD
S04,HDWR-0094,2024-11-03,27,2227.02,CAD
S02,FEED-0102,2024-11-04,16,2347.34,CAD
S05,LUBE-0099,2024-11-04,11,493.68,CAD
S02,SEED-0100,2024-11-04,6,3255.75,CAD
S01,HDWR-0110,2024-11-04,13,6558.4,CAD
S02,SEED-0108,2024-11-04,18,6208.01,CAD
S04,FUEL-0080,2024-11-04,16,2304.0,CAD
S05,LUBE-0092,2024-11-05,26,10390.69,CAD
S04,FEED-0085,2024-11-05,14,4867.31,CAD
S03,HDWR-0103,2024-11-05,8,1032.65,CAD
S02,HDWR-0083,2024-11-05,1,403.52,CAD
S02,TIRE-0073,2024-11-05,6,2064.66,CAD
S04,SEED-0114,2024-11-05,17,2607.77,CAD
S03,FUEL-0091,2024-11-06,19,4104.78,CAD
S02,FEED-0116,2024-11-06,8,1796.75,CAD
S02,LUBE-0090,2024-11-06,17,2172.59,CAD
S02,FEED-0075,2024-11-06,21,7130.01,CAD
S03,FUEL-0069,2024-11-06,26,12293.85,CAD
S02,FEED-0106,2024-11-06,18,7676.97,CAD
S03,HDWR-0088,2024-11-06,20,9270.06,CAD
S03,HDWR-0093,2024-11-06,2,1046.56,CAD
S05,LUBE-0092,2024-11-06,10,3575.63,CAD
S02,FUEL-0091,2024-11-07,22,4864.69,CAD
S05,TIRE-0073,2024-11-07,21,7145.5,CAD
S02,SEED-0100,2024-11-07,15,8120.89,CAD
S04,HDWR-0088,2024-11-07,20,10463.63,CAD
S03,FUEL-0109,2024-11-07,11,2380.78,CAD
S01,LUBE-0068,2024-11-08,24,10002.82,CAD
S03,TIRE-0073,2024-11-08,18,6661.15,CAD
S02,FUEL-0117,2024-11-08,10,2861.66,CAD
S02,FUEL-0091,2024-11-08,12,2694.59,CAD
S04,TIRE-0105,2024-11-08,19,6124.48,CAD
S01,FEED-0102,2024-11-08,12,2077.47,CAD
S02,SEED-0078,2024-11-09,23,1813.37,CAD
S04,SEED-0071,2024-11-09,12,6169.67,CAD
S05,TIRE-0086,2024-11-09,22,1958.51,CAD
S04,TIRE-0105,2024-11-09,20,5829.73,CAD
S06,FEED-0104,2024-11-10,21,8834.72,CAD
S05,SEED-0108,2024-11-10,17,6456.64,CAD
S05,LUBE-0090,2024-11-10,6,736.89,CAD
S02,SEED-0098,2024-11-11,10,471.41,CAD
S03,FUEL-0101,2024-11-11,25,1299.33,CAD
S01,LUBE-0090,2024-11-11,15,1991.2,CAD
S01,FUEL-0069,2024-11-11,22,11466.69,CAD
S02,FUEL-0109,2024-11-11,8,1902.7,CAD
S06,HDWR-0088,2024-11-11,22,11454.87,CAD
S03,FEED-0085,2024-11-12,15,6188.43,CAD
S03,TIRE-0086,2024-11-12,23,2317.7,CAD
S06,SEED-0111,2024-11-12,9,3163.58,CAD
S06,HDWR-0113,2024-11-12,17,7165.94,CAD
S02,SEED-0108,2024-11-12,14,5227.95,CAD
S06,FEED-0081,2024-11-12,7,3267.24,CAD
S04,LUBE-0090,2024-11-12,25,2602.04,CAD
S04,FEED-0102,2024-11-12,18,2607.34,CAD
S03,FEED-0095,2024-11-12,15,754.94,CAD
S06,LUBE-0092,2024-11-13,11,3708.13,CAD
S02,FEED-0106,2024-11-13,18,7747.12,CAD
S06,SEED-0098,2024-11-13,14,735.48,CAD
S01,TIRE-0077,2024-11-13,13,2500.09,CAD
S06,FEED-0085,2024-11-13,13,4648.91,CAD
S04,LUBE-0112,2024-11-14,22,1399.51,CAD
S02,FUEL-0072,2024-11-14,20,8313.05,CAD
S06,FUEL-0080,2024-11-14,11,1385.69,CAD
S04,TIRE-0105,2024-11-14,18,5304.29,CAD
S01,FEED-0081,2024-11-14,10,4891.33,CAD
S04,HDWR-0083,2024-11-14,5,2102.53,CAD
S04,FUEL-0079,2024-11-14,6,3032.4,CAD
S02,SEED-0118,2024-11-14,2,457.59,CAD
S03,FEED-0104,2024-11-15,9,3227.44,CAD
S04,HDWR-0094,2024-11-15,15,1110.55,CAD
S05,HDWR-0093,2024-11-15,22,9947.19,CAD
S05,FEED-0085,2024-11-15,15,5250.11,CAD
S01,TIRE-0061,2024-11-15,10,5242.63,CAD
S05,LUBE-0112,2024-11-15,15,923.68,CAD
S05,LUBE-0120,2024-11-16,30,16059.09,CAD
S02,LUBE-0099,2024-11-16,12,545.18,CAD
S05,LUBE-0120,2024-11-17,29,15956.72,CAD
S01,FEED-0081,2024-11-17,8,3404.18,CAD
S01,FEED-0097,2024-11-18,10,2927.18,CAD
S03,TIRE-0089,2024-11-18,20,9288.74,CAD
S05,FEED-0075,2024-11-18,16,5412.22,CAD
S03,TIRE-0073,2024-11-18,31,11547.8,CAD
S03,SEED-0114,2024-11-19,14,1898.91,CAD
S06,LUBE-0120,2024-11-19,21,10798.95,CAD
S01,FEED-0102,2024-11-19,19,2909.47,CAD
S04,HDWR-0103,2024-11-19,32,3913.6,CAD
S06,SEED-0098,2024-11-19,10,491.13,CAD
S06,TIRE-0089,2024-11-19,22,8547.58,CAD
S06,SEED-0118,2024-11-20,18,4235.35,CAD
S01,SEED-0098,2024-11-20,12,511.09,CAD
S02,FEED-0074,2024-11-20,15,3404.01,CAD
S01,FUEL-0080,2024-11-20,19,2383.49,CAD
S04,LUBE-0112,2024-11-20,13,857.97,CAD
S06,SEED-0118,2024-11-20,15,3940.72,CAD
S02,HDWR-0088,2024-11-21,20,10208.26,CAD
S05,FEED-0081,2024-11-21,20,8795.0,CAD
S02,TIRE-0105,2024-11-21,15,5058.65,CAD
S03,TIRE-0061,2024-11-21,10,5016.63,CAD
S01,SEED-0111,2024-11-21,7,2295.0,CAD
S03,HDWR-0088,2024-11-21,17,7870.14,CAD
S04,FEED-0097,2024-11-22,19,6556.07,CAD
S06,SEED-0078,2024-11-22,1,79.26,CAD
S03,HDWR-0094,2024-11-22,7,523.58,CAD
S02,SEED-0096,2024-11-22,13,4455.07,CAD
S06,LUBE-0112,2024-11-22,9,512.88,CAD
S04,TIRE-0064,2024-11-23,5,2055.61,CAD
S02,SEED-0111,2024-11-25,20,7153.13,CAD
S01,TIRE-0061,2024-11-25,24,10518.88,CAD
S02,TIRE-0089,2024-11-25,18,8316.85,CAD
S03,FEED-0116,2024-11-25,5,1174.04,CAD
S03,FEED-0102,2024-11-25,9,1621.03,CAD
S06,FUEL-0101,2024-11-25,3,147.94,CAD
S02,FUEL-0117,2024-11-25,15,4208.72,CAD
S01,SEED-0114,2024-11-25,8,1111.83,CAD
S04,LUBE-0068,2024-11-25,3,1616.64,CAD
S05,SEED-0078,2024-11-26,15,963.68,CAD
S02,SEED-0114,2024-11-26,6,801.44,CAD
S01,HDWR-0110,2024-11-26,16,7141.74,CAD
S04,FEED-0081,2024-11-27,19,9502.65,CAD
S02,LUBE-0090,2024-11-28,16,1878.94,CAD
S01,TIRE-0064,2024-11-28,16,6911.19,CAD
S01,SEED-0071,2024-11-28,18,7887.84,CAD
S06,TIRE-0084,2024-11-29,10,3838.69,CAD
S02,SEED-0096,2024-11-29,14,4868.95,CAD
S06,HDWR-0107,2024-11-29,26,3062.97,CAD
S05,SEED-0114,2024-11-29,14,1762.12,CAD
S02,FEED-0081,2024-11-29,8,3916.48,CAD
S03,SEED-0114,2024-11-29,12,1490.35,CAD
S02,HDWR-0107,2024-11-29,19,2348.4,CAD
S04,SEED-0118,2024-11-29,6,1607.88,CAD
S02,TIRE-0086,2024-11-29,19,1658.31,CAD
S01,FEED-0116,2024-11-30,11,2909.72,CAD
S02,SEED-0114,2024-12-01,9,1156.4,CAD
S06,SEED-0082,2024-12-01,11,684.24,CAD
S04,LUBE-0120,2024-12-01,14,6950.19,CAD
S05,TIRE-0089,2024-12-01,10,3888.54,CAD
S03,HDWR-0103,2024-12-02,23,3174.99,CAD
S06,FUEL-0109,2024-12-02,24,5848.92,CAD
S03,LUBE-0099,2024-12-03,14,529.84,CAD
S04,TIRE-0087,2024-12-03,14,7541.85,CAD
S06,LUBE-0065,2024-12-03,21,4193.12,CAD
S05,FUEL-0109,2024-12-03,23,4912.3,CAD
S02,TIRE-0105,2024-12-03,21,7299.48,CAD
S01,HDWR-0113,2024-12-03,11,5002.98,CAD
S01,FEED-0070,2024-12-03,3,789.4,CAD
S03,FUEL-0091,2024-12-03,11,2694.72,CAD
S01,FEED-0097,2024-12-04,5,1504.26,CAD
S04,HDWR-0083,2024-12-04,24,11492.38,CAD
S01,LUBE-0092,2024-12-04,26,10335.16,CAD
S04,FEED-0097,2024-12-04,7,2154.59,CAD
S04,SEED-0111,2024-12-05,7,2779.33,CAD
S01,LUBE-0099,2024-12-05,9,417.23,CAD
S04,HDWR-0088,2024-12-05,22,13180.01,CAD
S04,SEED-0078,2024-12-05,9,681.43,CAD
S05,LUBE-0120,2024-12-05,28,15041.99,CAD
S02,LUBE-0065,2024-12-05,7,1306.42,CAD
S06,TIRE-0084,2024-12-05,20,7360.32,CAD
S04,LUBE-0099,2024-12-06,5,183.2,CAD
S01,LUBE-0090,2024-12-06,21,2645.87,CAD
S06,FEED-0102,2024-12-06,3,531.36,CAD
S06,HDWR-0113,2024-12-07,13,5809.94,CAD
S02,FUEL-0117,2024-12-07,23,5314.93,CAD
S06,FEED-0102,2024-12-07,8,1297.48,CAD
S01,FUEL-0101,2024-12-08,16,690.6,CAD
S03,TIRE-0086,2024-12-08,17,1857.26,CAD
S04,SEED-0111,2024-12-09,7,2579.26,CAD
S06,SEED-0082,2024-12-09,2,101.52,CAD
S01,SEED-0098,2024-12-09,1,42.69,CAD
S02,SEED-0111,2024-12-09,7,2680.06,CAD
S05,FEED-0102,2024-12-09,5,883.62,CAD
S06,HDWR-0083,2024-12-09,23,9686.32,CAD
S01,LUBE-0099,2024-12-09,25,1028.92,CAD
S06,FEED-0097,2024-12-10,4,1334.59,CAD
S05,LUBE-0099,2024-12-11,20,901.45,CAD
S05,FEED-0075,2024-12-11,6,1633.31,CAD
S03,HDWR-0113,2024-12-11,14,6056.08,CAD
S03,HDWR-0107,2024-12-11,14,1435.3,CAD
S04,HDWR-0083,2024-12-11,13,6166.6,CAD
S05,LUBE-0120,2024-12-11,22,11867.4,CAD
S03,FEED-0097,2024-12-12,9,3277.32,CAD
S04,FEED-0106,2024-12-12,8,3878.68,CAD
S02,FEED-0115,2024-12-13,9,2310.17,CAD
S03,TIRE-0086,2024-12-13,15,1455.98,CAD
S05,SEED-0111,2024-12-13,8,2748.31,CAD
S01,FUEL-0109,2024-12-13,11,2543.79,CAD
S04,FEED-0097,2024-12-13,11,3108.26,CAD
S03,SEED-0098,2024-12-13,8,380.6,CAD
S05,HDWR-0113,2024-12-13,28,10722.26,CAD
S04,HDWR-0093,2024-12-14,23,12604.2,CAD
S01,FUEL-0109,2024-12-15,10,2687.46,CAD
S06,FEED-0074,2024-12-16,8,1856.51,CAD
S01,LUBE-0092,2024-12-16,30,9465.87,CAD
S02,HDWR-0093,2024-12-16,27,12354.15,CAD
S03,LUBE-0099,2024-12-16,16,671.85,CAD
S03,HDWR-0107,2024-12-17,21,2408.36,CAD
S01,FEED-0097,2024-12-17,9,2524.9,CAD
S04,TIRE-0087,2024-12-17,7,3703.71,CAD
S03,SEED-0108,2024-12-17,11,3866.88,CAD
S02,SEED-0063,2024-12-18,7,2828.86,CAD
S02,SEED-0096,2024-12-18,5,1512.32,CAD
S02,LUBE-0065,2024-12-18,21,4318.16,CAD
S05,FEED-0081,2024-12-19,5,2292.86,CAD
S04,SEED-0098,2024-12-19,3,142.6,CAD
S01,FUEL-0066,2024-12-19,13,3380.33,CAD
S04,LUBE-0092,2024-12-19,16,5170.08,CAD
S02,SEED-0098,2024-12-19,3,128.91,CAD
S03,FEED-0116,2024-12-20,7,1708.08,CAD
S06,SEED-0114,2024-12-20,6,821.1,CAD
S03,TIRE-0086,2024-12-20,7,756.13,CAD
S05,TIRE-0076,2024-12-20,16,8443.97,CAD
S02,SEED-0100,2024-12-20,7,3451.43,CAD
S04,HDWR-0093,2024-12-20,26,13867.19,CAD
S06,TIRE-0119,2024-12-21,23,1601.19,CAD
S04,HDWR-0113,2024-12-21,24,8849.17,CAD
S02,FUEL-0079,2024-12-22,13,6415.33,CAD
S01,FEED-0095,2024-12-22,8,396.82,CAD
S06,LUBE-0120,2024-12-22,23,13063.24,CAD
S03,SEED-0108,2024-12-23,7,2669.34,CAD
S06,SEED-0118,2024-12-23,4,864.85,CAD
S03,FEED-0115,2024-12-23,10,2836.35,CAD
S02,TIRE-0119,2024-12-23,18,1221.85,CAD
S04,FEED-0115,2024-12-23,8,2227.66,CAD
S05,LUBE-0090,2024-12-23,25,3107.87,CAD
S02,TIRE-0086,2024-12-23,13,1234.65,CAD
S03,FUEL-0066,2024-12-23,5,1146.78,CAD
S01,TIRE-0076,2024-12-24,21,9520.02,CAD
S04,SEED-0062,2024-12-24,1,392.23,CAD
S05,HDWR-0094,2024-12-24,26,1848.41,CAD
S02,FUEL-0091,2024-12-24,26,5607.35,CAD
S04,TIRE-0105,2024-12-24,7,2210.57,CAD
S06,SEED-0096,2024-12-24,4,1273.98,CAD
S03,SEED-0063,2024-12-25,10,3484.83,CAD
S05,HDWR-0103,2024-12-25,8,966.0,CAD
S06,FEED-0085,2024-12-25,7,2469.28,CAD
S05,LUBE-0068,2024-12-25,12,5933.26,CAD
S03,SEED-0071,2024-12-25,4,1927.06,CAD
S01,FEED-0102,2024-12-25,9,1425.81,CAD
S04,HDWR-0113,2024-12-26,31,12787.07,CAD
S02,TIRE-0105,2024-12-26,32,10684.8,CAD
S04,FEED-0106,2024-12-26,7,2796.57,CAD
S06,LUBE-0112,2024-12-26,20,1194.56,CAD
S06,TIRE-0077,2024-12-26,8,1289.16,CAD
S03,LUBE-0120,2024-12-27,22,11370.17,CAD
S06,FEED-0070,2024-12-27,6,1920.32,CAD
S01,HDWR-0110,2024-12-27,17,9052.36,CAD
S05,SEED-0100,2024-12-27,5,2591.92,CAD
S05,FUEL-0117,2024-12-27,22,5029.44,CAD
S06,TIRE-0119,2024-12-28,10,602.56,CAD
S04,SEED-0100,2024-12-28,4,1823.53,CAD
S04,FEED-0085,2024-12-29,4,1383.43,CAD
S03,TIRE-0086,2024-12-29,26,2675.65,CAD
S01,FEED-0104,2024-12-30,8,2958.78,CAD
S04,FUEL-0069,2024-12-30,8,4004.62,CAD
S04,TIRE-0105,2024-12-30,1,363.13,CAD
S03,FEED-0095,2024-12-30,6,252.21,CAD
S05,SEED-0108,2024-12-31,7,2247.39,CAD
S05,LUBE-0092,2024-12-31,2,803.36,CAD
S06,LUBE-0112,2024-12-31,3,197.62,CAD
S01,FEED-0070,2024-12-31,6,1722.55,CAD
S05,TIRE-0084,2024-12-31,17,7768.03,CAD
S06,FEED-0095,2025-01-01,1,38.57,CAD
S03,HDWR-0067,2025-01-01,16,198.4,CAD
S02,SEED-0108,2025-01-01,5,1781.39,CAD
S06,FUEL-0079,2025-01-01,18,8391.21,CAD
S03,FEED-0075,2025-01-01,12,3362.05,CAD
S01,SEED-0114,2025-01-01,6,886.62,CAD
S05,HDWR-0083,2025-01-01,21,8407.78,CAD
S02,TIRE-0086,2025-01-01,19,2137.0,CAD
S01,SEED-0096,2025-01-01,7,2424.37,CAD
S04,HDWR-0088,2025-01-01,21,12472.94,CAD
S01,FEED-0074,2025-01-01,8,1756.19,CAD
S06,HDWR-0107,2025-01-02,21,2168.16,CAD
S01,FUEL-0101,2025-01-02,22,1037.46,CAD
S05,FEED-0085,2025-01-02,5,1909.65,CAD
S06,HDWR-0110,2025-01-02,18,7982.09,CAD
S05,SEED-0098,2025-01-02,10,457.86,CAD
S03,SEED-0111,2025-01-03,11,3821.27,CAD
S02,SEED-0100,2025-01-03,5,2810.36,CAD
S06,SEED-0111,2025-01-03,8,2982.02,CAD
S05,FUEL-0079,2025-01-03,7,3646.08,CAD
S05,LUBE-0099,2025-01-03,12,500.61,CAD
S04,HDWR-0093,2025-01-04,17,8567.68,CAD
S04,FEED-0081,2025-01-04,12,6039.22,CAD
S04,TIRE-0076,2025-01-06,20,11225.38,CAD
S06,FUEL-0069,2025-01-06,9,4175.32,CAD
S02,FEED-0070,2025-01-06,3,883.82,CAD
S03,TIRE-0086,2025-01-06,1,90.42,CAD
S02,FEED-0106,2025-01-06,7,2746.83,CAD
S02,FEED-0106,2025-01-06,8,3156.65,CAD
S02,HDWR-0093,2025-01-07,10,5278.22,CAD
S06,HDWR-0107,2025-01-07,26,2866.84,CAD
S01,TIRE-0089,2025-01-07,20,8018.26,CAD
S05,LUBE-0092,2025-01-07,22,8353.21,CAD
S06,SEED-0114,2025-01-07,1,147.23,CAD
S05,SEED-0118,2025-01-07,6,1685.84,CAD
S04,SEED-0114,2025-01-07,12,1738.69,CAD
S04,FUEL-0079,2025-01-08,17,7530.33,CAD
S01,LUBE-0099,2025-01-08,23,883.44,CAD
S04,FUEL-0072,2025-01-08,9,4029.66,CAD
S06,LUBE-0092,2025-01-08,18,5880.38,CAD
S02,HDWR-0113,2025-01-08,15,6503.62,CAD
S03,FUEL-0109,2025-01-09,29,7414.23,CAD
S06,SEED-0100,2025-01-09,8,4172.18,CAD
S06,SEED-0111,2025-01-09,9,3577.72,CAD
S06,FEED-0104,2025-01-09,7,2850.98,CAD
S05,FUEL-0101,2025-01-09,34,1710.96,CAD
S06,TIRE-0077,2025-01-09,10,1835.63,CAD
S03,SEED-0098,2025-01-10,2,91.86,CAD
S01,LUBE-0092,2025-01-10,11,4079.74,CAD
S04,FUEL-0072,2025-01-10,24,11430.8,CAD
S01,HDWR-0103,2025-01-11,30,3497.53,CAD
S01,LUBE-0068,2025-01-11,11,5844.51,CAD
S01,FEED-0095,2025-01-11,6,302.48,CAD
S02,HDWR-0083,2025-01-11,29,13146.95,CAD
S04,TIRE-0061,2025-01-11,21,9060.76,CAD
S02,HDWR-0093,2025-01-12,8,4119.94,CAD
S06,HDWR-0093,2025-01-13,9,4853.38,CAD
S03,FEED-0097,2025-01-13,8,2868.76,CAD
S02,HDWR-0093,2025-01-14,5,2162.32,CAD
S03,TIRE-0089,2025-01-14,20,7235.68,CAD
S06,HDWR-0088,2025-01-14,30,14664.16,CAD
S02,SEED-0118,2025-01-14,9,2049.95,CAD
S03,SEED-0098,2025-01-14,8,396.75,CAD
S06,SEED-0114,2025-01-14,10,1285.62,CAD
S02,HDWR-0094,2025-01-14,22,1466.69,CAD
S05,LUBE-0092,2025-01-14,6,2123.89,CAD
S06,FEED-0081,2025-01-14,7,3276.11,CAD
S05,FUEL-0079,2025-01-14,1,480.59,CAD
S06,SEED-0071,2025-01-15,7,3672.85,CAD
S02,SEED-0071,2025-01-15,8,3299.04,CAD
S03,TIRE-0064,2025-01-15,16,6776.71,CAD
S04,FUEL-0117,2025-01-15,5,1439.85,CAD
S05,HDWR-0113,2025-01-15,15,6188.93,CAD
S05,SEED-0082,2025-01-15,4,211.82,CAD
S03,FEED-0070,2025-01-15,7,1963.76,CAD
S03,HDWR-0094,2025-01-16,23,1940.79,CAD
S03,SEED-0100,2025-01-16,7,3398.88,CAD
S06,FEED-0102,2025-01-16,13,1813.58,CAD
S01,TIRE-0089,2025-01-16,20,8942.57,CAD
S01,LUBE-0112,2025-01-16,13,795.64,CAD
S05,SEED-0114,2025-01-16,6,763.31,CAD
S01,LUBE-0112,2025-01-16,9,500.82,CAD
S02,SEED-0096,2025-01-16,9,2604.91,CAD
S05,SEED-0098,2025-01-17,9,453.22,CAD
S01,SEED-0096,2025-01-17,10,2908.66,CAD
S06,FUEL-0079,2025-01-17,20,9275.93,CAD
S02,FEED-0074,2025-01-17,7,1652.28,CAD
S05,FUEL-0091,2025-01-18,15,3476.63,CAD
S04,FEED-0081,2025-01-18,7,3248.97,CAD
S06,SEED-0100,2025-01-18,3,1402.24,CAD
S06,SEED-0071,2025-01-18,4,2027.89,CAD
S04,HDWR-0110,2025-01-19,12,5031.76,CAD
S03,HDWR-0067,2025-01-19,25,310.21,CAD
S02,TIRE-0073,2025-01-19,27,8198.89,CAD
S02,FEED-0102,2025-01-19,1,179.58,CAD
S02,SEED-0114,2025-01-20,11,1713.75,CAD
S04,SEED-0100,2025-01-20,4,2221.42,CAD
S01,FEED-0115,2025-01-20,10,3093.34,CAD
S05,FEED-0116,2025-01-20,1,212.71,CAD
S05,FEED-0115,2025-01-20,7,2360.92,CAD
S01,FEED-0106,2025-01-20,1,478.01,CAD
S04,FUEL-0079,2025-01-20,20,9198.07,CAD
S02,FUEL-0109,2025-01-21,8,1921.49,CAD
S04,SEED-0062,2025-01-21,11,4558.82,CAD
S05,FEED-0104,2025-01-21,10,3773.01,CAD
S02,FEED-0070,2025-01-21,9,2358.26,CAD
S02,HDWR-0107,2025-01-21,32,3574.83,CAD
S05,TIRE-0105,2025-01-22,8,2802.67,CAD
S05,LUBE-0112,2025-01-22,4,283.88,CAD
S04,HDWR-0083,2025-01-22,16,6898.37,CAD
S03,SEED-0082,2025-01-22,6,316.17,CAD
S04,FEED-0115,2025-01-22,3,865.89,CAD
S02,SEED-0114,2025-01-22,6,840.43,CAD
S04,FEED-0081,2025-01-22,2,1073.89,CAD
S01,TIRE-0119,2025-01-23,26,1829.58,CAD
S05,LUBE-0120,2025-01-23,15,9250.02,CAD
S03,TIRE-0086,2025-01-23,23,2319.53,CAD
S02,HDWR-0107,2025-01-24,8,997.24,CAD
S06,HDWR-0094,2025-01-24,13,957.64,CAD
S02,FEED-0106,2025-01-24,5,2376.63,CAD
S02,FEED-0070,2025-01-24,11,2827.81,CAD
S06,FUEL-0101,2025-01-25,1,49.53,CAD
S06,HDWR-0093,2025-01-25,8,4477.06,CAD
S03,FEED-0085,2025-01-26,14,4408.5,CAD
S03,HDWR-0088,2025-01-27,15,7324.21,CAD
S05,FUEL-0080,2025-01-27,6,916.66,CAD
S01,HDWR-0103,2025-01-27,28,3242.02,CAD
S05,SEED-0108,2025-01-27,5,1783.12,CAD
S05,HDWR-0093,2025-01-27,16,8898.73,CAD
S02,HDWR-0083,2025-01-27,12,5069.36,CAD
S05,FEED-0081,2025-01-28,1,514.09,CAD
S06,FEED-0081,2025-01-28,10,4849.48,CAD
S02,HDWR-0107,2025-01-28,13,1388.23,CAD
S02,FEED-0074,2025-01-28,2,455.23,CAD
S05,HDWR-0088,2025-01-28,18,8172.97,CAD
S02,HDWR-0083,2025-01-28,12,5174.26,CAD
S03,LUBE-0090,2025-01-28,6,783.96,CAD
S03,FEED-0085,2025-01-29,7,2706.92,CAD
S05,TIRE-0105,2025-01-29,15,4962.8,CAD
S03,FEED-0074,2025-01-29,8,1555.67,CAD
S03,FUEL-0069,2025-01-29,23,12963.92,CAD
S05,LUBE-0068,2025-01-30,19,8413.14,CAD
S01,HDWR-0107,2025-01-30,7,876.86,CAD
S02,SEED-0114,2025-01-30,10,1562.11,CAD
S03,FUEL-0109,2025-01-31,10,2074.2,CAD
S03,FUEL-0080,2025-01-31,21,3205.24,CAD
S05,FUEL-0109,2025-01-31,4,909.19,CAD
S04,FUEL-0072,2025-01-31,2,1015.39,CAD
S03,FUEL-0066,2025-01-31,15,4137.04,CAD
S05,SEED-0108,2025-02-01,8,2749.46,CAD
S01,FUEL-0079,2025-02-01,26,14126.66,CAD
S01,HDWR-0113,2025-02-02,22,7758.53,CAD
S06,TIRE-0064,2025-02-03,22,8948.32,CAD
S04,HDWR-0083,2025-02-03,18,7756.06,CAD
S06,FUEL-0066,2025-02-03,18,4625.58,CAD
S02,TIRE-0105,2025-02-03,17,5735.07,CAD
S01,FEED-0104,2025-02-03,8,2797.39,CAD
S06,SEED-0108,2025-02-03,11,3545.94,CAD
S05,LUBE-0092,2025-02-04,23,8160.87,CAD
S02,FUEL-0101,2025-02-04,24,1102.76,CAD
S03,SEED-0096,2025-02-04,6,1986.52,CAD
S01,HDWR-0094,2025-02-04,11,754.33,CAD
S06,LUBE-0092,2025-02-04,19,6277.76,CAD
S02,LUBE-0090,2025-02-05,21,2508.34,CAD
S04,SEED-0096,2025-02-05,12,3601.84,CAD
S04,FEED-0104,2025-02-05,6,2433.92,CAD
S04,SEED-0100,2025-02-05,4,1806.03,CAD
S05,SEED-0111,2025-02-06,6,2025.57,CAD
S03,FEED-0115,2025-02-06,14,4681.31,CAD
S01,TIRE-0087,2025-02-06,22,11175.79,CAD
S01,HDWR-0093,2025-02-06,22,10972.99,CAD
S06,SEED-0078,2025-02-06,7,544.67,CAD
S05,LUBE-0065,2025-02-06,8,1623.24,CAD
S03,HDWR-0113,2025-02-06,22,9217.62,CAD
S01,HDWR-0103,2025-02-06,26,2985.4,CAD
S01,TIRE-0119,2025-02-07,13,709.0,CAD
S05,HDWR-0088,2025-02-07,7,3688.27,CAD
S06,HDWR-0088,2025-02-07,24,13530.79,CAD
S06,LUBE-0099,2025-02-08,16,649.19,CAD
S04,LUBE-0068,2025-02-08,22,10908.35,CAD
S03,FEED-0104,2025-02-09,9,3842.55,CAD
S03,FUEL-0109,2025-02-10,24,5505.87,CAD
S01,FEED-0102,2025-02-10,8,1386.13,CAD
S06,FEED-0095,2025-02-10,17,805.18,CAD
S05,TIRE-0073,2025-02-10,18,5798.62,CAD
S03,LUBE-0120,2025-02-10,9,4757.33,CAD
S02,SEED-0098,2025-02-10,7,311.94,CAD
S01,LUBE-0120,2025-02-11,12,5934.41,CAD
S01,TIRE-0076,2025-02-11,14,7733.99,CAD
S01,FEED-0116,2025-02-11,9,2034.45,CAD
S04,FUEL-0117,2025-02-11,21,6107.31,CAD
S06,TIRE-0073,2025-02-11,10,3633.05,CAD
S03,SEED-0100,2025-02-11,6,2702.48,CAD
S01,LUBE-0099,2025-02-12,20,731.62,CAD
S01,HDWR-0093,2025-02-12,28,13643.02,CAD
S02,FUEL-0091,2025-02-13,26,5312.92,CAD
S04,FUEL-0091,2025-02-13,11,2263.36,CAD
S01,FUEL-0072,2025-02-13,13,5719.61,CAD
S02,HDWR-0103,2025-02-13,14,1902.46,CAD
S04,SEED-0114,2025-02-13,7,964.24,CAD
S03,TIRE-0084,2025-02-13,14,6027.58,CAD
S05,FEED-0070,2025-02-14,14,4233.91,CAD
S06,FEED-0081,2025-02-14,11,4949.87,CAD
S02,FUEL-0101,2025-02-14,42,1773.2,CAD
S05,FUEL-0079,2025-02-14,5,2270.4,CAD
S04,FEED-0106,2025-02-14,8,3854.63,CAD
S03,SEED-0096,2025-02-14,11,3185.87,CAD
S04,FUEL-0117,2025-02-14,21,5399.19,CAD
S03,FEED-0106,2025-02-15,10,4888.39,CAD
S02,FEED-0085,2025-02-15,12,3792.58,CAD
S06,FEED-0085,2025-02-16,4,1358.15,CAD
S05,FUEL-0109,2025-02-16,29,6376.1,CAD
S06,HDWR-0088,2025-02-16,13,7325.89,CAD
S01,TIRE-0105,2025-02-17,33,11676.79,CAD
S01,SEED-0098,2025-02-17,2,92.99,CAD
S06,FUEL-0066,2025-02-17,22,5984.59,CAD
S02,SEED-0108,2025-02-17,9,3579.97,CAD
S06,HDWR-0083,2025-02-17,22,8710.17,CAD
S02,FEED-0102,2025-02-18,5,819.81,CAD
S04,TIRE-0086,2025-02-18,16,1381.35,CAD
S02,HDWR-0083,2025-02-18,20,9925.04,CAD
S05,TIRE-0089,2025-02-18,23,9696.96,CAD
S03,SEED-0082,2025-02-18,10,614.99,CAD
S03,LUBE-0120,2025-02-19,13,7348.9,CAD
S05,LUBE-0090,2025-02-19,18,2088.62,CAD
S05,FEED-0097,2025-02-19,4,1275.21,CAD
S01,HDWR-0107,2025-02-19,7,835.66,CAD
S06,TIRE-0077,2025-02-20,28,5684.81,CAD
S04,HDWR-0093,2025-02-20,23,12829.38,CAD
S01,FUEL-0066,2025-02-20,8,2054.01,CAD
S02,TIRE-0064,2025-02-20,17,6875.6,CAD
S02,LUBE-0112,2025-02-20,27,1797.08,CAD
S06,TIRE-0061,2025-02-20,10,4693.74,CAD
S01,SEED-0096,2025-02-20,9,2733.69,CAD
S05,FUEL-0069,2025-02-20,14,7954.05,CAD
S03,SEED-0108,2025-02-21,7,2629.77,CAD
S04,SEED-0118,2025-02-21,3,752.67,CAD
S06,FUEL-0079,2025-02-21,5,2430.77,CAD
S06,TIRE-0077,2025-02-21,19,3187.02,CAD
S04,SEED-0100,2025-02-21,11,6095.66,CAD
S06,SEED-0114,2025-02-21,8,1003.78,CAD
S05,LUBE-0099,2025-02-22,19,755.87,CAD
S03,HDWR-0088,2025-02-23,22,12508.7,CAD
S05,FEED-0095,2025-02-23,6,261.51,CAD
S05,FEED-0104,2025-02-24,10,4371.6,CAD
S04,HDWR-0113,2025-02-24,20,7308.43,CAD
S06,LUBE-0120,2025-02-24,5,2439.78,CAD
S04,SEED-0098,2025-02-24,2,102.05,CAD
S03,TIRE-0061,2025-02-24,24,11004.92,CAD
S01,FUEL-0079,2025-02-25,15,6569.93,CAD
S05,HDWR-0110,2025-02-25,20,10239.25,CAD
S04,SEED-0082,2025-02-25,6,383.8,CAD
S02,FUEL-0072,2025-02-25,18,8480.56,CAD
S01,FEED-0115,2025-02-25,11,2942.98,CAD
S04,LUBE-0092,2025-02-25,15,5812.71,CAD
S02,HDWR-0110,2025-02-25,13,5549.2,CAD
S02,SEED-0082,2025-02-26,10,542.28,CAD
S02,TIRE-0089,2025-02-26,21,8721.7,CAD
S03,HDWR-0113,2025-02-26,10,4503.28,CAD
S04,LUBE-0092,2025-02-26,28,9440.99,CAD
S05,FUEL-0069,2025-02-26,19,10063.54,CAD
S01,HDWR-0094,2025-02-26,6,445.08,CAD
S04,FEED-0116,2025-02-26,9,2005.63,CAD
S06,HDWR-0083,2025-02-26,12,5729.75,CAD
S06,SEED-0082,2025-02-27,10,501.03,CAD
S05,FEED-0106,2025-02-28,10,4141.37,CAD
S06,HDWR-0088,2025-02-28,9,5077.98,CAD
S06,HDWR-0103,2025-02-28,15,1927.04,CAD
S05,LUBE-0065,2025-02-28,10,2051.47,CAD
S05,TIRE-0073,2025-02-28,5,1648.17,CAD
S01,FEED-0104,2025-02-28,15,6034.23,CAD
S01,TIRE-0073,2025-03-01,19,6653.5,CAD
S01,TIRE-0119,2025-03-02,22,1463.57,CAD
S06,FUEL-0066,2025-03-03,6,1629.11,CAD
S04,LUBE-0092,2025-03-03,9,2888.29,CAD
S05,FUEL-0101,2025-03-03,15,686.91,CAD
S05,SEED-0111,2025-03-03,12,4226.31,CAD
S01,TIRE-0087,2025-03-03,22,11303.52,CAD
S01,FUEL-0091,2025-03-04,13,3270.28,CAD
S03,FEED-0070,2025-03-04,23,7252.59,CAD
S05,LUBE-0099,2025-03-04,23,956.41,CAD
S06,FUEL-0069,2025-03-04,9,4327.68,CAD
S01,FUEL-0101,2025-03-04,13,633.38,CAD
S04,FEED-0115,2025-03-05,24,6404.42,CAD
S03,LUBE-0090,2025-03-05,1,118.85,CAD
S03,FEED-0074,2025-03-05,7,1652.1,CAD
S04,FUEL-0101,2025-03-05,12,655.92,CAD
S05,LUBE-0092,2025-03-05,14,4693.82,CAD
S03,SEED-0062,2025-03-06,13,4269.39,CAD
S03,FUEL-0117,2025-03-06,17,4657.68,CAD
S03,HDWR-0088,2025-03-06,16,8133.8,CAD
S01,HDWR-0107,2025-03-06,12,1209.1,CAD
S05,FUEL-0109,2025-03-06,29,6197.61,CAD
S03,FUEL-0109,2025-03-06,17,4116.71,CAD
S01,HDWR-0094,2025-03-06,18,1190.01,CAD
S02,FEED-0106,2025-03-06,13,6360.85,CAD
S02,LUBE-0065,2025-03-06,31,6664.1,CAD
S06,SEED-0114,2025-03-06,20,2520.53,CAD
S05,SEED-0063,2025-03-06,12,4695.83,CAD
S05,LUBE-0120,2025-03-07,29,15266.84,CAD
S06,FUEL-0072,2025-03-07,12,4908.29,CAD
S03,SEED-0062,2025-03-07,26,10158.45,CAD
S01,TIRE-0061,2025-03-08,12,5521.55,CAD
S06,FUEL-0080,2025-03-08,14,1927.13,CAD
S05,FEED-0104,2025-03-09,15,5277.7,CAD
S06,FEED-0116,2025-03-09,16,3606.22,CAD
S05,FEED-0085,2025-03-09,8,2562.57,CAD
S03,FEED-0115,2025-03-09,21,5754.16,CAD
S06,HDWR-0113,2025-03-10,14,6015.71,CAD
S02,FEED-0106,2025-03-10,19,7813.69,CAD
S02,SEED-0118,2025-03-10,14,3816.11,CAD
S03,FEED-0115,2025-03-10,10,3331.55,CAD
S06,SEED-0118,2025-03-10,11,3079.12,CAD
S03,TIRE-0119,2025-03-10,16,991.27,CAD
S03,LUBE-0099,2025-03-11,24,1062.21,CAD
S01,HDWR-0094,2025-03-11,23,1809.27,CAD
S05,SEED-0100,2025-03-11,14,7782.41,CAD
S04,HDWR-0088,2025-03-11,28,13398.0,CAD
S05,FUEL-0101,2025-03-11,14,650.12,CAD
S01,SEED-0118,2025-03-11,21,4595.94,CAD
S03,HDWR-0113,2025-03-12,28,12660.69,CAD
S06,TIRE-0084,2025-03-12,15,6542.24,CAD
S04,HDWR-0107,2025-03-12,24,2466.64,CAD
S01,HDWR-0107,2025-03-12,37,3913.95,CAD
S05,TIRE-0087,2025-03-12,23,10123.12,CAD
S03,SEED-0098,2025-03-12,19,809.09,CAD
S03,FEED-0070,2025-03-13,6,1907.47,CAD
S05,SEED-0062,2025-03-13,27,9465.9,CAD
S02,LUBE-0092,2025-03-13,13,4387.85,CAD
S02,FUEL-0109,2025-03-13,18,4074.62,CAD
S02,FEED-0102,2025-03-14,12,1812.64,CAD
S01,HDWR-0110,2025-03-14,28,11529.09,CAD
S05,FEED-0070,2025-03-14,17,5348.82,CAD
S04,TIRE-0119,2025-03-14,15,899.32,CAD
S05,HDWR-0113,2025-03-15,1,395.01,CAD
S05,HDWR-0110,2025-03-15,11,5723.56,CAD
S02,SEED-0108,2025-03-15,6,1986.42,CAD
S02,SEED-0108,2025-03-16,14,4700.43,CAD
S05,FEED-0097,2025-03-17,20,6872.84,CAD
S06,SEED-0078,2025-03-17,14,1095.37,CAD
S03,FUEL-0069,2025-03-17,13,7342.55,CAD
S06,TIRE-0073,2025-03-17,25,8329.78,CAD
S01,FUEL-0091,2025-03-17,11,2635.97,CAD
S03,LUBE-0099,2025-03-17,24,1080.54,CAD
S05,LUBE-0090,2025-03-17,14,1817.83,CAD
S05,FUEL-0117,2025-03-17,16,4107.53,CAD
S02,SEED-0071,2025-03-18,25,12295.75,CAD
S02,FEED-0081,2025-03-18,26,10971.57,CAD
S06,LUBE-0120,2025-03-18,19,10928.91,CAD
S02,LUBE-0120,2025-03-18,23,13228.25,CAD
S02,SEED-0098,2025-03-19,19,920.93,CAD
S01,SEED-0096,2025-03-19,21,6777.98,CAD
S02,LUBE-0068,2025-03-19,22,9437.07,CAD
S01,LUBE-0065,2025-03-20,12,2227.03,CAD
S04,SEED-0108,2025-03-20,22,7906.27,CAD
S01,FEED-0097,2025-03-20,8,2914.62,CAD
S03,SEED-0098,2025-03-20,20,914.99,CAD
S02,LUBE-0092,2025-03-20,12,4066.19,CAD
S02,FUEL-0109,2025-03-20,12,3110.51,CAD
S03,FEED-0095,2025-03-21,7,351.05,CAD
S06,FUEL-0072,2025-03-21,13,5333.83,CAD
S04,FEED-0095,2025-03-21,24,1128.28,CAD
S01,LUBE-0092,2025-03-21,9,3367.45,CAD
S06,FEED-0074,2025-03-21,12,2569.78,CAD
S02,SEED-0114,2025-03-21,19,2894.45,CAD
S06,FEED-0104,2025-03-21,20,7385.6,CAD
S03,HDWR-0093,2025-03-22,12,6279.34,CAD
S06,SEED-0118,2025-03-22,21,5294.36,CAD
S06,FEED-0115,2025-03-23,22,7087.4,CAD
S05,TIRE-0119,2025-03-24,14,981.4,CAD
S02,TIRE-0077,2025-03-24,21,3675.01,CAD
S04,FEED-0074,2025-03-24,6,1152.58,CAD
S05,FEED-0070,2025-03-24,19,4911.43,CAD
S01,HDWR-0088,2025-03-25,27,15136.3,CAD
S05,TIRE-0064,2025-03-25,19,8537.67,CAD
S05,SEED-0118,2025-03-25,21,4886.83,CAD
S02,FEED-0115,2025-03-25,28,8179.03,CAD
S05,FEED-0116,2025-03-25,17,4401.16,CAD
S06,TIRE-0084,2025-03-25,12,5044.19,CAD
S06,LUBE-0120,2025-03-25,35,16586.11,CAD
S01,HDWR-0083,2025-03-26,26,11173.61,CAD
S01,FEED-0085,2025-03-26,13,4121.8,CAD
S02,SEED-0118,2025-03-26,6,1580.91,CAD
S03,SEED-0078,2025-03-26,12,779.94,CAD
S01,FEED-0102,2025-03-26,16,2480.67,CAD
S06,FEED-0104,2025-03-26,11,4611.34,CAD
S02,TIRE-0064,2025-03-26,21,7939.63,CAD
S04,SEED-0100,2025-03-27,20,10183.68,CAD
S04,HDWR-0110,2025-03-27,19,9533.78,CAD
S03,FUEL-0079,2025-03-27,11,5770.95,CAD
S02,HDWR-0088,2025-03-27,21,9995.14,CAD
S04,TIRE-0089,2025-03-27,15,5753.02,CAD
S04,HDWR-0110,2025-03-27,12,5977.4,CAD
S02,HDWR-0107,2025-03-27,18,1869.79,CAD
S02,FEED-0104,2025-03-27,16,6946.48,CAD
S05,FUEL-0109,2025-03-28,21,5227.81,CAD
S02,FEED-0081,2025-03-28,32,16258.99,CAD
S04,HDWR-0110,2025-03-28,11,5109.73,CAD
S03,FUEL-0091,2025-03-28,6,1357.27,CAD
S05,LUBE-0092,2025-03-28,17,5278.78,CAD
S06,TIRE-0086,2025-03-28,41,4126.55,CAD
S06,LUBE-0092,2025-03-28,27,8832.21,CAD
S03,HDWR-0094,2025-03-28,17,1244.86,CAD
S04,FEED-0116,2025-03-29,16,4085.94,CAD
S02,SEED-0062,2025-03-29,29,9563.98,CAD
S05,TIRE-0084,2025-03-30,4,1600.29,CAD
S01,FEED-0085,2025-03-30,20,7292.88,CAD
S03,FEED-0085,2025-03-31,21,7398.17,CAD
S03,HDWR-0093,2025-03-31,12,5206.73,CAD
S06,TIRE-0073,2025-03-31,13,3790.07,CAD
S02,TIRE-0076,2025-03-31,11,5520.68,CAD
S02,FEED-0104,2025-03-31,20,9006.18,CAD
S01,TIRE-0086,2025-03-31,18,1567.8,CAD
S06,SEED-0111,2025-03-31,12,4652.01,CAD
S04,FUEL-0080,2025-04-01,29,3979.24,CAD
S04,FEED-0115,2025-04-01,36,12154.22,CAD
S04,FEED-0070,2025-04-01,18,5695.04,CAD
S05,HDWR-0088,2025-04-01,28,16388.34,CAD
S06,LUBE-0090,2025-04-01,16,1676.38,CAD
S04,LUBE-0099,2025-04-01,21,838.95,CAD
S03,SEED-0082,2025-04-01,28,1436.86,CAD
S01,SEED-0108,2025-04-02,36,14075.27,CAD
S04,SEED-0063,2025-04-02,32,12482.73,CAD
S04,SEED-0098,2025-04-02,23,1097.68,CAD
S01,TIRE-0089,2025-04-02,11,4256.91,CAD
S06,HDWR-0113,2025-04-03,11,4489.23,CAD
S05,SEED-0118,2025-04-03,21,5303.29,CAD
S03,TIRE-0119,2025-04-03,11,652.7,CAD
S03,TIRE-0119,2025-04-03,17,996.54,CAD
S04,HDWR-0093,2025-04-04,17,8543.18,CAD
S05,TIRE-0105,2025-04-04,13,4310.97,CAD
S05,HDWR-0113,2025-04-04,3,1068.13,CAD
S05,FEED-0115,2025-04-04,29,7850.61,CAD
S04,SEED-0111,2025-04-04,35,13928.19,CAD
S04,FUEL-0091,2025-04-04,30,6481.81,CAD
S03,FUEL-0109,2025-04-05,16,4031.2,CAD
S01,SEED-0100,2025-04-05,17,7730.61,CAD
S04,SEED-0111,2025-04-05,27,9619.75,CAD
S05,FUEL-0091,2025-04-06,24,5216.82,CAD
S01,FEED-0104,2025-04-06,50,22339.12,CAD
S04,HDWR-0107,2025-04-07,28,2848.38,CAD
S06,TIRE-0086,2025-04-07,27,2443.18,CAD
S06,LUBE-0065,2025-04-07,13,2431.8,CAD
S01,HDWR-0107,2025-04-07,6,587.04,CAD
S06,FEED-0102,2025-04-07,26,3735.72,CAD
S03,SEED-0111,2025-04-07,53,19020.39,CAD
S01,FEED-0075,2025-04-07,47,12468.08,CAD
S03,FEED-0102,2025-04-08,41,7112.25,CAD
S04,FUEL-0101,2025-04-08,14,651.59,CAD
S01,TIRE-0105,2025-04-08,11,3777.34,CAD
S05,FUEL-0079,2025-04-08,20,9214.15,CAD
S02,LUBE-0092,2025-04-09,26,9213.12,CAD
S05,HDWR-0103,2025-04-09,20,2717.55,CAD
S01,HDWR-0103,2025-04-09,27,3807.28,CAD
S02,FEED-0085,2025-04-09,45,15429.64,CAD
S03,HDWR-0113,2025-04-09,29,12326.93,CAD
S03,SEED-0118,2025-04-09,42,10867.74,CAD
S06,SEED-0082,2025-04-09,1,56.2,CAD
S03,FEED-0106,2025-04-09,18,8465.01,CAD
S02,LUBE-0120,2025-04-09,23,14028.25,CAD
S04,SEED-0118,2025-04-10,47,10528.45,CAD
S04,TIRE-0087,2025-04-10,13,6849.8,CAD
S05,SEED-0098,2025-04-10,17,773.47,CAD
S01,FEED-0074,2025-04-10,35,6524.97,CAD
S06,SEED-0118,2025-04-10,46,11756.45,CAD
S01,TIRE-0086,2025-04-10,15,1615.76,CAD
S02,FEED-0081,2025-04-11,24,11816.23,CAD
S06,TIRE-0076,2025-04-11,4,2236.84,CAD
S01,FEED-0116,2025-04-11,32,7154.71,CAD
S05,SEED-0108,2025-04-11,16,6493.71,CAD
S02,HDWR-0103,2025-04-12,24,3155.94,CAD
S05,LUBE-0099,2025-04-12,18,793.42,CAD
S02,LUBE-0090,2025-04-12,10,1086.18,CAD
S05,HDWR-0113,2025-04-13,23,9824.65,CAD
S05,FEED-0104,2025-04-14,47,19074.28,CAD
S02,TIRE-0119,2025-04-14,25,1419.17,CAD
S04,LUBE-0099,2025-04-14,24,928.01,CAD
S05,FEED-0106,2025-04-14,26,11887.15,CAD
S02,TIRE-0086,2025-04-14,24,2263.9,CAD
S06,HDWR-0083,2025-04-14,14,5752.27,CAD
S01,SEED-0098,2025-04-14,50,2657.04,CAD
S02,HDWR-0107,2025-04-15,24,2907.96,CAD
S03,LUBE-0092,2025-04-15,27,9781.55,CAD
S04,LUBE-0112,2025-04-15,9,645.34,CAD
S01,TIRE-0087,2025-04-15,24,11686.41,CAD
S04,LUBE-0065,2025-04-15,19,3600.78,CAD
S04,SEED-0082,2025-04-15,31,1639.16,CAD
S04,LUBE-0112,2025-04-15,17,959.68,CAD
S05,HDWR-0113,2025-04-16,25,10766.03,CAD
S01,LUBE-0090,2025-04-16,29,3375.06,CAD
S04,FEED-0106,2025-04-16,48,21175.08,CAD
S02,LUBE-0090,2025-04-16,28,2951.26,CAD
S06,TIRE-0089,2025-04-16,23,8666.04,CAD
S01,LUBE-0112,2025-04-17,27,1622.29,CAD
S02,LUBE-0068,2025-04-17,17,7824.9,CAD
S04,TIRE-0119,2025-04-17,17,1169.63,CAD
S05,FEED-0081,2025-04-17,40,21425.67,CAD
S04,FEED-0097,2025-04-17,40,12113.48,CAD
S02,FEED-0116,2025-04-18,47,11776.46,CAD
S06,FEED-0095,2025-04-18,66,2935.33,CAD
S05,SEED-0082,2025-04-18,9,509.67,CAD
S06,HDWR-0110,2025-04-18,20,8348.02,CAD
S04,TIRE-0076,2025-04-18,20,10268.26,CAD
S06,FEED-0095,2025-04-19,22,851.65,CAD
S06,LUBE-0092,2025-04-19,22,7599.57,CAD
S04,FEED-0106,2025-04-19,44,19125.78,CAD
S02,SEED-0098,2025-04-19,24,1268.22,CAD
S03,FEED-0095,2025-04-20,41,2028.63,CAD
S05,FEED-0075,2025-04-21,44,13078.07,CAD
S05,FUEL-0101,2025-04-21,7,338.24,CAD
S03,FUEL-0072,2025-04-21,20,9698.07,CAD
S05,FEED-0075,2025-04-21,36,10418.71,CAD
S05,FEED-0102,2025-04-21,43,7442.35,CAD
S01,HDWR-0113,2025-04-21,26,9911.35,CAD
S02,FEED-0070,2025-04-22,24,6344.9,CAD
S05,FEED-0070,2025-04-22,39,11179.36,CAD
S01,HDWR-0103,2025-04-22,15,2040.92,CAD
S02,SEED-0071,2025-04-22,44,21662.65,CAD
S02,SEED-0111,2025-04-22,33,10598.89,CAD
S04,TIRE-0119,2025-04-22,21,1154.22,CAD
S04,HDWR-0093,2025-04-22,18,9086.33,CAD
S05,LUBE-0112,2025-04-22,10,605.96,CAD
S02,TIRE-0073,2025-04-23,26,9150.58,CAD
S01,TIRE-0084,2025-04-23,2,848.33,CAD
S02,FEED-0081,2025-04-23,17,8007.71,CAD
S06,SEED-0114,2025-04-23,41,6569.95,CAD
S04,FEED-0116,2025-04-23,40,10288.54,CAD
S02,SEED-0100,2025-04-23,37,16382.83,CAD
S03,FUEL-0117,2025-04-24,12,3079.02,CAD
S06,LUBE-0120,2025-04-24,18,10222.17,CAD
S04,FEED-0116,2025-04-24,24,5364.21,CAD
S02,FUEL-0109,2025-04-24,12,2838.56,CAD
S03,HDWR-0094,2025-04-24,18,1476.98,CAD
S05,FEED-0116,2025-04-24,42,8707.74,CAD
S02,FEED-0095,2025-04-24,18,903.97,CAD
S01,LUBE-0120,2025-04-24,24,14651.36,CAD
S04,SEED-0100,2025-04-25,36,16070.21,CAD
S03,LUBE-0099,2025-04-25,9,350.93,CAD
S03,TIRE-0087,2025-04-25,13,6354.97,CAD
S03,LUBE-0065,2025-04-25,12,2304.26,CAD
S01,SEED-0082,2025-04-25,44,2382.43,CAD
S02,LUBE-0099,2025-04-25,13,580.19,CAD
S06,HDWR-0110,2025-04-25,31,13835.87,CAD
S04,HDWR-0107,2025-04-26,24,2848.36,CAD
S05,FEED-0116,2025-04-26,37,8717.28,CAD
S02,TIRE-0077,2025-04-27,16,2923.4,CAD
S02,FEED-0102,2025-04-27,19,2619.79,CAD
S05,FEED-0106,2025-04-27,36,15223.03,CAD
S02,FEED-0085,2025-04-28,53,19186.87,CAD
S05,FEED-0104,2025-04-28,24,8358.02,CAD
S04,FEED-0095,2025-04-28,22,891.39,CAD
S04,FEED-0104,2025-04-28,38,15489.35,CAD
S04,FEED-0102,2025-04-28,32,4473.09,CAD
S02,FEED-0116,2025-04-29,44,9940.4,CAD
S04,TIRE-0077,2025-04-29,15,2597.79,CAD
S05,FUEL-0066,2025-04-29,14,3783.71,CAD
S04,HDWR-0093,2025-04-29,29,14602.19,CAD
S04,SEED-0114,2025-04-29,24,3282.47,CAD
S05,FUEL-0091,2025-04-29,13,3272.58,CAD
S01,FEED-0095,2025-04-29,47,2299.9,CAD
S05,HDWR-0094,2025-04-29,23,1782.02,CAD
S06,FEED-0115,2025-04-29,48,15552.49,CAD
S05,SEED-0082,2025-04-30,46,2289.05,CAD
S02,SEED-0098,2025-04-30,21,1023.51,CAD
S01,SEED-0082,2025-04-30,38,2287.75,CAD
S05,FUEL-0109,2025-04-30,26,5509.57,CAD
S01,FUEL-0069,2025-04-30,38,18919.4,CAD
S01,FEED-0074,2025-04-30,36,8203.34,CAD
S06,SEED-0111,2025-04-30,32,12113.46,CAD
S02,FUEL-0109,2025-04-30,21,5088.89,CAD
S04,SEED-0111,2025-05-01,63,21570.67,CAD
S03,FEED-0102,2025-05-01,33,4666.49,CAD
S06,HDWR-0107,2025-05-01,14,1682.69,CAD
S06,FEED-0097,2025-05-01,61,19665.64,CAD
S01,SEED-0096,2025-05-01,46,13708.76,CAD
S04,TIRE-0087,2025-05-01,7,2899.23,CAD
S01,SEED-0096,2025-05-01,52,17321.72,CAD
S02,FUEL-0069,2025-05-01,30,15078.72,CAD
S04,HDWR-0093,2025-05-01,20,9929.48,CAD
S05,FEED-0106,2025-05-01,44,20509.63,CAD
S05,HDWR-0110,2025-05-01,17,7658.56,CAD
S02,HDWR-0113,2025-05-01,15,5672.63,CAD
S04,LUBE-0092,2025-05-02,18,6172.46,CAD
S05,LUBE-0090,2025-05-02,20,2360.13,CAD
S05,TIRE-0087,2025-05-02,21,10053.5,CAD
S06,LUBE-0099,2025-05-03,11,445.76,CAD
S06,TIRE-0105,2025-05-03,16,5660.25,CAD
S06,FUEL-0080,2025-05-04,15,2057.69,CAD
S02,SEED-0082,2025-05-04,25,1459.45,CAD
S01,FEED-0070,2025-05-04,42,10659.68,CAD
S05,LUBE-0120,2025-05-05,23,13843.03,CAD
S05,FEED-0097,2025-05-05,56,16868.42,CAD
S06,FEED-0081,2025-05-05,5,2682.74,CAD
S02,TIRE-0073,2025-05-05,22,8139.02,CAD
S04,FUEL-0066,2025-05-05,25,6528.12,CAD
S03,FEED-0097,2025-05-05,63,22392.01,CAD
S03,LUBE-0099,2025-05-05,25,1059.38,CAD
S04,FEED-0115,2025-05-05,56,16452.99,CAD
S02,SEED-0114,2025-05-05,57,7099.34,CAD
S04,FEED-0097,2025-05-06,31,11040.61,CAD
S03,FEED-0106,2025-05-06,47,17634.34,CAD
S05,SEED-0098,2025-05-06,59,2624.11,CAD
S01,LUBE-0092,2025-05-06,10,3200.29,CAD
S04,SEED-0082,2025-05-06,53,2675.18,CAD
S02,SEED-0111,2025-05-06,40,16463.58,CAD
S03,SEED-0098,2025-05-07,27,1150.44,CAD
S01,HDWR-0083,2025-05-07,26,10214.79,CAD
S03,FEED-0097,2025-05-07,38,12522.43,CAD
S04,SEED-0096,2025-05-07,28,10332.75,CAD
S05,SEED-0111,2025-05-07,34,12172.99,CAD
S04,TIRE-0089,2025-05-08,19,7261.55,CAD
S02,LUBE-0120,2025-05-08,23,13518.71,CAD
S04,HDWR-0103,2025-05-08,28,3719.12,CAD
S05,HDWR-0103,2025-05-08,20,2825.81,CAD
S01,SEED-0100,2025-05-08,61,31507.18,CAD
S03,HDWR-0103,2025-05-09,20,2375.63,CAD
S06,TIRE-0119,2025-05-09,19,1290.66,CAD
S01,TIRE-0064,2025-05-09,6,2523.04,CAD
S02,FEED-0116,2025-05-09,29,6254.15,CAD
S04,FEED-0095,2025-05-09,48,1955.38,CAD
S06,HDWR-0083,2025-05-10,16,7997.9,CAD
S03,TIRE-0105,2025-05-10,17,6130.22,CAD
S06,FEED-0106,2025-05-10,29,11146.48,CAD
S06,FEED-0074,2025-05-11,75,15961.87,CAD
S04,FEED-0070,2025-05-11,69,20733.45,CAD
S04,SEED-0114,2025-05-11,42,5621.92,CAD
S01,FEED-0074,2025-05-12,40,8404.89,CAD
S02,TIRE-0073,2025-05-12,23,6777.2,CAD
S05,HDWR-0093,2025-05-12,21,11577.17,CAD
S02,LUBE-0099,2025-05-12,3,130.18,CAD
S02,HDWR-0107,2025-05-12,29,3516.77,CAD
S04,LUBE-0092,2025-05-13,17,6015.5,CAD
S01,TIRE-0076,2025-05-13,17,8589.76,CAD
S01,HDWR-0103,2025-05-13,35,4805.31,CAD
S02,FEED-0081,2025-05-13,47,22556.53,CAD
S04,LUBE-0120,2025-05-13,14,8150.79,CAD
S06,FEED-0075,2025-05-13,14,4453.11,CAD
S01,FUEL-0080,2025-05-13,15,2015.29,CAD
S03,HDWR-0094,2025-05-14,11,930.56,CAD
S05,HDWR-0110,2025-05-14,37,17141.3,CAD
S05,TIRE-0105,2025-05-14,20,6406.99,CAD
S02,HDWR-0088,2025-05-14,18,8425.44,CAD
S02,HDWR-0107,2025-05-14,21,2656.21,CAD
S05,SEED-0078,2025-05-14,42,3072.52,CAD
S03,FUEL-0091,2025-05-15,22,4449.87,CAD
S05,FUEL-0091,2025-05-15,10,2495.53,CAD
S05,TIRE-0089,2025-05-15,20,7660.7,CAD
S03,FUEL-0117,2025-05-15,21,5627.73,CAD
S02,FUEL-0117,2025-05-16,19,4498.58,CAD
S02,FEED-0116,2025-05-16,1,244.69,CAD
S03,FUEL-0117,2025-05-16,30,7342.28,CAD
S01,HDWR-0093,2025-05-17,23,10310.89,CAD
S06,TIRE-0064,2025-05-17,17,6440.61,CAD
S04,FUEL-0101,2025-05-19,2,108.82,CAD
S02,HDWR-0110,2025-05-19,17,8992.25,CAD
S04,HDWR-0113,2025-05-19,20,8859.85,CAD
S03,FUEL-0080,2025-05-19,22,3027.64,CAD
S02,FEED-0085,2025-05-19,22,7696.15,CAD
S03,SEED-0111,2025-05-19,48,16860.09,CAD
S02,SEED-0071,2025-05-19,52,23661.81,CAD
S03,SEED-0108,2025-05-19,40,14955.0,CAD
S03,FEED-0097,2025-05-20,49,17214.98,CAD
S06,TIRE-0086,2025-05-20,15,1528.76,CAD
S02,SEED-0100,2025-05-20,36,16087.81,CAD
S02,LUBE-0065,2025-05-20,16,2891.42,CAD
S01,SEED-0111,2025-05-20,38,12541.32,CAD
S03,TIRE-0105,2025-05-20,14,4192.9,CAD
S06,HDWR-0103,2025-05-20,27,3085.71,CAD
S01,SEED-0111,2025-05-21,55,19339.86,CAD
S05,SEED-0096,2025-05-21,54,17206.19,CAD
S02,FEED-0106,2025-05-21,35,16032.24,CAD
S05,LUBE-0112,2025-05-21,18,1099.91,CAD
S04,TIRE-0077,2025-05-21,41,7650.66,CAD
S04,FEED-0106,2025-05-21,23,10623.1,CAD
S04,FUEL-0072,2025-05-21,29,14799.41,CAD
S02,SEED-0114,2025-05-21,51,7851.21,CAD
S05,HDWR-0093,2025-05-21,1,459.3,CAD
S06,FEED-0075,2025-05-22,33,9785.25,CAD
S03,LUBE-0112,2025-05-22,36,2537.2,CAD
S01,FEED-0081,2025-05-22,80,36756.93,CAD
S04,LUBE-0112,2025-05-22,18,1143.18,CAD
S02,LUBE-0092,2025-05-22,23,8171.74,CAD
S05,SEED-0100,2025-05-22,52,25543.51,CAD
S02,HDWR-0107,2025-05-22,21,2422.65,CAD
S05,SEED-0098,2025-05-22,51,2561.14,CAD
S04,HDWR-0113,2025-05-23,14,6231.49,CAD
S06,TIRE-0087,2025-05-23,16,7329.3,CAD
S05,SEED-0111,2025-05-23,27,8718.73,CAD
S02,LUBE-0099,2025-05-23,32,1235.46,CAD
S04,SEED-0098,2025-05-23,12,542.41,CAD
S04,TIRE-0086,2025-05-23,13,1114.09,CAD
S04,HDWR-0103,2025-05-23,15,1844.48,CAD
S01,TIRE-0089,2025-05-23,12,4628.71,CAD
S03,FUEL-0109,2025-05-23,12,3196.69,CAD
S05,TIRE-0084,2025-05-24,32,14452.95,CAD
S02,FEED-0115,2025-05-24,40,12723.22,CAD
S01,TIRE-0105,2025-05-25,8,2422.4,CAD
S06,TIRE-0061,2025-05-26,23,10436.76,CAD
S05,LUBE-0112,2025-05-26,11,763.96,CAD
S01,TIRE-0105,2025-05-26,17,5994.74,CAD
S05,LUBE-0065,2025-05-26,23,4782.03,CAD
S01,SEED-0098,2025-05-26,46,2003.52,CAD
S01,LUBE-0099,2025-05-26,30,1198.74,CAD
S01,SEED-0082,2025-05-27,45,2505.72,CAD
S05,FEED-0106,2025-05-27,27,12610.92,CAD
S06,FEED-0097,2025-05-27,46,14896.2,CAD
S02,HDWR-0083,2025-05-27,6,2474.0,CAD
S04,FUEL-0091,2025-05-27,14,2843.66,CAD
S04,FEED-0097,2025-05-28,36,10576.48,CAD
S03,HDWR-0107,2025-05-28,25,2754.08,CAD
S04,FEED-0115,2025-05-28,39,13040.11,CAD
S06,SEED-0111,2025-05-28,34,11590.71,CAD
S02,SEED-0078,2025-05-28,47,3508.11,CAD
S01,SEED-0078,2025-05-28,63,4315.19,CAD
S05,HDWR-0107,2025-05-29,19,2181.27,CAD
S01,SEED-0096,2025-05-29,24,8800.46,CAD
S06,TIRE-0084,2025-05-29,14,6274.09,CAD
S01,FUEL-0091,2025-05-29,25,5200.9,CAD
S05,FUEL-0101,2025-05-29,17,816.63,CAD
S04,SEED-0111,2025-05-29,75,29752.83,CAD
S04,TIRE-0084,2025-05-29,4,1647.8,CAD
S02,FEED-0104,2025-05-30,42,15261.27,CAD
S02,FEED-0116,2025-05-30,42,11257.8,CAD
S05,FEED-0102,2025-05-30,1,138.07,CAD
S03,SEED-0114,2025-05-30,49,7026.81,CAD
S02,SEED-0118,2025-05-30,53,14243.72,CAD
S03,SEED-0114,2025-05-30,34,5132.33,CAD
S04,FUEL-0101,2025-05-31,13,638.12,CAD
S05,HDWR-0094,2025-06-01,22,1800.04,CAD
S04,SEED-0098,2025-06-02,38,1666.93,CAD
S01,TIRE-0084,2025-06-02,14,6405.12,CAD
S04,LUBE-0092,2025-06-02,8,3125.16,CAD
S06,SEED-0096,2025-06-02,26,8665.29,CAD
S03,FEED-0116,2025-06-03,33,8625.46,CAD
S02,FEED-0116,2025-06-03,27,6114.13,CAD
S03,FEED-0104,2025-06-03,45,17129.06,CAD
S02,HDWR-0094,2025-06-03,23,1871.6,CAD
S01,HDWR-0088,2025-06-03,17,8277.99,CAD
S02,TIRE-0089,2025-06-03,17,7295.44,CAD
S02,FEED-0097,2025-06-03,31,11070.4,CAD
S05,FEED-0095,2025-06-04,26,1322.88,CAD
S05,LUBE-0112,2025-06-04,20,1297.66,CAD
S03,SEED-0111,2025-06-04,19,7834.35,CAD
S05,TIRE-0086,2025-06-05,13,1243.31,CAD
S02,FEED-0115,2025-06-05,20,6284.4,CAD
S05,SEED-0114,2025-06-05,17,2621.05,CAD
S02,LUBE-0112,2025-06-05,9,531.93,CAD
S03,SEED-0111,2025-06-05,24,8546.91,CAD
S01,SEED-0108,2025-06-05,16,6485.46,CAD
S02,SEED-0111,2025-06-06,27,9056.79,CAD
S06,HDWR-0103,2025-06-06,14,1665.43,CAD
S05,LUBE-0120,2025-06-06,20,11625.21,CAD
S04,SEED-0062,2025-06-06,41,14864.1,CAD
S05,TIRE-0076,2025-06-06,25,11151.11,CAD
S05,LUBE-0092,2025-06-06,9,3025.2,CAD
S05,SEED-0114,2025-06-06,4,547.87,CAD
S03,LUBE-0065,2025-06-06,17,3572.9,CAD
S03,SEED-0100,2025-06-06,15,7840.51,CAD
S04,FUEL-0091,2025-06-07,26,5048.73,CAD
S02,FEED-0075,2025-06-07,12,3951.72,CAD
S05,FUEL-0101,2025-06-07,11,483.6,CAD
S03,LUBE-0112,2025-06-08,23,1254.11,CAD
S04,SEED-0082,2025-06-08,45,2299.64,CAD
S03,SEED-0114,2025-06-08,15,1968.11,CAD
S03,SEED-0098,2025-06-08,33,1766.55,CAD
S01,HDWR-0083,2025-06-09,32,15480.2,CAD
S05,TIRE-0073,2025-06-09,18,5241.98,CAD
S04,TIRE-0089,2025-06-09,24,8579.97,CAD
S03,SEED-0118,2025-06-09,31,8377.62,CAD
S03,SEED-0108,2025-06-09,34,12856.85,CAD
S04,SEED-0108,2025-06-09,27,8706.49,CAD
S02,TIRE-0076,2025-06-09,17,7468.06,CAD
S05,LUBE-0120,2025-06-09,18,8851.6,CAD
S06,SEED-0063,2025-06-10,39,14240.59,CAD
S04,SEED-0096,2025-06-10,31,11015.08,CAD
S01,LUBE-0092,2025-06-10,8,3237.08,CAD
S02,SEED-0096,2025-06-10,16,5436.48,CAD
S03,SEED-0078,2025-06-11,36,2307.13,CAD
S03,TIRE-0105,2025-06-11,27,8550.05,CAD
S03,HDWR-0110,2025-06-11,9,3786.12,CAD
S04,SEED-0071,2025-06-11,33,17237.4,CAD
S02,TIRE-0073,2025-06-11,18,5508.71,CAD
S03,LUBE-0099,2025-06-11,22,814.76,CAD
S02,TIRE-0064,2025-06-11,19,8448.56,CAD
S01,SEED-0098,2025-06-11,40,2083.28,CAD
S02,SEED-0108,2025-06-11,16,5460.82,CAD
S06,HDWR-0083,2025-06-12,22,9600.32,CAD
S06,SEED-0108,2025-06-12,24,9838.53,CAD
S04,TIRE-0087,2025-06-12,25,12785.14,CAD
S01,TIRE-0089,2025-06-13,5,2216.25,CAD
S06,TIRE-0061,2025-06-13,24,9782.52,CAD
S05,TIRE-0084,2025-06-13,13,5068.06,CAD
S01,FEED-0116,2025-06-13,29,6412.35,CAD
S01,FEED-0102,2025-06-13,23,3908.33,CAD
S05,TIRE-0061,2025-06-14,10,4863.55,CAD
S01,FEED-0104,2025-06-14,47,18113.82,CAD
S02,FEED-0097,2025-06-14,22,7519.09,CAD
S05,FUEL-0080,2025-06-15,18,2166.7,CAD
S06,HDWR-0103,2025-06-15,1,119.0,CAD
S06,HDWR-0088,2025-06-16,11,5324.08,CAD
S01,SEED-0108,2025-06-16,32,12472.53,CAD
S05,FEED-0104,2025-06-16,12,4785.77,CAD
S01,FUEL-0079,2025-06-16,12,6048.86,CAD
S02,SEED-0114,2025-06-16,29,4478.32,CAD
S06,LUBE-0092,2025-06-16,21,7718.43,CAD
S06,HDWR-0088,2025-06-17,19,10495.38,CAD
S05,SEED-0082,2025-06-17,26,1405.99,CAD
S02,FUEL-0101,2025-06-17,22,1146.93,CAD
S06,TIRE-0089,2025-06-17,7,3163.46,CAD
S01,SEED-0111,2025-06-17,23,8265.8,CAD
S06,SEED-0114,2025-06-17,36,5208.72,CAD
S01,SEED-0111,2025-06-18,41,14171.13,CAD
S05,LUBE-0099,2025-06-18,24,1123.86,CAD
S02,FEED-0085,2025-06-18,42,13556.85,CAD
S01,SEED-0100,2025-06-18,31,15776.81,CAD
S01,FEED-0070,2025-06-18,23,6524.7,CAD
S01,HDWR-0110,2025-06-18,11,5245.12,CAD
S04,TIRE-0077,2025-06-18,20,3731.53,CAD
S03,LUBE-0099,2025-06-18,24,958.08,CAD
S06,TIRE-0076,2025-06-19,21,9416.76,CAD
S04,FEED-0115,2025-06-19,33,9746.47,CAD
S02,HDWR-0103,2025-06-19,25,3278.25,CAD
S03,HDWR-0113,2025-06-19,17,6393.68,CAD
S03,HDWR-0083,2025-06-19,11,4695.81,CAD
S06,FEED-0095,2025-06-19,17,716.71,CAD
S06,FEED-0085,2025-06-19,32,12855.48,CAD
S04,TIRE-0084,2025-06-20,33,13085.9,CAD
S06,SEED-0098,2025-06-20,25,1117.53,CAD
S04,SEED-0098,2025-06-20,38,1715.73,CAD
S01,FEED-0097,2025-06-20,22,7737.34,CAD
S03,SEED-0100,2025-06-20,9,4679.86,CAD
S05,LUBE-0092,2025-06-20,10,3602.39,CAD
S05,FUEL-0080,2025-06-21,10,1244.14,CAD
S04,TIRE-0073,2025-06-21,23,8743.91,CAD
S02,TIRE-0086,2025-06-21,19,1751.35,CAD
S05,TIRE-0073,2025-06-22,14,4509.4,CAD
S06,SEED-0118,2025-06-23,6,1506.27,CAD
S04,FEED-0095,2025-06-23,36,1615.56,CAD
S04,FUEL-0091,2025-06-23,12,2652.59,CAD
S02,TIRE-0105,2025-06-23,13,3682.87,CAD
S04,LUBE-0090,2025-06-23,21,2561.09,CAD
S01,SEED-0096,2025-06-23,26,9532.87,CAD
S04,FEED-0074,2025-06-24,30,6007.37,CAD
S05,SEED-0108,2025-06-24,25,9367.74,CAD
S04,TIRE-0086,2025-06-24,14,1447.79,CAD
S02,LUBE-0090,2025-06-24,29,3233.08,CAD
S02,HDWR-0067,2025-06-24,10,112.46,CAD
S01,HDWR-0103,2025-06-24,8,1035.14,CAD
S05,TIRE-0073,2025-06-24,14,5261.61,CAD
S01,HDWR-0113,2025-06-25,17,6025.26,CAD
S03,FEED-0085,2025-06-25,29,10398.97,CAD
S04,LUBE-0068,2025-06-25,1,433.42,CAD
S06,SEED-0118,2025-06-25,15,3862.2,CAD
S03,LUBE-0099,2025-06-25,18,702.19,CAD
S02,FUEL-0091,2025-06-25,10,2338.15,CAD
S06,SEED-0062,2025-06-25,55,21289.4,CAD
S02,FEED-0085,2025-06-25,33,13553.38,CAD
S01,SEED-0114,2025-06-26,14,2116.97,CAD
S04,TIRE-0061,2025-06-26,12,5826.85,CAD
S01,FEED-0081,2025-06-26,46,25033.87,CAD
S05,TIRE-0089,2025-06-26,29,10665.96,CAD
S02,TIRE-0089,2025-06-26,2,935.78,CAD
S01,TIRE-0105,2025-06-27,11,3024.74,CAD
S06,HDWR-0094,2025-06-27,20,1643.7,CAD
S04,FUEL-0080,2025-06-27,15,2175.51,CAD
S01,TIRE-0061,2025-06-27,19,8326.75,CAD
S03,FEED-0115,2025-06-27,35,9027.85,CAD
S02,SEED-0098,2025-06-27,34,1693.96,CAD
S06,FUEL-0101,2025-06-27,13,681.47,CAD
S05,SEED-0118,2025-06-28,12,2790.71,CAD
S06,TIRE-0089,2025-06-28,14,5038.43,CAD
S06,SEED-0078,2025-06-28,27,1813.36,CAD
S04,HDWR-0093,2025-06-29,19,8549.21,CAD
S04,SEED-0108,2025-06-29,15,5431.21,CAD
S01,LUBE-0092,2025-06-30,10,3625.3,CAD
S06,HDWR-0093,2025-06-30,12,6118.12,CAD
S06,HDWR-0103,2025-06-30,16,1735.19,CAD
S01,TIRE-0087,2025-06-30,1,459.6,CAD
S01,LUBE-0090,2025-07-01,24,2975.61,CAD
S05,FEED-0106,2025-07-01,10,4392.59,CAD
S02,HDWR-0094,2025-07-01,11,894.3,CAD
S04,HDWR-0103,2025-07-01,14,1993.65,CAD
S05,TIRE-0105,2025-07-01,18,6389.33,CAD
S04,HDWR-0067,2025-07-01,17,180.6,CAD
S01,HDWR-0107,2025-07-01,25,2709.23,CAD
S02,FEED-0095,2025-07-02,13,522.34,CAD
S03,SEED-0078,2025-07-02,13,873.36,CAD
S04,LUBE-0099,2025-07-02,18,795.88,CAD
S06,FEED-0074,2025-07-02,23,4230.31,CAD
S04,FUEL-0069,2025-07-02,1,463.75,CAD
S03,FEED-0085,2025-07-02,8,2714.94,CAD
S05,SEED-0096,2025-07-02,14,5140.73,CAD
S03,FUEL-0109,2025-07-03,18,4159.73,CAD
S02,SEED-0111,2025-07-03,9,3429.35,CAD
S03,HDWR-0088,2025-07-03,22,11576.23,CAD
S02,SEED-0108,2025-07-03,14,4818.68,CAD
S06,HDWR-0094,2025-07-04,28,2027.23,CAD
S04,HDWR-0093,2025-07-04,29,12614.28,CAD
S05,HDWR-0083,2025-07-04,29,13469.45,CAD
S04,FUEL-0069,2025-07-04,7,3511.13,CAD
S03,TIRE-0064,2025-07-05,32,13667.22,CAD
S02,LUBE-0099,2025-07-05,16,758.45,CAD
S06,SEED-0096,2025-07-05,9,3116.87,CAD
S01,HDWR-0083,2025-07-06,14,6443.94,CAD
S06,FUEL-0101,2025-07-06,9,390.93,CAD
S04,TIRE-0073,2025-07-07,17,6305.69,CAD
S04,TIRE-0105,2025-07-07,31,9780.59,CAD
S01,TIRE-0089,2025-07-07,26,9975.22,CAD
S02,HDWR-0103,2025-07-07,21,2640.01,CAD
S05,SEED-0078,2025-07-07,21,1486.99,CAD
S02,SEED-0071,2025-07-08,16,8328.19,CAD
S06,LUBE-0065,2025-07-08,20,4342.67,CAD
S04,SEED-0082,2025-07-08,14,851.39,CAD
S06,TIRE-0087,2025-07-09,22,11581.29,CAD
S01,TIRE-0119,2025-07-09,17,1169.45,CAD
S03,FEED-0102,2025-07-09,6,1075.49,CAD
S01,HDWR-0094,2025-07-09,16,1141.66,CAD
S02,TIRE-0119,2025-07-09,28,1794.04,CAD
S06,SEED-0063,2025-07-09,15,5748.69,CAD
S04,LUBE-0065,2025-07-09,12,2013.14,CAD
S03,SEED-0114,2025-07-10,16,2158.73,CAD
S06,LUBE-0090,2025-07-10,16,1737.02,CAD
S04,FEED-0106,2025-07-10,17,6746.06,CAD
S03,TIRE-0076,2025-07-10,20,8936.38,CAD
S06,FEED-0075,2025-07-10,14,4694.23,CAD
S01,TIRE-0084,2025-07-10,9,3606.51,CAD
S02,SEED-0118,2025-07-10,18,4572.43,CAD
S06,LUBE-0068,2025-07-10,21,11228.01,CAD
S06,LUBE-0065,2025-07-11,4,828.91,CAD
S02,FUEL-0117,2025-07-11,18,4267.63,CAD
S06,LUBE-0068,2025-07-11,10,4569.09,CAD
S03,FUEL-0109,2025-07-11,15,3132.59,CAD
S01,HDWR-0067,2025-07-11,15,193.8,CAD
S03,LUBE-0112,2025-07-11,21,1285.56,CAD
S06,FEED-0097,2025-07-11,13,4166.59,CAD
S05,HDWR-0110,2025-07-11,12,6239.76,CAD
S05,HDWR-0088,2025-07-12,13,6848.51,CAD
S05,TIRE-0119,2025-07-12,21,1483.05,CAD
S05,FUEL-0066,2025-07-14,5,1049.54,CAD
S02,HDWR-0107,2025-07-14,7,721.69,CAD
S03,SEED-0108,2025-07-14,16,6329.71,CAD
S01,LUBE-0112,2025-07-14,17,1209.14,CAD
S03,FUEL-0080,2025-07-14,20,3092.57,CAD
S06,HDWR-0103,2025-07-14,16,2064.22,CAD
S02,FUEL-0069,2025-07-14,19,8776.09,CAD
S03,LUBE-0112,2025-07-14,17,1122.86,CAD
S01,SEED-0082,2025-07-15,19,1064.76,CAD
S05,FUEL-0109,2025-07-15,10,2620.75,CAD
S06,SEED-0082,2025-07-15,24,1416.79,CAD
S03,SEED-0114,2025-07-15,13,1910.27,CAD
S05,FEED-0081,2025-07-15,25,11790.92,CAD
S05,LUBE-0068,2025-07-16,21,10127.01,CAD
S01,LUBE-0112,2025-07-16,17,1063.64,CAD
S03,FUEL-0109,2025-07-16,20,4828.73,CAD
S04,FUEL-0066,2025-07-16,16,4093.36,CAD
S06,FEED-0097,2025-07-16,22,7731.26,CAD
S04,HDWR-0067,2025-07-16,24,307.25,CAD
S05,LUBE-0092,2025-07-16,11,4223.58,CAD
S02,TIRE-0076,2025-07-17,11,5766.36,CAD
S01,HDWR-0088,2025-07-17,4,2124.96,CAD
S01,FEED-0115,2025-07-17,29,8556.69,CAD
S01,FEED-0075,2025-07-17,17,5765.14,CAD
S04,TIRE-0105,2025-07-17,9,2725.17,CAD
S05,SEED-0114,2025-07-18,13,1753.18,CAD
S04,FEED-0102,2025-07-18,11,1716.51,CAD
S05,HDWR-0113,2025-07-18,26,10528.67,CAD
S01,HDWR-0088,2025-07-18,24,12515.6,CAD
S05,FUEL-0066,2025-07-18,12,3130.95,CAD
S04,FUEL-0066,2025-07-18,13,3084.41,CAD
S02,SEED-0111,2025-07-18,25,9015.98,CAD
S01,HDWR-0088,2025-07-19,24,13648.78,CAD
S06,TIRE-0073,2025-07-19,11,3998.68,CAD
S01,TIRE-0105,2025-07-20,14,4650.39,CAD
S01,SEED-0063,2025-07-20,21,8454.59,CAD
S06,FEED-0116,2025-07-21,1,232.22,CAD
S01,SEED-0118,2025-07-21,16,3876.84,CAD
S02,LUBE-0099,2025-07-21,10,458.85,CAD
S02,FEED-0085,2025-07-21,20,7541.51,CAD
S03,HDWR-0088,2025-07-21,21,10881.32,CAD
S01,FEED-0116,2025-07-21,10,2379.89,CAD
S05,FUEL-0080,2025-07-21,25,3634.58,CAD
S05,FUEL-0066,2025-07-21,12,2684.03,CAD
S06,SEED-0118,2025-07-22,22,4850.2,CAD
S05,SEED-0100,2025-07-22,25,12732.37,CAD
S01,SEED-0096,2025-07-22,10,3590.89,CAD
S04,FUEL-0080,2025-07-22,14,1961.31,CAD
S02,FEED-0085,2025-07-23,20,8017.95,CAD
S02,TIRE-0086,2025-07-23,15,1486.3,CAD
S02,FUEL-0117,2025-07-23,20,4877.46,CAD
S04,FEED-0102,2025-07-23,21,3247.33,CAD
S01,HDWR-0094,2025-07-23,8,575.88,CAD
S05,FEED-0081,2025-07-24,13,5525.88,CAD
S04,FEED-0081,2025-07-24,20,8994.92,CAD
S05,LUBE-0120,2025-07-24,19,8939.65,CAD
S03,HDWR-0083,2025-07-24,11,5455.33,CAD
S06,TIRE-0076,2025-07-24,23,10877.62,CAD
S06,LUBE-0120,2025-07-24,24,11388.76,CAD
S06,HDWR-0093,2025-07-25,8,3596.71,CAD
S01,SEED-0118,2025-07-25,19,4230.56,CAD
S02,FUEL-0109,2025-07-25,25,5471.95,CAD
S01,FEED-0095,2025-07-25,26,1198.82,CAD
S04,FEED-0104,2025-07-26,17,6545.29,CAD
S03,FEED-0075,2025-07-26,15,4978.64,CAD
S02,SEED-0082,2025-07-27,9,555.7,CAD
S05,TIRE-0105,2025-07-27,31,9405.91,CAD
S06,TIRE-0119,2025-07-28,17,1062.73,CAD
S04,HDWR-0088,2025-07-28,25,12415.64,CAD
S02,HDWR-0107,2025-07-28,19,1993.82,CAD
S05,FUEL-0101,2025-07-28,20,955.69,CAD
S04,HDWR-0067,2025-07-28,12,128.09,CAD
S05,LUBE-0090,2025-07-29,20,2074.6,CAD
S06,HDWR-0093,2025-07-29,10,4971.27,CAD
S05,HDWR-0103,2025-07-29,23,2541.78,CAD
S01,SEED-0108,2025-07-29,10,3274.07,CAD
S01,LUBE-0090,2025-07-30,4,495.46,CAD
S02,SEED-0118,2025-07-30,21,4620.28,CAD
S02,FUEL-0101,2025-07-30,28,1176.52,CAD
S05,FEED-0095,2025-07-30,17,773.77,CAD
S05,FEED-0095,2025-07-30,16,638.64,CAD
S04,HDWR-0107,2025-07-31,27,3185.04,CAD
S03,LUBE-0099,2025-07-31,22,950.59,CAD
S04,FEED-0097,2025-07-31,1,337.89,CAD
S06,TIRE-0061,2025-07-31,28,12383.94,CAD
S06,SEED-0082,2025-07-31,9,486.93,CAD
S02,TIRE-0089,2025-07-31,12,5664.71,CAD
S03,FUEL-0101,2025-08-01,19,939.35,CAD
S02,TIRE-0086,2025-08-01,14,1321.69,CAD
S05,FUEL-0072,2025-08-01,14,6291.82,CAD
S05,HDWR-0113,2025-08-01,7,2842.91,CAD
S04,FUEL-0091,2025-08-01,23,5145.39,CAD
S02,TIRE-0076,2025-08-01,16,7106.71,CAD
S06,SEED-0111,2025-08-01,24,9393.32,CAD
S05,TIRE-0086,2025-08-02,15,1288.03,CAD
S01,FUEL-0101,2025-08-02,11,501.78,CAD
S05,TIRE-0061,2025-08-03,23,11260.05,CAD
S05,FEED-0097,2025-08-03,18,5204.96,CAD
S02,SEED-0111,2025-08-03,15,5833.78,CAD
S06,TIRE-0061,2025-08-04,10,4278.34,CAD
S06,SEED-0071,2025-08-04,27,11155.56,CAD
S02,SEED-0108,2025-08-04,17,6404.17,CAD
S04,FEED-0097,2025-08-04,21,7022.27,CAD
S05,FEED-0075,2025-08-04,13,3583.9,CAD
S05,FUEL-0101,2025-08-05,24,1230.51,CAD
S05,TIRE-0073,2025-08-05,19,5991.26,CAD
S01,SEED-0098,2025-08-05,19,1040.35,CAD
S01,FUEL-0069,2025-08-05,14,6983.37,CAD
S06,FEED-0070,2025-08-05,16,5086.08,CAD
S06,FEED-0075,2025-08-06,21,6651.16,CAD
S04,FUEL-0072,2025-08-06,27,12122.07,CAD
S05,HDWR-0113,2025-08-06,13,4692.9,CAD
S02,FUEL-0109,2025-08-06,14,3098.91,CAD
S06,FEED-0115,2025-08-06,23,6392.78,CAD
S01,TIRE-0086,2025-08-06,22,2165.83,CAD
S05,TIRE-0119,2025-08-06,30,1823.74,CAD
S02,HDWR-0113,2025-08-07,9,3885.96,CAD
S01,TIRE-0086,2025-08-07,26,2609.41,CAD
S01,TIRE-0084,2025-08-07,31,12277.23,CAD
S06,LUBE-0120,2025-08-07,32,16072.5,CAD
S04,FEED-0085,2025-08-08,22,7041.98,CAD
S05,FUEL-0091,2025-08-08,16,3992.42,CAD
S06,LUBE-0090,2025-08-09,13,1722.43,CAD
S04,SEED-0118,2025-08-09,24,5465.34,CAD
S06,HDWR-0110,2025-08-10,19,10036.18,CAD
S06,FUEL-0101,2025-08-11,5,215.13,CAD
S04,TIRE-0105,2025-08-11,10,3342.43,CAD
S01,HDWR-0103,2025-08-11,23,2867.2,CAD
S02,FUEL-0069,2025-08-11,25,12142.15,CAD
S02,FEED-0085,2025-08-11,20,6566.31,CAD
S05,TIRE-0076,2025-08-11,17,7575.64,CAD
S03,SEED-0071,2025-08-11,18,8466.45,CAD
S03,FEED-0106,2025-08-12,24,11605.16,CAD
S02,TIRE-0119,2025-08-12,35,1995.26,CAD
S05,HDWR-0083,2025-08-12,4,1545.81,CAD
S04,TIRE-0119,2025-08-12,9,532.57,CAD
S06,SEED-0082,2025-08-12,24,1346.67,CAD
S03,FEED-0115,2025-08-12,20,5297.16,CAD
S02,FEED-0081,2025-08-12,13,6493.56,CAD
S05,TIRE-0087,2025-08-12,16,8545.08,CAD
S05,FUEL-0117,2025-08-13,25,6709.16,CAD
S02,LUBE-0120,2025-08-13,7,4159.85,CAD
S03,FUEL-0101,2025-08-13,12,623.25,CAD
S03,FEED-0070,2025-08-13,14,3609.27,CAD
S03,TIRE-0089,2025-08-13,13,5183.79,CAD
S05,SEED-0082,2025-08-14,18,1110.85,CAD
S02,FUEL-0117,2025-08-14,29,7120.46,CAD
S01,HDWR-0113,2025-08-14,7,2601.47,CAD
S02,FUEL-0091,2025-08-14,18,3819.02,CAD
S03,HDWR-0093,2025-08-15,8,3826.98,CAD
S02,SEED-0098,2025-08-15,18,804.46,CAD
S02,FUEL-0117,2025-08-15,12,3445.48,CAD
S05,TIRE-0089,2025-08-15,13,5543.49,CAD
S02,TIRE-0076,2025-08-16,23,10625.82,CAD
S01,HDWR-0107,2025-08-16,13,1419.02,CAD
S05,FUEL-0091,2025-08-18,13,2813.82,CAD
S06,LUBE-0092,2025-08-18,16,5758.03,CAD
S02,FEED-0116,2025-08-18,8,1747.92,CAD
S06,TIRE-0084,2025-08-18,2,849.18,CAD
S06,FUEL-0101,2025-08-18,4,172.94,CAD
S01,SEED-0118,2025-08-19,27,7004.05,CAD
S04,FEED-0085,2025-08-19,15,5680.28,CAD
S04,SEED-0098,2025-08-19,19,939.31,CAD
S01,SEED-0071,2025-08-19,18,9343.14,CAD
S05,SEED-0062,2025-08-19,27,10951.28,CAD
S01,TIRE-0087,2025-08-19,10,5014.49,CAD
S04,FEED-0106,2025-08-19,14,5604.99,CAD
S02,SEED-0096,2025-08-20,19,6104.85,CAD
S05,FEED-0081,2025-08-20,23,12131.19,CAD
S02,SEED-0111,2025-08-21,20,8184.66,CAD
S02,FEED-0104,2025-08-21,4,1667.38,CAD
S05,HDWR-0103,2025-08-21,16,1791.87,CAD
S03,TIRE-0119,2025-08-21,20,1316.76,CAD
S04,SEED-0111,2025-08-21,14,5577.36,CAD
S04,FEED-0097,2025-08-22,25,7416.51,CAD
S03,HDWR-0113,2025-08-22,22,9703.39,CAD
S03,FEED-0085,2025-08-22,15,6062.46,CAD
S06,SEED-0071,2025-08-22,12,6408.62,CAD
S06,HDWR-0094,2025-08-22,33,2806.47,CAD
S05,HDWR-0093,2025-08-22,18,8770.97,CAD
S02,HDWR-0113,2025-08-22,8,3018.28,CAD
S01,TIRE-0084,2025-08-22,27,11226.48,CAD
S01,TIRE-0089,2025-08-23,27,12525.9,CAD
S06,LUBE-0090,2025-08-23,17,2243.21,CAD
S05,SEED-0111,2025-08-24,20,7269.8,CAD
S01,SEED-0108,2025-08-24,26,9494.17,CAD
S03,LUBE-0065,2025-08-24,10,1726.75,CAD
S05,LUBE-0099,2025-08-25,24,926.38,CAD
S04,FUEL-0109,2025-08-25,39,9703.47,CAD
S05,TIRE-0089,2025-08-25,15,6405.22,CAD
S01,LUBE-0092,2025-08-25,21,7030.89,CAD
S02,LUBE-0120,2025-08-25,8,4931.93,CAD
S01,LUBE-0112,2025-08-25,27,1504.7,CAD
S03,FEED-0116,2025-08-25,17,3845.73,CAD
S05,FEED-0116,2025-08-25,21,5259.76,CAD
S06,FEED-0115,2025-08-26,12,3125.34,CAD
S06,LUBE-0068,2025-08-26,11,5288.53,CAD
S06,HDWR-0094,2025-08-26,23,1522.85,CAD
S02,HDWR-0088,2025-08-26,26,14965.57,CAD
S03,HDWR-0067,2025-08-26,12,145.18,CAD
S03,SEED-0071,2025-08-26,23,9554.47,CAD
S05,FEED-0115,2025-08-26,24,7196.88,CAD
S04,TIRE-0061,2025-08-27,17,7877.94,CAD
S05,LUBE-0092,2025-08-27,19,6648.48,CAD
S01,TIRE-0061,2025-08-27,22,11001.69,CAD
S01,FUEL-0072,2025-08-27,23,11531.12,CAD
S02,LUBE-0112,2025-08-28,32,1853.23,CAD
S03,SEED-0082,2025-08-28,22,1123.1,CAD
S01,HDWR-0093,2025-08-28,10,5111.67,CAD
S02,SEED-0098,2025-08-28,7,307.71,CAD
S04,SEED-0062,2025-08-28,14,5201.86,CAD
S01,FEED-0097,2025-08-28,26,7978.44,CAD
S06,SEED-0062,2025-08-29,11,3552.86,CAD
S06,FEED-0095,2025-08-29,28,1245.69,CAD
S06,FEED-0106,2025-08-29,7,2675.49,CAD
S06,FUEL-0080,2025-08-29,1,154.13,CAD
S05,TIRE-0087,2025-08-29,11,5074.25,CAD
S05,FUEL-0091,2025-08-29,14,3080.41,CAD
S04,LUBE-0099,2025-08-29,11,435.26,CAD
S02,HDWR-0110,2025-08-29,22,9012.83,CAD
S03,FEED-0106,2025-08-30,37,15403.51,CAD
S03,LUBE-0092,2025-08-30,11,3611.57,CAD
S02,TIRE-0086,2025-08-31,7,660.18,CAD
S06,FUEL-0101,2025-08-31,23,1138.69,CAD
S06,FEED-0115,2025-09-01,16,4938.31,CAD
S03,HDWR-0110,2025-09-01,17,8440.34,CAD
S06,TIRE-0064,2025-09-01,18,6683.23,CAD
S03,FUEL-0069,2025-09-01,24,11909.46,CAD
S02,FEED-0116,2025-09-02,39,8270.02,CAD
S06,TIRE-0089,2025-09-02,16,6723.5,CAD
S01,TIRE-0086,2025-09-02,14,1225.24,CAD
S06,TIRE-0086,2025-09-02,17,1487.63,CAD
S02,TIRE-0084,2025-09-02,10,4473.21,CAD
S06,HDWR-0113,2025-09-02,16,5935.72,CAD
S04,FEED-0116,2025-09-02,20,5178.98,CAD
S02,FUEL-0117,2025-09-02,9,2537.64,CAD
S05,TIRE-0077,2025-09-02,8,1364.01,CAD
S01,HDWR-0067,2025-09-03,16,184.04,CAD
S05,HDWR-0113,2025-09-03,12,5145.76,CAD
S06,SEED-0118,2025-09-03,37,7960.0,CAD
S01,FUEL-0101,2025-09-03,20,1003.14,CAD
S01,HDWR-0067,2025-09-03,20,232.67,CAD
S05,SEED-0098,2025-09-03,23,1174.66,CAD
S03,LUBE-0112,2025-09-03,22,1578.29,CAD
S01,SEED-0111,2025-09-03,23,7438.55,CAD
S01,HDWR-0083,2025-09-04,18,8750.83,CAD
S05,FEED-0085,2025-09-04,27,9937.8,CAD
S06,TIRE-0086,2025-09-04,14,1329.15,CAD
S06,FUEL-0066,2025-09-05,24,5862.2,CAD
S02,TIRE-0089,2025-09-05,11,5132.39,CAD
S03,TIRE-0105,2025-09-05,20,5795.58,CAD
S06,SEED-0071,2025-09-05,9,4334.68,CAD
S02,SEED-0108,2025-09-05,18,7286.74,CAD
S06,SEED-0118,2025-09-05,25,6950.22,CAD
S02,FEED-0075,2025-09-06,3,808.12,CAD
S03,SEED-0111,2025-09-06,15,6132.17,CAD
S03,SEED-0108,2025-09-06,24,8782.18,CAD
S05,LUBE-0092,2025-09-07,13,4251.9,CAD
S02,HDWR-0094,2025-09-08,17,1329.38,CAD
S05,HDWR-0083,2025-09-08,9,3853.87,CAD
S01,FEED-0106,2025-09-08,33,14738.35,CAD
S06,TIRE-0064,2025-09-08,19,7177.94,CAD
S03,FEED-0104,2025-09-08,32,13263.49,CAD
S05,FEED-0104,2025-09-08,19,8490.56,CAD
S06,FEED-0095,2025-09-08,29,1220.13,CAD
S03,TIRE-0064,2025-09-09,24,11007.25,CAD
S04,TIRE-0084,2025-09-09,29,13535.31,CAD
S03,SEED-0096,2025-09-09,18,5869.72,CAD
S03,FUEL-0101,2025-09-09,5,252.54,CAD
S03,TIRE-0119,2025-09-09,12,786.45,CAD
S05,TIRE-0119,2025-09-10,22,1252.0,CAD
S06,SEED-0114,2025-09-10,21,2938.89,CAD
S05,HDWR-0103,2025-09-10,8,1042.47,CAD
S04,HDWR-0094,2025-09-10,28,2319.47,CAD
S03,HDWR-0093,2025-09-10,16,8954.26,CAD
S05,SEED-0118,2025-09-10,27,7053.81,CAD
S02,SEED-0063,2025-09-10,34,11953.14,CAD
S01,HDWR-0088,2025-09-11,18,8337.86,CAD
S01,SEED-0082,2025-09-11,39,2073.18,CAD
S06,HDWR-0088,2025-09-11,12,6646.13,CAD
S02,FEED-0106,2025-09-11,27,12697.62,CAD
S06,HDWR-0093,2025-09-11,20,9133.1,CAD
S02,LUBE-0112,2025-09-11,14,874.0,CAD
S06,SEED-0108,2025-09-12,22,8365.23,CAD
S03,HDWR-0107,2025-09-12,20,2131.09,CAD
S02,HDWR-0088,2025-09-12,13,7653.83,CAD
S02,SEED-0108,2025-09-12,30,11944.5,CAD
S03,TIRE-0086,2025-09-12,21,2031.46,CAD
S06,HDWR-0093,2025-09-12,12,5361.74,CAD
S03,FUEL-0066,2025-09-13,15,3674.83,CAD
S06,FUEL-0101,2025-09-13,14,693.57,CAD
S01,LUBE-0120,2025-09-13,19,10148.12,CAD
S02,FUEL-0109,2025-09-14,13,3445.68,CAD
S05,HDWR-0093,2025-09-14,21,11532.5,CAD
S02,SEED-0098,2025-09-15,45,2046.61,CAD
S03,TIRE-0061,2025-09-15,18,8407.19,CAD
S01,FEED-0115,2025-09-15,28,8383.02,CAD
S02,FUEL-0091,2025-09-15,14,3470.01,CAD
S04,FEED-0075,2025-09-16,8,2383.44,CAD
S04,TIRE-0087,2025-09-16,18,8848.0,CAD
S04,LUBE-0065,2025-09-16,15,2671.79,CAD
S04,TIRE-0087,2025-09-16,10,5137.68,CAD
S04,HDWR-0088,2025-09-16,10,4965.68,CAD
S05,FUEL-0109,2025-09-16,18,4555.15,CAD
S06,SEED-0108,2025-09-17,45,14342.53,CAD
S02,FEED-0104,2025-09-17,45,17293.8,CAD
S05,FEED-0104,2025-09-17,27,9979.93,CAD
S01,TIRE-0084,2025-09-17,24,9457.08,CAD
S06,FUEL-0069,2025-09-17,17,8836.03,CAD
S05,HDWR-0107,2025-09-17,14,1386.76,CAD
S03,LUBE-0112,2025-09-17,11,617.39,CAD
S06,SEED-0071,2025-09-18,24,10479.58,CAD
S06,HDWR-0113,2025-09-18,15,6471.68,CAD
S06,TIRE-0084,2025-09-18,15,6271.75,CAD
S01,LUBE-0092,2025-09-18,18,6953.84,CAD
S01,FEED-0102,2025-09-18,30,5176.77,CAD
S05,TIRE-0086,2025-09-19,21,1891.86,CAD
S01,FEED-0104,2025-09-19,21,8355.45,CAD
S02,FEED-0097,2025-09-19,12,4281.7,CAD
S04,SEED-0098,2025-09-19,30,1623.19,CAD
S06,TIRE-0119,2025-09-20,18,1093.81,CAD
S02,HDWR-0083,2025-09-22,15,6528.94,CAD
S06,SEED-0100,2025-09-22,41,21216.17,CAD
S06,LUBE-0120,2025-09-22,19,10490.65,CAD
S04,LUBE-0099,2025-09-23,10,417.11,CAD
S04,TIRE-0087,2025-09-23,6,2886.52,CAD
S06,HDWR-0094,2025-09-23,12,921.59,CAD
S03,FEED-0115,2025-09-23,25,7609.09,CAD
S01,FEED-0115,2025-09-23,16,4673.37,CAD
S02,TIRE-0064,2025-09-23,10,4648.45,CAD
S06,HDWR-0110,2025-09-24,17,8511.05,CAD
S05,HDWR-0083,2025-09-24,19,8573.31,CAD
S02,SEED-0098,2025-09-24,25,1068.77,CAD
S03,TIRE-0064,2025-09-24,17,6408.7,CAD
S05,TIRE-0089,2025-09-25,20,8694.96,CAD
S03,SEED-0100,2025-09-25,17,8236.77,CAD
S02,FEED-0106,2025-09-25,26,11754.95,CAD
S05,SEED-0118,2025-09-25,8,1791.56,CAD
S03,FUEL-0109,2025-09-25,14,3780.86,CAD
S03,FEED-0115,2025-09-25,22,5833.25,CAD
S03,FEED-0104,2025-09-25,39,16545.38,CAD
S02,FEED-0115,2025-09-25,31,9745.92,CAD
S01,FEED-0104,2025-09-26,36,13263.88,CAD
S04,TIRE-0077,2025-09-26,32,5923.24,CAD
S05,SEED-0100,2025-09-26,40,20887.68,CAD
S05,SEED-0096,2025-09-26,30,10049.7,CAD
S01,SEED-0098,2025-09-26,16,681.8,CAD
S02,HDWR-0083,2025-09-27,15,7148.64,CAD
S02,HDWR-0093,2025-09-28,10,5345.92,CAD
S05,SEED-0098,2025-09-29,32,1622.29,CAD
S01,TIRE-0086,2025-09-29,14,1252.44,CAD
S01,FEED-0115,2025-09-29,39,11369.24,CAD
S03,TIRE-0064,2025-09-29,12,4529.11,CAD
S01,FUEL-0091,2025-09-29,24,5110.05,CAD
S06,HDWR-0107,2025-09-29,13,1313.02,CAD
S03,SEED-0108,2025-09-29,42,15782.99,CAD
S01,FEED-0116,2025-09-29,33,7548.07,CAD
S03,FUEL-0079,2025-09-29,18,7894.38,CAD
S04,LUBE-0092,2025-09-30,14,4925.23,CAD
S04,FEED-0085,2025-09-30,12,4449.63,CAD
S02,FUEL-0080,2025-09-30,19,2474.09,CAD
S05,TIRE-0087,2025-09-30,13,5759.42,CAD
S05,FEED-0095,2025-09-30,10,416.54,CAD
S03,FEED-0104,2025-10-01,25,9254.6,CAD
S02,FUEL-0072,2025-10-01,13,5802.55,CAD
S05,LUBE-0120,2025-10-01,15,8879.84,CAD
S01,FEED-0081,2025-10-01,49,21913.66,CAD
S04,SEED-0111,2025-10-01,21,7701.41,CAD
S05,HDWR-0103,2025-10-01,19,2393.04,CAD
S04,SEED-0111,2025-10-02,6,2278.29,CAD
S02,SEED-0098,2025-10-02,9,471.84,CAD
S03,SEED-0062,2025-10-02,19,6960.46,CAD
S03,TIRE-0119,2025-10-03,11,719.16,CAD
S04,FUEL-0101,2025-10-03,31,1460.79,CAD
S05,FUEL-0091,2025-10-03,19,4072.85,CAD
S03,SEED-0096,2025-10-03,36,11505.67,CAD
S02,HDWR-0088,2025-10-03,4,2398.91,CAD
S02,SEED-0098,2025-10-03,21,1021.8,CAD
S01,LUBE-0112,2025-10-04,29,1917.1,CAD
S02,FUEL-0109,2025-10-04,9,2195.14,CAD
S06,FUEL-0117,2025-10-05,11,2831.9,CAD
S02,LUBE-0092,2025-10-06,17,5642.86,CAD
S06,SEED-0108,2025-10-06,31,10389.97,CAD
S03,SEED-0111,2025-10-06,4,1349.86,CAD
S05,FEED-0116,2025-10-06,20,5270.38,CAD
S04,SEED-0078,2025-10-06,26,1826.11,CAD
S02,FUEL-0109,2025-10-07,10,2210.83,CAD
S01,FEED-0106,2025-10-07,26,12630.0,CAD
S02,FUEL-0101,2025-10-07,10,491.18,CAD
S02,LUBE-0099,2025-10-07,20,874.01,CAD
S01,LUBE-0092,2025-10-07,16,5848.33,CAD
S05,HDWR-0093,2025-10-07,19,8445.98,CAD
S03,SEED-0096,2025-10-08,21,6883.33,CAD
S03,HDWR-0103,2025-10-08,11,1435.63,CAD
S06,SEED-0111,2025-10-08,45,14987.41,CAD
S01,TIRE-0086,2025-10-08,16,1739.82,CAD
S05,TIRE-0089,2025-10-08,8,3226.62,CAD
S04,HDWR-0083,2025-10-09,7,2941.97,CAD
S02,SEED-0114,2025-10-09,10,1518.62,CAD
S05,TIRE-0077,2025-10-09,20,3552.83,CAD
S02,HDWR-0094,2025-10-09,22,1688.53,CAD
S04,FUEL-0069,2025-10-10,13,6534.41,CAD
S06,SEED-0096,2025-10-10,30,10530.33,CAD
S04,SEED-0111,2025-10-10,19,6250.0,CAD
S02,TIRE-0087,2025-10-10,24,11063.76,CAD
S01,FUEL-0069,2025-10-11,7,4165.02,CAD
S05,FEED-0104,2025-10-11,20,6982.39,CAD
S05,SEED-0098,2025-10-12,28,1522.04,CAD
S05,FUEL-0069,2025-10-13,30,17099.17,CAD
S02,TIRE-0105,2025-10-13,21,6350.19,CAD
S02,SEED-0096,2025-10-13,6,2211.52,CAD
S01,FUEL-0109,2025-10-13,24,5066.09,CAD
S06,HDWR-0113,2025-10-13,15,5264.51,CAD
S03,HDWR-0103,2025-10-14,7,833.73,CAD
S03,SEED-0114,2025-10-14,31,5035.09,CAD
S05,FUEL-0079,2025-10-14,17,7989.65,CAD
S05,LUBE-0120,2025-10-14,22,13390.74,CAD
S01,HDWR-0103,2025-10-14,36,5026.61,CAD
S04,SEED-0096,2025-10-14,26,9592.91,CAD
S06,SEED-0114,2025-10-14,22,3357.19,CAD
S02,SEED-0082,2025-10-14,27,1645.74,CAD
S04,FEED-0104,2025-10-15,21,8020.83,CAD
S04,SEED-0082,2025-10-15,31,1906.75,CAD
S06,TIRE-0119,2025-10-15,28,1687.31,CAD
S06,HDWR-0083,2025-10-15,4,1819.01,CAD
S06,FEED-0116,2025-10-16,26,6989.37,CAD
S06,SEED-0114,2025-10-16,15,1869.32,CAD
S02,LUBE-0120,2025-10-16,32,16973.29,CAD
S04,FEED-0104,2025-10-16,11,3823.39,CAD
S03,FUEL-0101,2025-10-16,32,1695.85,CAD
S04,SEED-0114,2025-10-16,21,2931.07,CAD
S03,SEED-0078,2025-10-16,45,2762.64,CAD
S03,TIRE-0089,2025-10-16,18,7238.86,CAD
S03,FEED-0081,2025-10-16,27,12731.39,CAD
S01,FEED-0085,2025-10-17,19,7729.73,CAD
S05,SEED-0108,2025-10-17,25,7883.93,CAD
S03,TIRE-0076,2025-10-17,14,7777.21,CAD
S05,HDWR-0067,2025-10-17,6,78.86,CAD
S02,HDWR-0094,2025-10-17,2,153.31,CAD
S01,FEED-0097,2025-10-17,22,7620.92,CAD
S04,FEED-0095,2025-10-18,31,1375.63,CAD
S01,SEED-0082,2025-10-18,26,1350.18,CAD
S06,FEED-0085,2025-10-18,16,5649.16,CAD
S06,TIRE-0105,2025-10-19,26,8360.49,CAD
S04,LUBE-0099,2025-10-19,21,926.74,CAD
S02,SEED-0114,2025-10-19,19,2747.41,CAD
S03,HDWR-0094,2025-10-20,12,947.82,CAD
S04,HDWR-0107,2025-10-20,10,1122.36,CAD
S03,HDWR-0094,2025-10-20,13,997.84,CAD
S05,HDWR-0107,2025-10-20,14,1456.21,CAD
S02,SEED-0082,2025-10-20,24,1193.99,CAD
S03,SEED-0062,2025-10-20,34,13479.86,CAD
S03,SEED-0063,2025-10-20,13,4579.5,CAD
S01,SEED-0098,2025-10-21,1,52.97,CAD
S01,TIRE-0084,2025-10-21,20,8235.42,CAD
S04,HDWR-0083,2025-10-21,15,6360.02,CAD
S06,LUBE-0120,2025-10-21,22,10367.79,CAD
S01,FEED-0104,2025-10-21,17,7205.78,CAD
S02,TIRE-0105,2025-10-21,16,4483.83,CAD
S03,FEED-0095,2025-10-21,6,273.78,CAD
S06,TIRE-0084,2025-10-21,26,9858.72,CAD
S03,LUBE-0068,2025-10-21,31,15932.13,CAD
S05,FEED-0081,2025-10-22,24,12156.14,CAD
S01,SEED-0071,2025-10-22,23,9663.45,CAD
S02,LUBE-0112,2025-10-22,13,887.42,CAD
S04,LUBE-0068,2025-10-22,19,8858.92,CAD
S04,FEED-0115,2025-10-22,41,12150.84,CAD
S06,TIRE-0119,2025-10-23,21,1346.5,CAD
S05,FUEL-0091,2025-10-23,20,4412.93,CAD
S06,FEED-0081,2025-10-23,15,6518.24,CAD
S03,LUBE-0065,2025-10-23,17,2898.29,CAD
S06,FUEL-0109,2025-10-23,20,4411.35,CAD
S03,SEED-0078,2025-10-23,12,789.36,CAD
S01,SEED-0100,2025-10-23,31,13578.84,CAD
S05,FUEL-0101,2025-10-23,6,305.9,CAD
S03,TIRE-0089,2025-10-24,14,5976.21,CAD
S06,SEED-0098,2025-10-24,17,882.49,CAD
S01,FEED-0075,2025-10-24,14,3961.41,CAD
S06,TIRE-0084,2025-10-24,18,6962.93,CAD
S03,HDWR-0107,2025-10-24,20,2270.76,CAD
S04,FEED-0085,2025-10-24,38,12299.01,CAD
S04,SEED-0111,2025-10-24,25,8353.9,CAD
S01,FEED-0085,2025-10-26,10,3958.65,CAD
S03,FEED-0085,2025-10-26,19,6285.59,CAD
S06,HDWR-0094,2025-10-26,22,1648.92,CAD
S06,SEED-0100,2025-10-27,23,12454.98,CAD
S06,SEED-0063,2025-10-27,7,2699.82,CAD
S05,FUEL-0101,2025-10-27,22,1144.17,CAD
S06,TIRE-0084,2025-10-27,17,6195.94,CAD
S04,TIRE-0076,2025-10-27,15,7995.02,CAD
S02,TIRE-0089,2025-10-28,21,8349.71,CAD
S04,LUBE-0092,2025-10-28,9,2812.69,CAD
S01,TIRE-0087,2025-10-28,16,6806.46,CAD
S01,SEED-0096,2025-10-28,21,7668.46,CAD
S03,SEED-0096,2025-10-28,27,8978.9,CAD
S02,SEED-0100,2025-10-28,15,8301.15,CAD
S03,FEED-0102,2025-10-29,19,2649.87,CAD
S01,FUEL-0079,2025-10-29,22,10886.48,CAD
S06,LUBE-0099,2025-10-29,11,502.22,CAD
S04,TIRE-0086,2025-10-30,18,1931.72,CAD
S02,FEED-0104,2025-10-30,12,5166.24,CAD
S02,FEED-0085,2025-10-30,21,7380.18,CAD
S01,TIRE-0119,2025-10-30,21,1350.96,CAD
S06,FEED-0102,2025-10-30,7,1007.59,CAD
S06,HDWR-0103,2025-10-31,4,556.76,CAD
S04,SEED-0118,2025-10-31,32,8338.57,CAD
S06,FEED-0106,2025-10-31,20,8834.84,CAD
S05,FEED-0095,2025-11-02,8,372.82,CAD
S01,TIRE-0089,2025-11-02,23,9903.94,CAD
S05,FUEL-0109,2025-11-02,18,4146.26,CAD
S06,FEED-0106,2025-11-03,17,7633.74,CAD
S04,FEED-0102,2025-11-03,20,2975.99,CAD
S02,HDWR-0088,2025-11-03,16,9095.16,CAD
S05,FUEL-0091,2025-11-03,15,3410.1,CAD
S03,FEED-0095,2025-11-03,13,590.46,CAD
S02,HDWR-0094,2025-11-04,19,1299.06,CAD
S01,FEED-0102,2025-11-04,8,1149.36,CAD
S05,FUEL-0091,2025-11-04,11,2434.65,CAD
S03,FEED-0102,2025-11-04,9,1572.35,CAD
S02,SEED-0078,2025-11-04,12,773.47,CAD
S02,FEED-0070,2025-11-04,12,3098.87,CAD
S01,SEED-0082,2025-11-04,3,145.65,CAD
S02,FEED-0074,2025-11-04,13,2452.06,CAD
S01,FEED-0095,2025-11-04,5,211.36,CAD
S01,FUEL-0117,2025-11-05,23,5427.38,CAD
S03,FEED-0074,2025-11-05,17,3450.04,CAD
S05,SEED-0098,2025-11-05,13,621.47,CAD
S04,LUBE-0090,2025-11-05,21,2140.57,CAD
S05,FEED-0081,2025-11-05,21,10347.14,CAD
S06,TIRE-0084,2025-11-06,29,12044.87,CAD
S06,SEED-0082,2025-11-06,8,492.86,CAD
S01,SEED-0108,2025-11-06,9,3031.38,CAD
S04,FEED-0075,2025-11-06,12,3542.89,CAD
S01,SEED-0100,2025-11-06,11,5499.02,CAD
S04,LUBE-0112,2025-11-06,17,959.18,CAD
S03,HDWR-0110,2025-11-06,20,8286.2,CAD
S04,FEED-0074,2025-11-07,4,810.47,CAD
S05,HDWR-0088,2025-11-07,14,6784.59,CAD
S04,HDWR-0088,2025-11-07,11,5662.63,CAD
S04,SEED-0108,2025-11-07,11,3862.88,CAD
S06,TIRE-0076,2025-11-07,5,2827.41,CAD
S04,SEED-0111,2025-11-07,7,2873.01,CAD
S04,SEED-0114,2025-11-07,8,1002.64,CAD
S02,TIRE-0084,2025-11-07,20,8573.42,CAD
S04,FEED-0115,2025-11-08,14,4130.47,CAD
S04,TIRE-0119,2025-11-08,29,1597.93,CAD
S01,FEED-0102,2025-11-09,10,1554.34,CAD
S06,FEED-0116,2025-11-09,16,3429.93,CAD
S03,TIRE-0077,2025-11-10,16,2610.24,CAD
S03,SEED-0111,2025-11-10,11,3803.38,CAD
S05,SEED-0114,2025-11-10,9,1392.42,CAD
S02,FEED-0116,2025-11-10,12,2638.13,CAD
S04,SEED-0111,2025-11-11,19,7149.0,CAD
S04,SEED-0082,2025-11-11,11,564.26,CAD
S03,LUBE-0092,2025-11-11,1,400.42,CAD
S05,TIRE-0076,2025-11-11,11,5773.45,CAD
S05,TIRE-0061,2025-11-11,10,5262.22,CAD
S02,HDWR-0103,2025-11-11,21,2844.48,CAD
S04,LUBE-0068,2025-11-12,18,8182.27,CAD
S01,FEED-0097,2025-11-12,14,4030.74,CAD
S04,SEED-0114,2025-11-12,9,1210.53,CAD
S02,FUEL-0080,2025-11-12,12,1458.97,CAD
S04,FEED-0074,2025-11-12,12,2213.52,CAD
S03,FUEL-0117,2025-11-12,15,4343.34,CAD
S02,FUEL-0072,2025-11-13,16,7170.57,CAD
S04,FUEL-0109,2025-11-13,17,3619.22,CAD
S04,TIRE-0073,2025-11-13,25,8589.82,CAD
S04,FEED-0097,2025-11-13,4,1333.12,CAD
S02,LUBE-0065,2025-11-14,15,2917.35,CAD
S03,FUEL-0117,2025-11-14,16,4605.02,CAD
S01,FEED-0104,2025-11-14,20,8622.09,CAD
S04,HDWR-0083,2025-11-14,24,9499.77,CAD
S02,TIRE-0077,2025-11-14,32,5834.09,CAD
S02,FEED-0106,2025-11-14,10,4405.15,CAD
S05,TIRE-0084,2025-11-14,35,16411.58,CAD
S04,HDWR-0094,2025-11-14,12,836.39,CAD
S06,TIRE-0119,2025-11-14,6,374.97,CAD
S03,HDWR-0113,2025-11-14,22,8314.31,CAD
S03,SEED-0082,2025-11-15,15,928.29,CAD
S04,SEED-0111,2025-11-15,11,4538.3,CAD
S06,FEED-0097,2025-11-15,14,5001.56,CAD
S05,FUEL-0079,2025-11-16,10,4206.78,CAD
S05,TIRE-0061,2025-11-16,9,4670.74,CAD
S01,FEED-0081,2025-11-16,11,4569.08,CAD
S06,TIRE-0089,2025-11-17,18,8157.89,CAD
S01,TIRE-0077,2025-11-17,16,3213.45,CAD
S01,FUEL-0117,2025-11-17,12,3251.54,CAD
S01,FUEL-0101,2025-11-17,25,1215.94,CAD
S03,HDWR-0103,2025-11-17,4,453.97,CAD
S05,FEED-0074,2025-11-18,6,1425.99,CAD
S01,SEED-0082,2025-11-18,4,219.28,CAD
S06,SEED-0111,2025-11-18,16,5627.47,CAD
S06,FEED-0102,2025-11-19,5,763.89,CAD
S05,HDWR-0103,2025-11-19,16,1779.84,CAD
S02,TIRE-0087,2025-11-19,37,17297.5,CAD
S04,SEED-0098,2025-11-19,13,641.74,CAD
S01,SEED-0118,2025-11-20,13,3131.23,CAD
S06,SEED-0063,2025-11-20,8,2662.87,CAD
S03,TIRE-0087,2025-11-20,30,16101.25,CAD
S03,TIRE-0105,2025-11-20,22,7710.06,CAD
S06,LUBE-0092,2025-11-20,16,5295.97,CAD
S03,TIRE-0089,2025-11-21,13,5785.46,CAD
S04,SEED-0108,2025-11-21,16,6369.63,CAD
S06,FUEL-0072,2025-11-21,19,8484.76,CAD
S06,TIRE-0086,2025-11-21,11,1200.82,CAD
S04,TIRE-0089,2025-11-22,34,12318.2,CAD
S05,SEED-0098,2025-11-22,14,591.2,CAD
S02,TIRE-0077,2025-11-23,18,2888.75,CAD
S04,FEED-0115,2025-11-23,9,2488.13,CAD
S01,HDWR-0067,2025-11-23,12,141.98,CAD
S05,FUEL-0091,2025-11-23,17,4144.34,CAD
S01,FEED-0106,2025-11-24,10,3843.99,CAD
S03,TIRE-0086,2025-11-24,1,97.4,CAD
S02,FEED-0081,2025-11-24,8,3613.92,CAD
S06,HDWR-0093,2025-11-24,21,9540.93,CAD
S04,LUBE-0099,2025-11-24,1,43.14,CAD
S05,SEED-0114,2025-11-24,13,2119.19,CAD
S04,HDWR-0093,2025-11-25,19,9221.46,CAD
S01,FEED-0097,2025-11-25,1,339.62,CAD
S02,FEED-0102,2025-11-25,12,1902.3,CAD
S02,FEED-0102,2025-11-25,18,2488.89,CAD
S01,FEED-0085,2025-11-26,11,4551.91,CAD
S05,SEED-0118,2025-11-26,16,3959.44,CAD
S04,FEED-0081,2025-11-26,7,3119.49,CAD
S03,HDWR-0103,2025-11-26,23,2678.18,CAD
S03,LUBE-0092,2025-11-26,10,3193.98,CAD
S03,SEED-0100,2025-11-27,11,4944.66,CAD
S03,FEED-0115,2025-11-27,17,5015.09,CAD
S01,HDWR-0110,2025-11-27,19,8202.91,CAD
S06,FUEL-0109,2025-11-27,25,6559.97,CAD
S05,SEED-0063,2025-11-28,4,1496.21,CAD
S05,FUEL-0117,2025-11-28,13,2920.96,CAD
S03,SEED-0118,2025-11-28,6,1604.99,CAD
S06,TIRE-0073,2025-11-29,20,6880.83,CAD
S04,SEED-0063,2025-11-29,10,3817.78,CAD
S01,TIRE-0086,2025-12-01,15,1483.54,CAD
S03,FEED-0104,2025-12-01,7,2987.54,CAD
S02,FUEL-0091,2025-12-01,3,693.67,CAD
S03,LUBE-0120,2025-12-02,22,10412.27,CAD
S06,SEED-0082,2025-12-02,4,210.87,CAD
S03,FEED-0074,2025-12-03,2,458.18,CAD
S01,LUBE-0120,2025-12-03,9,5262.54,CAD
S01,HDWR-0107,2025-12-03,21,2682.1,CAD
S03,FEED-0104,2025-12-03,5,1960.34,CAD
S05,FEED-0085,2025-12-03,6,2126.48,CAD
S03,LUBE-0090,2025-12-03,26,2964.26,CAD
S05,FEED-0095,2025-12-04,1,41.42,CAD
S03,LUBE-0112,2025-12-04,18,1027.46,CAD
S02,SEED-0118,2025-12-04,8,2159.03,CAD
S05,FUEL-0109,2025-12-04,5,1145.62,CAD
S04,FEED-0085,2025-12-04,11,4060.61,CAD
S01,FEED-0085,2025-12-04,7,2846.32,CAD
S01,FEED-0102,2025-12-05,9,1479.27,CAD
S03,FEED-0106,2025-12-05,6,2557.0,CAD
S06,FEED-0081,2025-12-05,4,1830.89,CAD
S06,HDWR-0107,2025-12-06,19,2385.98,CAD
S01,TIRE-0086,2025-12-06,20,1763.88,CAD
S06,LUBE-0099,2025-12-06,5,183.87,CAD
S03,TIRE-0105,2025-12-06,11,3845.54,CAD
S03,FUEL-0101,2025-12-07,29,1451.29,CAD
S02,HDWR-0110,2025-12-07,28,13451.53,CAD
S06,HDWR-0088,2025-12-08,12,7111.13,CAD
S06,FUEL-0117,2025-12-08,23,5902.08,CAD
S04,TIRE-0087,2025-12-08,23,12351.54,CAD
S02,SEED-0078,2025-12-08,7,559.19,CAD
S02,HDWR-0113,2025-12-08,19,6598.89,CAD
S06,SEED-0082,2025-12-08,4,245.58,CAD
S01,SEED-0098,2025-12-09,6,269.53,CAD
S02,LUBE-0065,2025-12-09,11,2011.1,CAD
S01,TIRE-0076,2025-12-09,11,5179.85,CAD
S01,TIRE-0086,2025-12-09,15,1547.7,CAD
S02,SEED-0078,2025-12-09,5,385.24,CAD
S02,FUEL-0109,2025-12-09,19,5052.64,CAD
S02,SEED-0098,2025-12-09,8,379.81,CAD
S06,FUEL-0091,2025-12-09,6,1360.25,CAD
S01,LUBE-0065,2025-12-10,28,4757.07,CAD
S03,LUBE-0090,2025-12-10,9,1120.37,CAD
S06,LUBE-0099,2025-12-10,12,560.37,CAD
S02,LUBE-0090,2025-12-10,19,2511.18,CAD
S01,FEED-0074,2025-12-10,7,1568.47,CAD
S03,FUEL-0080,2025-12-10,26,3449.74,CAD
S04,TIRE-0073,2025-12-11,13,4321.34,CAD
S05,SEED-0063,2025-12-11,6,2293.24,CAD
S05,FUEL-0091,2025-12-11,2,434.9,CAD
S04,TIRE-0084,2025-12-11,26,12033.72,CAD
S02,FUEL-0109,2025-12-11,32,6972.78,CAD
S02,LUBE-0090,2025-12-11,14,1540.6,CAD
S05,SEED-0082,2025-12-11,6,303.94,CAD
S06,HDWR-0088,2025-12-12,13,6227.28,CAD
S06,HDWR-0107,2025-12-12,16,1583.72,CAD
S06,HDWR-0088,2025-12-12,23,11883.75,CAD
S02,SEED-0114,2025-12-12,10,1487.23,CAD
S06,SEED-0096,2025-12-13,8,2624.83,CAD
S06,HDWR-0113,2025-12-14,12,4505.26,CAD
S05,LUBE-0099,2025-12-14,9,339.98,CAD
S04,FUEL-0101,2025-12-15,7,335.73,CAD
S03,TIRE-0087,2025-12-15,9,3714.81,CAD
S04,SEED-0063,2025-12-15,7,2482.55,CAD
S06,FEED-0074,2025-12-15,1,205.75,CAD
S02,LUBE-0099,2025-12-15,27,1197.66,CAD
S02,LUBE-0090,2025-12-16,26,3116.21,CAD
S03,SEED-0118,2025-12-16,6,1585.31,CAD
S06,LUBE-0090,2025-12-16,10,1074.78,CAD
S03,SEED-0118,2025-12-16,10,2666.96,CAD
S03,TIRE-0105,2025-12-16,13,4531.8,CAD
S01,TIRE-0061,2025-12-17,21,10720.55,CAD
S02,FEED-0115,2025-12-17,4,1342.07,CAD
S03,LUBE-0099,2025-12-17,26,1138.93,CAD
S03,SEED-0098,2025-12-17,5,239.96,CAD
S05,LUBE-0068,2025-12-17,11,5223.07,CAD
S01,HDWR-0103,2025-12-18,25,3531.02,CAD
S05,SEED-0082,2025-12-18,6,373.95,CAD
S02,SEED-0096,2025-12-18,6,2090.93,CAD
S05,SEED-0062,2025-12-18,3,1243.8,CAD
S02,HDWR-0110,2025-12-18,20,10111.62,CAD
S05,HDWR-0113,2025-12-18,28,11760.32,CAD
S02,HDWR-0113,2025-12-19,6,2710.76,CAD
S05,FUEL-0072,2025-12-19,17,7866.69,CAD
S05,LUBE-0092,2025-12-19,18,5982.98,CAD
S03,TIRE-0076,2025-12-19,18,9331.38,CAD
S06,FUEL-0109,2025-12-19,14,3116.27,CAD
S03,FEED-0085,2025-12-19,8,2596.09,CAD
S02,FEED-0116,2025-12-19,7,1718.82,CAD
S03,TIRE-0119,2025-12-19,14,827.36,CAD
S06,LUBE-0120,2025-12-20,17,9666.46,CAD
S02,FUEL-0066,2025-12-20,24,6518.62,CAD
S06,FEED-0081,2025-12-20,6,2527.93,CAD
S05,FEED-0104,2025-12-20,3,1260.91,CAD
S04,FEED-0074,2025-12-20,3,623.32,CAD
S06,TIRE-0119,2025-12-21,28,1758.06,CAD
S06,HDWR-0113,2025-12-22,11,4571.57,CAD
S05,FUEL-0066,2025-12-22,9,2018.28,CAD
S02,HDWR-0094,2025-12-22,19,1611.71,CAD
S06,LUBE-0120,2025-12-22,29,17142.28,CAD
S03,FUEL-0091,2025-12-22,22,5351.74,CAD
S03,FUEL-0079,2025-12-23,18,9584.8,CAD
S03,FUEL-0091,2025-12-23,15,3316.25,CAD
S03,FEED-0102,2025-12-23,2,345.54,CAD
S06,TIRE-0087,2025-12-23,13,6649.66,CAD
S02,FEED-0116,2025-12-23,9,1932.22,CAD
S03,FEED-0104,2025-12-24,6,2697.31,CAD
S03,TIRE-0087,2025-12-24,18,9605.1,CAD
S02,HDWR-0107,2025-12-24,13,1642.28,CAD
S04,SEED-0118,2025-12-25,11,3069.41,CAD
S01,TIRE-0087,2025-12-25,19,8253.03,CAD
S02,TIRE-0061,2025-12-25,23,11527.89,CAD
S02,HDWR-0088,2025-12-25,9,5187.54,CAD
S05,FEED-0095,2025-12-25,5,202.28,CAD
S04,SEED-0118,2025-12-25,7,1548.08,CAD
S03,FUEL-0109,2025-12-25,8,1753.2,CAD
S02,FUEL-0072,2025-12-25,31,15819.4,CAD
S04,TIRE-0084,2025-12-26,12,4982.66,CAD
S03,FUEL-0072,2025-12-26,9,4598.11,CAD
S05,FEED-0115,2025-12-26,7,2333.57,CAD
S06,HDWR-0107,2025-12-26,21,2521.7,CAD
S04,FUEL-0091,2025-12-26,11,2217.48,CAD
S03,HDWR-0113,2025-12-26,24,9586.46,CAD
S06,TIRE-0089,2025-12-26,17,6746.28,CAD
S04,SEED-0071,2025-12-27,6,2897.45,CAD
S06,LUBE-0090,2025-12-27,12,1409.15,CAD
S02,SEED-0118,2025-12-28,5,1254.4,CAD
S02,FEED-0102,2025-12-28,6,1061.63,CAD
S06,HDWR-0088,2025-12-28,27,13744.73,CAD
S06,HDWR-0094,2025-12-29,11,894.81,CAD
S04,HDWR-0083,2025-12-29,1,505.63,CAD
S05,FEED-0075,2025-12-29,7,1905.99,CAD
S04,SEED-0108,2025-12-29,6,2356.27,CAD
S01,FEED-0115,2025-12-30,6,1769.66,CAD
S03,TIRE-0061,2025-12-30,22,10155.09,CAD
S01,TIRE-0105,2025-12-30,6,1663.97,CAD
S06,SEED-0098,2025-12-30,4,179.2,CAD
S05,HDWR-0088,2025-12-30,19,11369.2,CAD
S03,TIRE-0061,2025-12-31,28,13102.76,CAD
S06,TIRE-0087,2025-12-31,11,5478.4,CAD
S03,SEED-0111,2025-12-31,3,1089.21,CAD
S06,TIRE-0077,2025-12-31,7,1462.09,CAD
S06,FUEL-0079,2025-12-31,23,10322.19,CAD
S02,HDWR-0093,2025-12-31,20,9683.27,CAD
S05,SEED-0100,2025-12-31,7,3745.27,CAD
S04,FEED-0102,2025-12-31,1,170.22,CAD
S06,LUBE-0099,2025-12-31,12,449.63,CAD
S04,TIRE-0087,2025-12-31,13,6669.08,CAD
