snapshot_date,site_id,sku,quantity_on_hand,min_level,max_level
2024-01-31,S02,LUBE-0001,114,26,183
2024-01-31,S03,LUBE-0001,0,7,129
2024-01-31,S04,LUBE-0001,147,30,190
2024-01-31,S05,LUBE-0001,64,37,81
2024-01-31,S01,LUBE-0002,70,26,184
2024-01-31,S03,LUBE-0002,84,21,118
2024-01-31,S05,LUBE-0002,119,40,181
2024-01-31,S06,LUBE-0002,75,25,92
2024-01-31,S01,FEED-0003,44,11,65
2024-01-31,S02,FEED-0003,89,38,163
2024-01-31,S03,FEED-0003,28,9,103
2024-01-31,S04,FEED-0003,116,40,152
2024-01-31,S05,FEED-0003,40,15,64
2024-01-31,S06,FEED-0003,130,37,120
2024-01-31,S02,SEED-0004,44,17,117
2024-01-31,S04,SEED-0004,6,14,81
2024-01-31,S05,SEED-0004,104,31,128
2024-01-31,S06,SEED-0004,41,13,45
2024-01-31,S03,TIRE-0005,148,15,168
2024-01-31,S05,TIRE-0005,39,9,111
2024-01-31,S06,TIRE-0005,40,21,122
2024-01-31,S02,HDWR-0006,68,34,90
2024-01-31,S03,HDWR-0006,48,40,134
2024-01-31,S04,HDWR-0006,0,10,107
2024-01-31,S05,HDWR-0006,40,34,110
2024-01-31,S06,HDWR-0006,60,27,93
2024-01-31,S01,SEED-0007,0,16,154
2024-01-31,S02,SEED-0007,148,37,183
2024-01-31,S03,SEED-0007,154,39,187
2024-01-31,S05,SEED-0007,74,33,138
2024-01-31,S06,SEED-0007,145,20,121
2024-01-31,S01,TIRE-0008,56,13,97
2024-01-31,S02,TIRE-0008,101,5,119
2024-01-31,S03,TIRE-0008,45,26,72
2024-01-31,S04,TIRE-0008,48,18,112
2024-01-31,S05,TIRE-0008,58,12,81
2024-01-31,S06,TIRE-0008,98,38,141
2024-01-31,S02,TIRE-0009,44,27,161
2024-01-31,S04,TIRE-0009,52,28,162
2024-01-31,S05,TIRE-0009,37,20,65
2024-01-31,S06,TIRE-0009,46,34,71
2024-01-31,S05,LUBE-0010,28,13,76
2024-01-31,S06,LUBE-0010,69,24,115
2024-01-31,S01,HDWR-0011,129,16,171
2024-01-31,S03,HDWR-0011,45,15,117
2024-01-31,S04,HDWR-0011,69,17,63
2024-01-31,S05,HDWR-0011,32,11,74
2024-01-31,S06,HDWR-0011,62,36,113
2024-01-31,S01,TIRE-0012,69,36,78
2024-01-31,S03,TIRE-0012,76,27,187
2024-01-31,S05,TIRE-0012,21,19,139
2024-01-31,S01,SEED-0013,57,6,78
2024-01-31,S02,SEED-0013,72,40,115
2024-01-31,S04,SEED-0013,116,39,166
2024-01-31,S05,SEED-0013,87,7,117
2024-01-31,S06,SEED-0013,49,38,147
2024-01-31,S02,FEED-0014,57,15,118
2024-01-31,S05,FEED-0014,92,15,162
2024-01-31,S01,FUEL-0015,54,15,98
2024-01-31,S03,FUEL-0015,0,29,170
2024-01-31,S04,FUEL-0015,156,13,156
2024-01-31,S05,FUEL-0015,49,13,152
2024-01-31,S06,FUEL-0015,33,26,103
2024-01-31,S01,FEED-0016,58,6,98
2024-01-31,S03,FEED-0016,23,35,179
2024-01-31,S04,FEED-0016,18,10,41
2024-01-31,S05,FEED-0016,93,39,127
2024-01-31,S06,FEED-0016,68,28,180
2024-01-31,S02,FUEL-0017,68,16,95
2024-01-31,S03,FUEL-0017,103,33,190
2024-01-31,S04,FUEL-0017,28,7,51
2024-01-31,S05,FUEL-0017,97,35,120
2024-01-31,S02,HDWR-0018,6,13,86
2024-01-31,S03,HDWR-0018,39,6,115
2024-01-31,S04,HDWR-0018,43,21,61
2024-01-31,S01,FUEL-0019,4,38,125
2024-01-31,S02,FUEL-0019,82,33,180
2024-01-31,S04,FUEL-0019,52,40,87
2024-01-31,S05,FUEL-0019,42,31,134
2024-01-31,S01,SEED-0020,125,26,153
2024-01-31,S02,SEED-0020,0,24,125
2024-01-31,S04,SEED-0020,73,36,124
2024-01-31,S06,SEED-0020,37,9,80
2024-01-31,S01,TIRE-0021,167,34,176
2024-01-31,S03,TIRE-0021,69,32,103
2024-01-31,S04,TIRE-0021,89,22,92
2024-01-31,S05,TIRE-0021,21,7,161
2024-01-31,S06,TIRE-0021,51,18,63
2024-01-31,S02,HDWR-0022,65,8,95
2024-01-31,S03,HDWR-0022,39,12,103
2024-01-31,S04,HDWR-0022,189,37,194
2024-01-31,S01,FUEL-0023,74,40,83
2024-01-31,S03,FUEL-0023,26,9,48
2024-01-31,S05,FUEL-0023,89,18,165
2024-01-31,S01,TIRE-0024,68,25,158
2024-01-31,S02,TIRE-0024,75,36,108
2024-01-31,S03,TIRE-0024,94,34,82
2024-01-31,S04,TIRE-0024,92,32,156
2024-01-31,S05,TIRE-0024,118,23,143
2024-01-31,S01,FUEL-0025,43,28,64
2024-01-31,S02,FUEL-0025,59,25,116
2024-01-31,S03,FUEL-0025,37,10,153
2024-01-31,S05,FUEL-0025,26,23,72
2024-01-31,S06,FUEL-0025,45,25,88
2024-01-31,S01,LUBE-0026,63,28,94
2024-01-31,S02,LUBE-0026,99,38,196
2024-01-31,S04,LUBE-0026,96,30,140
2024-01-31,S05,LUBE-0026,46,16,69
2024-01-31,S01,LUBE-0027,80,36,141
2024-01-31,S04,LUBE-0027,45,13,164
2024-01-31,S05,LUBE-0027,112,21,169
2024-01-31,S06,LUBE-0027,107,14,120
2024-01-31,S01,FUEL-0028,65,17,139
2024-01-31,S02,FUEL-0028,29,10,83
2024-01-31,S03,FUEL-0028,127,23,126
2024-01-31,S04,FUEL-0028,79,32,121
2024-01-31,S06,FUEL-0028,100,6,100
2024-01-31,S02,FEED-0029,107,7,129
2024-01-31,S03,FEED-0029,40,15,135
2024-01-31,S04,FEED-0029,61,6,108
2024-01-31,S05,FEED-0029,129,35,129
2024-01-31,S06,FEED-0029,106,14,127
2024-01-31,S03,HDWR-0030,44,10,69
2024-01-31,S04,HDWR-0030,93,19,116
2024-01-31,S05,HDWR-0030,135,28,179
2024-01-31,S06,HDWR-0030,76,32,107
2024-01-31,S01,LUBE-0031,145,32,168
2024-01-31,S04,LUBE-0031,39,14,50
2024-01-31,S05,LUBE-0031,0,10,92
2024-01-31,S02,FEED-0032,58,40,78
2024-01-31,S04,FEED-0032,10,8,55
2024-01-31,S06,FEED-0032,32,17,76
2024-01-31,S01,FEED-0033,25,11,50
2024-01-31,S04,FEED-0033,44,18,72
2024-01-31,S05,FEED-0033,62,14,103
2024-01-31,S06,FEED-0033,27,36,79
2024-01-31,S01,LUBE-0034,172,9,162
2024-01-31,S03,LUBE-0034,59,10,69
2024-01-31,S04,LUBE-0034,148,35,139
2024-01-31,S03,LUBE-0035,82,20,119
2024-01-31,S04,LUBE-0035,0,21,145
2024-01-31,S06,LUBE-0035,146,35,165
2024-01-31,S02,LUBE-0036,65,36,182
2024-01-31,S03,LUBE-0036,97,34,102
2024-01-31,S05,LUBE-0036,18,18,78
2024-01-31,S06,LUBE-0036,80,37,86
2024-01-31,S02,LUBE-0037,70,8,118
2024-01-31,S03,LUBE-0037,5,6,84
2024-01-31,S04,LUBE-0037,95,29,111
2024-01-31,S05,LUBE-0037,78,5,123
2024-01-31,S06,LUBE-0037,164,22,155
2024-01-31,S01,HDWR-0038,44,30,122
2024-01-31,S02,HDWR-0038,66,13,106
2024-01-31,S05,HDWR-0038,65,38,70
2024-01-31,S06,HDWR-0038,58,36,82
2024-01-31,S01,LUBE-0039,65,20,96
2024-01-31,S05,LUBE-0039,74,26,181
2024-01-31,S06,LUBE-0039,129,38,117
2024-01-31,S01,FEED-0040,20,15,107
2024-01-31,S03,FEED-0040,54,16,82
2024-01-31,S04,FEED-0040,47,25,91
2024-01-31,S02,SEED-0041,24,18,77
2024-01-31,S03,SEED-0041,75,31,67
2024-01-31,S04,SEED-0041,44,15,105
2024-01-31,S05,SEED-0041,49,39,121
2024-01-31,S06,SEED-0041,42,17,84
2024-01-31,S01,SEED-0042,73,39,73
2024-01-31,S02,SEED-0042,107,33,156
2024-01-31,S03,SEED-0042,128,31,168
2024-01-31,S04,SEED-0042,68,35,133
2024-01-31,S01,HDWR-0043,27,13,52
2024-01-31,S03,HDWR-0043,123,33,186
2024-01-31,S04,HDWR-0043,42,12,108
2024-01-31,S05,HDWR-0043,82,12,110
2024-01-31,S02,FEED-0044,59,39,97
2024-01-31,S03,FEED-0044,8,9,57
2024-01-31,S04,FEED-0044,74,29,89
2024-01-31,S01,TIRE-0045,60,10,82
2024-01-31,S02,TIRE-0045,30,6,121
2024-01-31,S04,TIRE-0045,90,21,95
2024-01-31,S05,TIRE-0045,45,37,130
2024-01-31,S06,TIRE-0045,157,19,176
2024-01-31,S01,FUEL-0046,47,22,58
2024-01-31,S02,FUEL-0046,140,25,126
2024-01-31,S03,FUEL-0046,97,27,162
2024-01-31,S01,HDWR-0047,58,31,96
2024-01-31,S03,HDWR-0047,96,19,145
2024-01-31,S01,LUBE-0048,44,33,116
2024-01-31,S02,LUBE-0048,40,38,127
2024-01-31,S03,LUBE-0048,82,25,170
2024-01-31,S05,LUBE-0048,114,17,113
2024-01-31,S06,LUBE-0048,103,31,153
2024-01-31,S04,FUEL-0049,39,21,55
2024-01-31,S05,FUEL-0049,150,40,139
2024-01-31,S01,LUBE-0050,182,35,183
2024-01-31,S03,LUBE-0050,95,26,141
2024-01-31,S04,LUBE-0050,84,12,120
2024-01-31,S05,LUBE-0050,34,23,152
2024-01-31,S06,LUBE-0050,88,26,131
2024-01-31,S01,FUEL-0051,107,35,155
2024-01-31,S02,FUEL-0051,55,13,164
2024-01-31,S03,FUEL-0051,124,12,148
2024-01-31,S04,FUEL-0051,92,9,153
2024-01-31,S05,FUEL-0051,108,23,134
2024-01-31,S06,FUEL-0051,43,19,129
2024-01-31,S01,HDWR-0052,36,40,128
2024-01-31,S02,HDWR-0052,116,32,133
2024-01-31,S03,HDWR-0052,21,10,51
2024-01-31,S05,HDWR-0052,82,34,90
2024-01-31,S01,HDWR-0053,149,33,166
2024-01-31,S02,HDWR-0053,56,20,60
2024-01-31,S03,HDWR-0053,20,24,126
2024-01-31,S05,HDWR-0053,23,23,97
2024-01-31,S06,HDWR-0053,20,20,130
2024-01-31,S01,FEED-0054,34,14,95
2024-01-31,S02,FEED-0054,59,35,156
2024-01-31,S03,FEED-0054,63,36,97
2024-01-31,S05,FEED-0054,70,29,129
2024-01-31,S06,FEED-0054,69,35,89
2024-01-31,S01,SEED-0055,43,9,158
2024-01-31,S02,SEED-0055,136,38,139
2024-01-31,S04,SEED-0055,55,12,71
2024-01-31,S05,SEED-0055,31,12,61
2024-01-31,S01,SEED-0056,55,10,66
2024-01-31,S02,SEED-0056,119,37,128
2024-01-31,S03,SEED-0056,72,24,98
2024-01-31,S04,SEED-0056,120,24,179
2024-01-31,S05,SEED-0056,157,38,154
2024-01-31,S06,SEED-0056,12,16,107
2024-01-31,S01,FEED-0057,102,23,179
2024-01-31,S02,FEED-0057,0,8,158
2024-01-31,S03,FEED-0057,48,26,118
2024-01-31,S05,FEED-0057,41,15,67
2024-01-31,S06,FEED-0057,3,6,77
2024-01-31,S01,HDWR-0058,45,30,183
2024-01-31,S02,HDWR-0058,71,30,165
2024-01-31,S03,HDWR-0058,36,14,154
2024-01-31,S05,HDWR-0058,161,28,175
2024-01-31,S02,HDWR-0059,106,38,102
2024-01-31,S05,HDWR-0059,48,35,67
2024-01-31,S06,HDWR-0059,112,6,150
2024-01-31,S01,HDWR-0060,85,8,144
2024-01-31,S02,HDWR-0060,92,32,119
2024-01-31,S03,HDWR-0060,82,7,97
2024-01-31,S01,TIRE-0061,98,32,187
2024-01-31,S02,TIRE-0061,28,16,150
2024-01-31,S04,TIRE-0061,84,23,121
2024-01-31,S05,TIRE-0061,60,32,182
2024-01-31,S06,TIRE-0061,51,22,74
2024-01-31,S01,SEED-0062,43,33,132
2024-01-31,S02,SEED-0062,53,27,57
2024-01-31,S02,SEED-0063,32,30,117
2024-01-31,S05,SEED-0063,122,21,139
2024-01-31,S06,SEED-0063,125,19,110
2024-01-31,S02,TIRE-0064,83,7,155
2024-01-31,S03,TIRE-0064,0,7,134
2024-01-31,S06,TIRE-0064,44,14,82
2024-01-31,S01,LUBE-0065,63,12,74
2024-01-31,S03,LUBE-0065,72,35,71
2024-01-31,S04,LUBE-0065,113,18,150
2024-01-31,S05,LUBE-0065,83,31,114
2024-01-31,S01,FUEL-0066,71,13,81
2024-01-31,S02,FUEL-0066,150,27,159
2024-01-31,S03,FUEL-0066,110,34,99
2024-01-31,S04,FUEL-0066,82,19,176
2024-01-31,S05,FUEL-0066,35,18,74
2024-01-31,S01,HDWR-0067,78,35,78
2024-01-31,S03,HDWR-0067,40,21,59
2024-01-31,S05,HDWR-0067,82,22,102
2024-01-31,S02,LUBE-0068,132,37,120
2024-01-31,S03,LUBE-0068,17,28,160
2024-01-31,S05,LUBE-0068,34,40,73
2024-01-31,S03,FUEL-0069,37,28,87
2024-01-31,S04,FUEL-0069,57,39,73
2024-01-31,S05,FUEL-0069,44,29,134
2024-01-31,S01,FEED-0070,61,14,68
2024-01-31,S02,FEED-0070,40,39,125
2024-01-31,S03,FEED-0070,74,6,118
2024-01-31,S06,FEED-0070,42,17,156
2024-01-31,S02,SEED-0071,51,13,97
2024-01-31,S03,SEED-0071,18,7,93
2024-01-31,S04,SEED-0071,56,38,123
2024-01-31,S05,SEED-0071,97,10,135
2024-01-31,S06,SEED-0071,100,28,165
2024-01-31,S01,FUEL-0072,41,28,78
2024-01-31,S04,FUEL-0072,39,38,171
2024-01-31,S05,FUEL-0072,54,7,140
2024-01-31,S01,TIRE-0073,43,10,116
2024-01-31,S02,TIRE-0073,109,39,178
2024-01-31,S03,TIRE-0073,37,10,40
2024-01-31,S01,FEED-0074,77,29,102
2024-01-31,S02,FEED-0074,97,30,121
2024-01-31,S03,FEED-0074,99,33,138
2024-01-31,S04,FEED-0074,134,21,137
2024-01-31,S05,FEED-0074,42,23,54
2024-01-31,S01,FEED-0075,141,31,153
2024-01-31,S02,FEED-0075,76,28,108
2024-01-31,S03,FEED-0075,30,7,50
2024-01-31,S05,FEED-0075,34,6,73
2024-01-31,S06,FEED-0075,0,29,155
2024-01-31,S02,TIRE-0076,69,15,134
2024-01-31,S03,TIRE-0076,17,16,89
2024-01-31,S04,TIRE-0076,101,18,120
2024-01-31,S05,TIRE-0076,53,9,148
2024-01-31,S06,TIRE-0076,27,5,59
2024-01-31,S02,TIRE-0077,92,32,163
2024-01-31,S03,TIRE-0077,102,6,149
2024-01-31,S06,TIRE-0077,123,33,113
2024-01-31,S01,SEED-0078,54,37,158
2024-01-31,S03,SEED-0078,40,32,76
2024-01-31,S04,SEED-0078,0,6,86
2024-01-31,S06,SEED-0078,57,28,85
2024-01-31,S02,FUEL-0079,75,36,129
2024-01-31,S03,FUEL-0079,39,24,119
2024-01-31,S04,FUEL-0079,13,18,107
2024-01-31,S05,FUEL-0079,47,25,88
2024-01-31,S06,FUEL-0079,36,6,120
2024-01-31,S01,FUEL-0080,94,40,118
2024-01-31,S02,FUEL-0080,35,24,169
2024-01-31,S03,FUEL-0080,142,39,197
2024-01-31,S05,FUEL-0080,41,20,117
2024-01-31,S06,FUEL-0080,97,25,109
2024-01-31,S01,FEED-0081,64,30,100
2024-01-31,S03,FEED-0081,67,29,130
2024-01-31,S04,FEED-0081,88,15,112
2024-01-31,S05,FEED-0081,62,27,121
2024-01-31,S06,FEED-0081,79,26,101
2024-01-31,S02,SEED-0082,51,7,97
2024-01-31,S03,SEED-0082,21,9,40
2024-01-31,S06,SEED-0082,96,29,168
2024-01-31,S03,HDWR-0083,49,18,170
2024-01-31,S04,HDWR-0083,47,12,62
2024-01-31,S05,HDWR-0083,70,16,91
2024-01-31,S06,HDWR-0083,113,20,153
2024-01-31,S01,TIRE-0084,76,27,161
2024-01-31,S02,TIRE-0084,6,7,47
2024-01-31,S03,TIRE-0084,43,24,85
2024-01-31,S05,TIRE-0084,163,39,175
2024-01-31,S06,TIRE-0084,50,30,60
2024-01-31,S02,FEED-0085,52,6,78
2024-01-31,S03,FEED-0085,75,35,114
2024-01-31,S04,FEED-0085,27,6,53
2024-01-31,S01,TIRE-0086,68,34,88
2024-01-31,S02,TIRE-0086,67,8,136
2024-01-31,S03,TIRE-0086,15,10,115
2024-01-31,S05,TIRE-0086,33,28,67
2024-01-31,S06,TIRE-0086,29,26,86
2024-01-31,S01,TIRE-0087,55,19,154
2024-01-31,S02,TIRE-0087,18,10,168
2024-01-31,S01,HDWR-0088,67,18,89
2024-01-31,S02,HDWR-0088,192,40,163
2024-01-31,S03,HDWR-0088,61,32,83
2024-01-31,S05,HDWR-0088,63,18,83
2024-01-31,S06,HDWR-0088,53,15,79
2024-01-31,S02,TIRE-0089,24,21,61
2024-01-31,S03,TIRE-0089,25,35,83
2024-01-31,S04,TIRE-0089,69,35,191
2024-01-31,S05,TIRE-0089,111,33,128
2024-01-31,S06,TIRE-0089,147,29,161
2024-01-31,S01,LUBE-0090,126,16,152
2024-01-31,S02,LUBE-0090,15,13,51
2024-01-31,S03,LUBE-0090,23,28,76
2024-01-31,S04,LUBE-0090,66,36,89
2024-01-31,S05,LUBE-0090,41,9,59
2024-01-31,S06,LUBE-0090,85,13,101
2024-01-31,S01,FUEL-0091,32,19,99
2024-01-31,S04,FUEL-0091,14,37,193
2024-01-31,S06,FUEL-0091,27,19,78
2024-01-31,S01,LUBE-0092,29,26,166
2024-01-31,S02,LUBE-0092,22,11,46
2024-01-31,S03,LUBE-0092,40,29,86
2024-01-31,S04,LUBE-0092,65,23,144
2024-01-31,S02,HDWR-0093,110,18,156
2024-01-31,S03,HDWR-0093,27,11,44
2024-01-31,S05,HDWR-0093,65,31,71
2024-01-31,S06,HDWR-0093,43,36,92
2024-01-31,S02,HDWR-0094,79,40,130
2024-01-31,S04,HDWR-0094,61,27,64
2024-01-31,S05,HDWR-0094,102,5,120
2024-01-31,S01,FEED-0095,19,34,131
2024-01-31,S03,FEED-0095,66,40,126
2024-01-31,S04,FEED-0095,29,27,67
2024-01-31,S05,FEED-0095,80,14,114
2024-01-31,S06,FEED-0095,67,6,110
2024-01-31,S01,SEED-0096,130,34,177
2024-01-31,S02,SEED-0096,78,39,142
2024-01-31,S03,SEED-0096,76,29,80
2024-01-31,S06,SEED-0096,35,23,179
2024-01-31,S02,FEED-0097,43,30,91
2024-01-31,S03,FEED-0097,99,38,149
2024-01-31,S04,FEED-0097,90,5,69
2024-01-31,S05,FEED-0097,74,33,162
2024-01-31,S01,SEED-0098,64,29,94
2024-01-31,S02,SEED-0098,26,17,125
2024-01-31,S03,SEED-0098,74,13,112
2024-01-31,S04,SEED-0098,59,31,184
2024-01-31,S05,SEED-0098,60,12,143
2024-01-31,S06,SEED-0098,103,36,141
2024-01-31,S03,LUBE-0099,76,36,99
2024-01-31,S03,SEED-0100,67,29,67
2024-01-31,S06,SEED-0100,122,24,153
2024-01-31,S02,FUEL-0101,36,8,124
2024-01-31,S03,FUEL-0101,138,5,127
2024-01-31,S05,FUEL-0101,23,17,77
2024-01-31,S06,FUEL-0101,157,28,163
2024-01-31,S01,FEED-0102,75,19,122
2024-01-31,S02,FEED-0102,79,20,88
2024-01-31,S04,FEED-0102,101,14,113
2024-01-31,S05,FEED-0102,51,19,76
2024-01-31,S06,FEED-0102,33,9,110
2024-01-31,S01,HDWR-0103,75,39,193
2024-01-31,S02,HDWR-0103,88,17,166
2024-01-31,S03,HDWR-0103,61,35,103
2024-01-31,S04,HDWR-0103,24,11,70
2024-01-31,S05,HDWR-0103,73,38,105
2024-01-31,S06,HDWR-0103,74,38,88
2024-01-31,S01,FEED-0104,30,5,45
2024-01-31,S04,FEED-0104,40,27,175
2024-01-31,S05,FEED-0104,62,32,117
2024-01-31,S06,FEED-0104,48,23,141
2024-01-31,S01,TIRE-0105,75,31,115
2024-01-31,S02,TIRE-0105,53,39,105
2024-01-31,S04,TIRE-0105,62,36,104
2024-01-31,S06,TIRE-0105,102,17,130
2024-01-31,S02,FEED-0106,54,38,115
2024-01-31,S03,FEED-0106,67,21,137
2024-01-31,S04,FEED-0106,49,40,117
2024-01-31,S01,HDWR-0107,92,32,159
2024-01-31,S02,HDWR-0107,0,7,69
2024-01-31,S04,HDWR-0107,77,37,181
2024-01-31,S06,HDWR-0107,75,8,158
2024-01-31,S01,SEED-0108,97,18,147
2024-01-31,S02,SEED-0108,23,17,73
2024-01-31,S05,SEED-0108,144,7,160
2024-01-31,S06,SEED-0108,63,10,105
2024-01-31,S02,FUEL-0109,36,5,134
2024-01-31,S04,FUEL-0109,22,27,93
2024-01-31,S05,FUEL-0109,40,24,144
2024-01-31,S06,FUEL-0109,94,24,123
2024-01-31,S01,HDWR-0110,56,35,89
2024-01-31,S02,HDWR-0110,75,28,116
2024-01-31,S04,HDWR-0110,86,33,105
2024-01-31,S05,HDWR-0110,69,34,71
2024-01-31,S06,HDWR-0110,93,24,111
2024-01-31,S02,SEED-0111,93,36,159
2024-01-31,S03,SEED-0111,51,40,175
2024-01-31,S04,SEED-0111,220,38,197
2024-01-31,S05,SEED-0111,66,8,71
2024-01-31,S01,LUBE-0112,63,14,171
2024-01-31,S02,LUBE-0112,40,19,81
2024-01-31,S03,LUBE-0112,52,23,64
2024-01-31,S01,HDWR-0113,38,21,61
2024-01-31,S02,HDWR-0113,47,33,66
2024-01-31,S05,HDWR-0113,99,38,123
2024-01-31,S06,HDWR-0113,93,40,188
2024-01-31,S01,SEED-0114,47,21,52
2024-01-31,S02,SEED-0114,19,19,152
2024-01-31,S03,SEED-0114,150,27,159
2024-01-31,S05,SEED-0114,118,33,159
2024-01-31,S06,SEED-0114,71,40,109
2024-01-31,S02,FEED-0115,98,39,101
2024-01-31,S04,FEED-0115,98,31,103
2024-01-31,S05,FEED-0115,116,21,163
2024-01-31,S06,FEED-0115,73,18,98
2024-01-31,S01,FEED-0116,0,24,146
2024-01-31,S02,FEED-0116,0,15,54
2024-01-31,S03,FEED-0116,129,30,161
2024-01-31,S04,FEED-0116,48,19,73
2024-01-31,S01,FUEL-0117,14,18,135
2024-01-31,S02,FUEL-0117,62,40,93
2024-01-31,S04,FUEL-0117,77,24,164
2024-01-31,S01,SEED-0118,117,20,169
2024-01-31,S02,SEED-0118,85,10,161
2024-01-31,S03,SEED-0118,73,19,145
2024-01-31,S05,SEED-0118,26,11,62
2024-01-31,S06,SEED-0118,28,28,153
2024-01-31,S01,TIRE-0119,73,21,93
2024-01-31,S02,TIRE-0119,51,17,73
2024-01-31,S04,TIRE-0119,55,17,147
2024-01-31,S05,TIRE-0119,149,34,173
2024-01-31,S06,TIRE-0119,88,35,189
2024-01-31,S01,LUBE-0120,64,32,80
2024-01-31,S03,LUBE-0120,84,10,164
2024-01-31,S04,LUBE-0120,53,19,55
2024-01-31,S05,LUBE-0120,118,39,145
2024-01-31,S06,LUBE-0120,100,17,98
2024-02-29,S01,LUBE-0001,97,5,160
2024-02-29,S02,LUBE-0001,26,7,61
2024-02-29,S01,LUBE-0002,84,24,126
2024-02-29,S02,LUBE-0002,85,36,106
2024-02-29,S03,LUBE-0002,56,21,54
2024-02-29,S04,LUBE-0002,75,30,84
2024-02-29,S05,LUBE-0002,98,29,123
2024-02-29,S01,FEED-0003,14,10,127
2024-02-29,S02,FEED-0003,14,35,122
2024-02-29,S03,FEED-0003,81,29,177
2024-02-29,S04,FEED-0003,107,29,174
2024-02-29,S05,FEED-0003,35,12,53
2024-02-29,S06,FEED-0003,108,17,164
2024-02-29,S01,SEED-0004,101,8,131
2024-02-29,S02,SEED-0004,199,29,171
2024-02-29,S03,SEED-0004,58,35,91
2024-02-29,S04,SEED-0004,126,28,150
2024-02-29,S06,SEED-0004,83,36,185
2024-02-29,S04,TIRE-0005,70,11,160
2024-02-29,S05,TIRE-0005,40,31,62
2024-02-29,S06,TIRE-0005,77,32,192
2024-02-29,S01,HDWR-0006,154,40,177
2024-02-29,S02,HDWR-0006,45,7,124
2024-02-29,S03,HDWR-0006,57,37,163
2024-02-29,S04,HDWR-0006,128,35,140
2024-02-29,S05,HDWR-0006,9,31,131
2024-02-29,S01,SEED-0007,93,15,142
2024-02-29,S02,SEED-0007,135,32,151
2024-02-29,S03,SEED-0007,22,21,136
2024-02-29,S04,SEED-0007,64,21,118
2024-02-29,S05,SEED-0007,35,10,129
2024-02-29,S06,SEED-0007,146,22,165
2024-02-29,S01,TIRE-0008,43,25,64
2024-02-29,S03,TIRE-0008,84,33,189
2024-02-29,S05,TIRE-0008,65,40,139
2024-02-29,S06,TIRE-0008,25,25,113
2024-02-29,S01,TIRE-0009,98,21,136
2024-02-29,S02,TIRE-0009,60,27,128
2024-02-29,S03,TIRE-0009,34,7,160
2024-02-29,S04,TIRE-0009,73,17,142
2024-02-29,S05,TIRE-0009,53,17,94
2024-02-29,S06,TIRE-0009,64,29,136
2024-02-29,S01,LUBE-0010,54,38,78
2024-02-29,S02,LUBE-0010,56,35,121
2024-02-29,S03,LUBE-0010,59,8,108
2024-02-29,S04,LUBE-0010,56,18,93
2024-02-29,S05,LUBE-0010,38,21,58
2024-02-29,S06,LUBE-0010,93,14,148
2024-02-29,S01,HDWR-0011,56,19,164
2024-02-29,S04,HDWR-0011,55,22,161
2024-02-29,S06,HDWR-0011,99,30,170
2024-02-29,S01,TIRE-0012,51,13,167
2024-02-29,S03,TIRE-0012,116,35,132
2024-02-29,S04,TIRE-0012,60,23,70
2024-02-29,S02,SEED-0013,91,7,160
2024-02-29,S03,SEED-0013,45,25,84
2024-02-29,S04,SEED-0013,56,38,135
2024-02-29,S05,SEED-0013,59,35,116
2024-02-29,S06,SEED-0013,29,20,55
2024-02-29,S03,FEED-0014,88,28,127
2024-02-29,S04,FEED-0014,80,35,118
2024-02-29,S05,FEED-0014,60,27,103
2024-02-29,S06,FEED-0014,140,16,165
2024-02-29,S01,FUEL-0015,104,26,166
2024-02-29,S02,FUEL-0015,169,8,161
2024-02-29,S03,FUEL-0015,70,12,82
2024-02-29,S04,FUEL-0015,163,20,152
2024-02-29,S05,FUEL-0015,27,13,91
2024-02-29,S06,FUEL-0015,37,21,144
2024-02-29,S01,FEED-0016,31,11,94
2024-02-29,S02,FEED-0016,46,20,177
2024-02-29,S04,FEED-0016,59,37,69
2024-02-29,S05,FEED-0016,13,9,50
2024-02-29,S06,FEED-0016,33,28,88
2024-02-29,S01,FUEL-0017,89,32,130
2024-02-29,S02,FUEL-0017,73,18,125
2024-02-29,S03,FUEL-0017,68,22,102
2024-02-29,S04,FUEL-0017,67,27,175
2024-02-29,S06,FUEL-0017,75,26,128
2024-02-29,S02,FUEL-0019,79,37,129
2024-02-29,S03,FUEL-0019,78,29,124
2024-02-29,S04,FUEL-0019,186,38,151
2024-02-29,S05,FUEL-0019,184,37,135
2024-02-29,S06,FUEL-0019,57,40,150
2024-02-29,S01,SEED-0020,38,18,54
2024-02-29,S02,SEED-0020,121,34,159
2024-02-29,S03,SEED-0020,31,26,95
2024-02-29,S05,SEED-0020,73,15,97
2024-02-29,S06,SEED-0020,16,7,70
2024-02-29,S01,TIRE-0021,46,29,109
2024-02-29,S03,TIRE-0021,11,15,107
2024-02-29,S04,TIRE-0021,112,5,97
2024-02-29,S06,TIRE-0021,60,12,132
2024-02-29,S03,HDWR-0022,54,15,51
2024-02-29,S05,HDWR-0022,134,27,112
2024-02-29,S04,FUEL-0023,52,13,52
2024-02-29,S05,FUEL-0023,62,29,91
2024-02-29,S06,FUEL-0023,26,12,50
2024-02-29,S01,TIRE-0024,57,8,126
2024-02-29,S02,TIRE-0024,130,38,159
2024-02-29,S03,TIRE-0024,155,36,180
2024-02-29,S04,TIRE-0024,34,14,113
2024-02-29,S05,TIRE-0024,88,26,139
2024-02-29,S06,TIRE-0024,88,10,80
2024-02-29,S01,FUEL-0025,33,17,82
2024-02-29,S03,FUEL-0025,106,11,170
2024-02-29,S05,FUEL-0025,68,28,177
2024-02-29,S06,FUEL-0025,6,10,126
2024-02-29,S01,LUBE-0026,87,7,99
2024-02-29,S02,LUBE-0026,93,26,133
2024-02-29,S04,LUBE-0026,49,29,85
2024-02-29,S05,LUBE-0026,46,23,125
2024-02-29,S06,LUBE-0026,64,12,125
2024-02-29,S03,LUBE-0027,27,23,63
2024-02-29,S06,LUBE-0027,70,31,153
2024-02-29,S01,FUEL-0028,111,18,142
2024-02-29,S02,FUEL-0028,133,37,197
2024-02-29,S03,FUEL-0028,51,13,82
2024-02-29,S04,FUEL-0028,15,26,132
2024-02-29,S05,FUEL-0028,106,36,135
2024-02-29,S06,FUEL-0028,64,16,140
2024-02-29,S02,FEED-0029,118,14,117
2024-02-29,S03,FEED-0029,38,20,173
2024-02-29,S02,HDWR-0030,48,23,132
2024-02-29,S03,HDWR-0030,193,31,179
2024-02-29,S04,HDWR-0030,17,11,152
2024-02-29,S05,HDWR-0030,89,17,134
2024-02-29,S06,HDWR-0030,16,14,128
2024-02-29,S01,LUBE-0031,150,19,136
2024-02-29,S02,LUBE-0031,39,32,176
2024-02-29,S04,LUBE-0031,45,6,132
2024-02-29,S05,LUBE-0031,177,14,169
2024-02-29,S01,FEED-0032,89,28,108
2024-02-29,S02,FEED-0032,0,12,93
2024-02-29,S04,FEED-0032,10,8,52
2024-02-29,S02,FEED-0033,175,26,149
2024-02-29,S03,FEED-0033,23,16,77
2024-02-29,S04,FEED-0033,75,18,100
2024-02-29,S05,FEED-0033,90,35,171
2024-02-29,S06,FEED-0033,44,27,58
2024-02-29,S02,LUBE-0034,7,10,47
2024-02-29,S05,LUBE-0034,83,28,142
2024-02-29,S06,LUBE-0034,97,40,152
2024-02-29,S01,LUBE-0035,65,34,123
2024-02-29,S03,LUBE-0035,84,7,99
2024-02-29,S04,LUBE-0035,60,38,197
2024-02-29,S05,LUBE-0035,48,6,58
2024-02-29,S06,LUBE-0035,45,17,67
2024-02-29,S02,LUBE-0036,79,18,92
2024-02-29,S04,LUBE-0036,70,17,107
2024-02-29,S05,LUBE-0036,68,32,124
2024-02-29,S06,LUBE-0036,92,20,164
2024-02-29,S01,LUBE-0037,28,9,93
2024-02-29,S02,LUBE-0037,62,38,93
2024-02-29,S03,LUBE-0037,70,31,176
2024-02-29,S04,LUBE-0037,32,13,45
2024-02-29,S05,LUBE-0037,54,24,77
2024-02-29,S06,LUBE-0037,104,32,136
2024-02-29,S01,HDWR-0038,50,14,149
2024-02-29,S03,HDWR-0038,96,17,89
2024-02-29,S04,HDWR-0038,102,32,166
2024-02-29,S05,HDWR-0038,88,38,91
2024-02-29,S06,HDWR-0038,22,40,191
2024-02-29,S02,LUBE-0039,117,24,153
2024-02-29,S03,LUBE-0039,89,10,118
2024-02-29,S04,LUBE-0039,63,18,133
2024-02-29,S06,LUBE-0039,40,26,167
2024-02-29,S03,FEED-0040,53,29,61
2024-02-29,S04,FEED-0040,82,29,127
2024-02-29,S05,FEED-0040,40,38,84
2024-02-29,S06,FEED-0040,67,12,88
2024-02-29,S01,SEED-0041,28,20,84
2024-02-29,S03,SEED-0041,66,13,90
2024-02-29,S05,SEED-0041,75,40,139
2024-02-29,S01,SEED-0042,18,9,91
2024-02-29,S03,SEED-0042,90,38,151
2024-02-29,S04,SEED-0042,64,20,63
2024-02-29,S06,SEED-0042,60,25,170
2024-02-29,S01,HDWR-0043,38,28,175
2024-02-29,S03,HDWR-0043,49,26,73
2024-02-29,S04,HDWR-0043,46,13,144
2024-02-29,S05,HDWR-0043,41,21,118
2024-02-29,S01,FEED-0044,32,19,91
2024-02-29,S03,FEED-0044,71,27,106
2024-02-29,S04,FEED-0044,78,21,96
2024-02-29,S06,FEED-0044,113,32,175
2024-02-29,S02,TIRE-0045,78,28,93
2024-02-29,S03,TIRE-0045,79,10,128
2024-02-29,S04,TIRE-0045,18,6,123
2024-02-29,S01,FUEL-0046,56,25,67
2024-02-29,S02,FUEL-0046,101,21,99
2024-02-29,S03,FUEL-0046,62,37,188
2024-02-29,S04,FUEL-0046,84,31,113
2024-02-29,S05,FUEL-0046,94,8,109
2024-02-29,S03,HDWR-0047,59,37,86
2024-02-29,S06,HDWR-0047,49,38,136
2024-02-29,S02,LUBE-0048,50,23,157
2024-02-29,S01,FUEL-0049,77,32,86
2024-02-29,S02,FUEL-0049,33,23,108
2024-02-29,S03,FUEL-0049,154,7,116
2024-02-29,S04,FUEL-0049,0,5,158
2024-02-29,S05,FUEL-0049,62,12,98
2024-02-29,S02,LUBE-0050,67,14,79
2024-02-29,S03,LUBE-0050,88,26,107
2024-02-29,S04,LUBE-0050,88,12,114
2024-02-29,S05,LUBE-0050,57,7,109
2024-02-29,S01,FUEL-0051,84,33,135
2024-02-29,S02,FUEL-0051,107,31,150
2024-02-29,S03,FUEL-0051,48,7,81
2024-02-29,S04,FUEL-0051,123,27,143
2024-02-29,S05,FUEL-0051,64,31,98
2024-02-29,S01,HDWR-0052,47,13,56
2024-02-29,S02,HDWR-0052,105,30,181
2024-02-29,S03,HDWR-0052,21,12,43
2024-02-29,S05,HDWR-0052,174,32,186
2024-02-29,S01,HDWR-0053,55,9,84
2024-02-29,S03,HDWR-0053,146,29,175
2024-02-29,S04,HDWR-0053,40,20,143
2024-02-29,S05,HDWR-0053,65,17,105
2024-02-29,S01,FEED-0054,0,22,124
2024-02-29,S02,FEED-0054,61,25,75
2024-02-29,S03,FEED-0054,43,8,151
2024-02-29,S04,FEED-0054,72,17,84
2024-02-29,S02,SEED-0055,42,31,146
2024-02-29,S03,SEED-0055,45,26,84
2024-02-29,S06,SEED-0055,55,9,121
2024-02-29,S01,SEED-0056,163,39,198
2024-02-29,S05,SEED-0056,68,20,107
2024-02-29,S06,SEED-0056,96,17,107
2024-02-29,S01,FEED-0057,64,24,103
2024-02-29,S02,FEED-0057,11,8,38
2024-02-29,S04,FEED-0057,48,21,110
2024-02-29,S05,FEED-0057,47,33,71
2024-02-29,S06,FEED-0057,40,5,104
2024-02-29,S01,HDWR-0058,28,12,89
2024-02-29,S02,HDWR-0058,121,40,127
2024-02-29,S03,HDWR-0058,29,35,88
2024-02-29,S04,HDWR-0058,68,29,86
2024-02-29,S05,HDWR-0058,150,33,158
2024-02-29,S06,HDWR-0058,74,20,111
2024-02-29,S02,HDWR-0059,52,8,126
2024-02-29,S03,HDWR-0059,13,29,107
2024-02-29,S05,HDWR-0059,105,36,120
2024-02-29,S06,HDWR-0059,52,6,101
2024-02-29,S01,HDWR-0060,30,7,135
2024-02-29,S02,HDWR-0060,90,27,95
2024-02-29,S03,HDWR-0060,90,26,107
2024-02-29,S05,HDWR-0060,74,29,153
2024-02-29,S04,TIRE-0061,160,25,163
2024-02-29,S01,SEED-0062,168,15,150
2024-02-29,S04,SEED-0062,63,29,75
2024-02-29,S05,SEED-0062,50,6,66
2024-02-29,S01,SEED-0063,122,19,160
2024-02-29,S04,SEED-0063,45,40,87
2024-02-29,S05,SEED-0063,60,8,50
2024-02-29,S06,SEED-0063,9,30,103
2024-02-29,S01,TIRE-0064,45,27,175
2024-02-29,S02,TIRE-0064,37,8,59
2024-02-29,S04,TIRE-0064,0,13,141
2024-02-29,S06,TIRE-0064,94,32,164
2024-02-29,S03,LUBE-0065,106,17,128
2024-02-29,S04,LUBE-0065,42,12,84
2024-02-29,S06,LUBE-0065,39,12,94
2024-02-29,S01,FUEL-0066,103,34,136
2024-02-29,S02,FUEL-0066,120,16,136
2024-02-29,S04,FUEL-0066,104,22,158
2024-02-29,S05,FUEL-0066,28,17,139
2024-02-29,S06,FUEL-0066,97,36,193
2024-02-29,S02,HDWR-0067,64,23,180
2024-02-29,S03,HDWR-0067,88,26,134
2024-02-29,S06,HDWR-0067,70,35,96
2024-02-29,S04,LUBE-0068,113,21,160
2024-02-29,S05,LUBE-0068,26,12,80
2024-02-29,S06,LUBE-0068,90,31,109
2024-02-29,S04,FUEL-0069,82,20,172
2024-02-29,S05,FUEL-0069,67,38,101
2024-02-29,S06,FUEL-0069,101,35,160
2024-02-29,S02,FEED-0070,49,15,58
2024-02-29,S04,FEED-0070,116,40,195
2024-02-29,S06,FEED-0070,101,30,110
2024-02-29,S02,SEED-0071,61,33,122
2024-02-29,S04,SEED-0071,68,10,152
2024-02-29,S05,SEED-0071,51,37,177
2024-02-29,S06,SEED-0071,187,22,164
2024-02-29,S01,FUEL-0072,43,8,118
2024-02-29,S02,FUEL-0072,77,35,85
2024-02-29,S03,FUEL-0072,62,18,66
2024-02-29,S05,FUEL-0072,47,18,137
2024-02-29,S01,TIRE-0073,25,9,56
2024-02-29,S03,TIRE-0073,43,34,104
2024-02-29,S01,FEED-0074,54,29,154
2024-02-29,S02,FEED-0074,68,21,101
2024-02-29,S05,FEED-0074,53,34,65
2024-02-29,S01,FEED-0075,31,22,110
2024-02-29,S02,FEED-0075,74,22,120
2024-02-29,S03,FEED-0075,47,6,112
2024-02-29,S05,FEED-0075,61,35,131
2024-02-29,S06,FEED-0075,30,14,73
2024-02-29,S01,TIRE-0076,53,5,62
2024-02-29,S02,TIRE-0076,32,31,90
2024-02-29,S05,TIRE-0076,0,20,144
2024-02-29,S02,TIRE-0077,50,9,64
2024-02-29,S04,TIRE-0077,38,7,85
2024-02-29,S01,SEED-0078,113,31,134
2024-02-29,S02,SEED-0078,109,15,143
2024-02-29,S05,SEED-0078,47,15,45
2024-02-29,S06,SEED-0078,44,12,101
2024-02-29,S01,FUEL-0079,62,15,81
2024-02-29,S02,FUEL-0079,18,23,54
2024-02-29,S03,FUEL-0079,76,20,125
2024-02-29,S05,FUEL-0079,81,8,125
2024-02-29,S06,FUEL-0079,45,8,144
2024-02-29,S02,FUEL-0080,82,38,87
2024-02-29,S03,FUEL-0080,94,11,141
2024-02-29,S01,FEED-0081,62,10,85
2024-02-29,S06,FEED-0081,96,26,167
2024-02-29,S02,SEED-0082,92,38,153
2024-02-29,S03,SEED-0082,125,32,162
2024-02-29,S04,SEED-0082,0,5,70
2024-02-29,S05,SEED-0082,54,9,123
2024-02-29,S06,SEED-0082,29,25,84
2024-02-29,S01,HDWR-0083,83,35,108
2024-02-29,S02,HDWR-0083,61,26,101
2024-02-29,S05,HDWR-0083,24,12,68
2024-02-29,S06,HDWR-0083,37,15,114
2024-02-29,S02,TIRE-0084,78,18,140
2024-02-29,S03,TIRE-0084,50,30,108
2024-02-29,S03,FEED-0085,64,11,156
2024-02-29,S01,TIRE-0086,0,24,132
2024-02-29,S02,TIRE-0086,150,38,168
2024-02-29,S03,TIRE-0086,44,24,72
2024-02-29,S05,TIRE-0086,42,12,105
2024-02-29,S06,TIRE-0086,178,34,147
2024-02-29,S01,TIRE-0087,48,24,123
2024-02-29,S02,TIRE-0087,74,12,122
2024-02-29,S04,TIRE-0087,48,11,66
2024-02-29,S06,TIRE-0087,78,13,98
2024-02-29,S01,HDWR-0088,78,15,105
2024-02-29,S03,HDWR-0088,55,5,67
2024-02-29,S04,HDWR-0088,142,21,152
2024-02-29,S06,HDWR-0088,73,10,102
2024-02-29,S01,TIRE-0089,71,25,118
2024-02-29,S02,TIRE-0089,57,21,91
2024-02-29,S03,TIRE-0089,161,33,184
2024-02-29,S04,TIRE-0089,30,24,88
2024-02-29,S05,TIRE-0089,59,39,195
2024-02-29,S06,TIRE-0089,128,32,163
2024-02-29,S01,LUBE-0090,89,36,190
2024-02-29,S02,LUBE-0090,17,9,49
2024-02-29,S03,LUBE-0090,28,8,43
2024-02-29,S01,FUEL-0091,18,9,43
2024-02-29,S02,FUEL-0091,31,36,103
2024-02-29,S04,FUEL-0091,65,13,131
2024-02-29,S01,LUBE-0092,109,39,122
2024-02-29,S02,LUBE-0092,108,36,177
2024-02-29,S03,LUBE-0092,0,19,130
2024-02-29,S04,LUBE-0092,50,19,75
2024-02-29,S05,LUBE-0092,56,17,144
2024-02-29,S06,LUBE-0092,39,15,162
2024-02-29,S02,HDWR-0093,46,7,107
2024-02-29,S04,HDWR-0093,105,27,173
2024-02-29,S05,HDWR-0093,51,28,118
2024-02-29,S02,HDWR-0094,32,16,66
2024-02-29,S04,HDWR-0094,39,8,126
2024-02-29,S06,HDWR-0094,77,5,161
2024-02-29,S01,FEED-0095,75,24,126
2024-02-29,S02,FEED-0095,75,30,110
2024-02-29,S03,FEED-0095,39,31,93
2024-02-29,S04,FEED-0095,44,20,52
2024-02-29,S05,FEED-0095,2,21,122
2024-02-29,S06,FEED-0095,70,22,95
2024-02-29,S03,SEED-0096,46,17,55
2024-02-29,S04,SEED-0096,54,9,128
2024-02-29,S06,SEED-0096,62,12,67
2024-02-29,S02,FEED-0097,104,24,141
2024-02-29,S03,FEED-0097,89,32,120
2024-02-29,S04,FEED-0097,52,27,59
2024-02-29,S02,SEED-0098,40,14,80
2024-02-29,S05,SEED-0098,128,36,194
2024-02-29,S06,SEED-0098,17,7,87
2024-02-29,S01,LUBE-0099,34,16,101
2024-02-29,S05,LUBE-0099,54,38,126
2024-02-29,S06,LUBE-0099,90,24,167
2024-02-29,S03,SEED-0100,0,9,80
2024-02-29,S04,SEED-0100,97,25,163
2024-02-29,S05,SEED-0100,73,18,66
2024-02-29,S01,FUEL-0101,77,18,109
2024-02-29,S03,FUEL-0101,64,30,101
2024-02-29,S04,FUEL-0101,73,8,148
2024-02-29,S05,FUEL-0101,28,21,57
2024-02-29,S01,FEED-0102,62,39,93
2024-02-29,S02,FEED-0102,86,24,149
2024-02-29,S03,FEED-0102,38,7,48
2024-02-29,S05,FEED-0102,46,6,58
2024-02-29,S06,FEED-0102,72,13,110
2024-02-29,S01,HDWR-0103,104,35,179
2024-02-29,S02,HDWR-0103,56,17,94
2024-02-29,S03,HDWR-0103,42,35,67
2024-02-29,S03,FEED-0104,53,18,100
2024-02-29,S05,FEED-0104,30,7,42
2024-02-29,S01,TIRE-0105,21,9,42
2024-02-29,S05,TIRE-0105,48,24,88
2024-02-29,S01,FEED-0106,32,14,76
2024-02-29,S02,FEED-0106,39,34,97
2024-02-29,S03,FEED-0106,103,36,162
2024-02-29,S04,FEED-0106,98,40,197
2024-02-29,S05,FEED-0106,36,34,189
2024-02-29,S06,FEED-0106,72,9,94
2024-02-29,S01,HDWR-0107,66,34,83
2024-02-29,S02,HDWR-0107,97,39,126
2024-02-29,S03,HDWR-0107,32,15,55
2024-02-29,S05,HDWR-0107,117,21,132
2024-02-29,S01,SEED-0108,44,37,88
2024-02-29,S02,SEED-0108,22,19,120
2024-02-29,S04,SEED-0108,151,6,163
2024-02-29,S05,SEED-0108,39,24,64
2024-02-29,S01,FUEL-0109,121,11,130
2024-02-29,S02,FUEL-0109,21,17,74
2024-02-29,S03,FUEL-0109,98,39,152
2024-02-29,S05,FUEL-0109,111,22,130
2024-02-29,S06,FUEL-0109,22,20,96
2024-02-29,S03,HDWR-0110,110,38,148
2024-02-29,S04,HDWR-0110,52,34,66
2024-02-29,S05,HDWR-0110,79,9,129
2024-02-29,S01,SEED-0111,111,22,99
2024-02-29,S02,SEED-0111,112,27,143
2024-02-29,S03,SEED-0111,62,25,123
2024-02-29,S05,SEED-0111,179,38,173
2024-02-29,S06,SEED-0111,41,37,109
2024-02-29,S02,LUBE-0112,8,11,49
2024-02-29,S03,LUBE-0112,65,34,99
2024-02-29,S05,LUBE-0112,95,24,180
2024-02-29,S06,LUBE-0112,42,9,70
2024-02-29,S02,HDWR-0113,43,36,69
2024-02-29,S03,HDWR-0113,52,22,76
2024-02-29,S04,HDWR-0113,89,24,163
2024-02-29,S05,HDWR-0113,76,10,147
2024-02-29,S06,HDWR-0113,92,13,117
2024-02-29,S02,SEED-0114,52,36,81
2024-02-29,S03,SEED-0114,15,10,69
2024-02-29,S04,SEED-0114,1,12,170
2024-02-29,S01,FEED-0115,73,8,111
2024-02-29,S02,FEED-0115,31,19,56
2024-02-29,S03,FEED-0115,114,32,185
2024-02-29,S04,FEED-0115,44,21,66
2024-02-29,S06,FEED-0115,20,19,74
2024-02-29,S01,FEED-0116,174,33,191
2024-02-29,S03,FEED-0116,47,15,117
2024-02-29,S04,FEED-0116,91,23,84
2024-02-29,S01,FUEL-0117,113,23,115
2024-02-29,S05,FUEL-0117,151,29,154
2024-02-29,S01,SEED-0118,136,10,161
2024-02-29,S05,SEED-0118,59,22,102
2024-02-29,S06,SEED-0118,67,35,140
2024-02-29,S02,TIRE-0119,49,26,109
2024-02-29,S03,TIRE-0119,71,14,96
2024-02-29,S05,TIRE-0119,43,21,78
2024-02-29,S06,TIRE-0119,30,6,71
2024-02-29,S04,LUBE-0120,42,18,61
2024-03-31,S01,LUBE-0001,34,21,92
2024-03-31,S02,LUBE-0001,38,32,174
2024-03-31,S03,LUBE-0001,14,28,109
2024-03-31,S04,LUBE-0001,70,13,123
2024-03-31,S05,LUBE-0001,47,11,121
2024-03-31,S06,LUBE-0001,70,24,123
2024-03-31,S01,LUBE-0002,54,39,139
2024-03-31,S02,LUBE-0002,96,26,136
2024-03-31,S03,LUBE-0002,97,25,94
2024-03-31,S04,LUBE-0002,93,13,137
2024-03-31,S05,LUBE-0002,45,24,62
2024-03-31,S03,FEED-0003,17,19,138
2024-03-31,S04,FEED-0003,59,26,99
2024-03-31,S05,FEED-0003,132,6,122
2024-03-31,S01,SEED-0004,68,37,89
2024-03-31,S02,SEED-0004,43,33,117
2024-03-31,S03,SEED-0004,128,13,134
2024-03-31,S05,SEED-0004,73,35,191
2024-03-31,S06,SEED-0004,88,22,151
2024-03-31,S02,TIRE-0005,2,7,115
2024-03-31,S05,TIRE-0005,86,37,101
2024-03-31,S06,TIRE-0005,163,39,180
2024-03-31,S01,HDWR-0006,101,28,111
2024-03-31,S02,HDWR-0006,144,19,139
2024-03-31,S03,HDWR-0006,33,29,64
2024-03-31,S04,HDWR-0006,82,13,74
2024-03-31,S01,SEED-0007,74,27,107
2024-03-31,S02,SEED-0007,33,7,60
2024-03-31,S03,SEED-0007,44,19,85
2024-03-31,S04,SEED-0007,158,21,170
2024-03-31,S05,SEED-0007,84,13,135
2024-03-31,S06,SEED-0007,79,11,163
2024-03-31,S01,TIRE-0008,64,8,93
2024-03-31,S04,TIRE-0008,51,24,117
2024-03-31,S05,TIRE-0008,30,21,119
2024-03-31,S06,TIRE-0008,145,34,155
2024-03-31,S01,TIRE-0009,145,36,133
2024-03-31,S02,TIRE-0009,108,21,137
2024-03-31,S03,TIRE-0009,71,27,147
2024-03-31,S04,TIRE-0009,81,37,96
2024-03-31,S05,TIRE-0009,136,36,139
2024-03-31,S06,TIRE-0009,77,14,156
2024-03-31,S03,LUBE-0010,12,6,77
2024-03-31,S05,LUBE-0010,51,30,93
2024-03-31,S06,LUBE-0010,41,22,59
2024-03-31,S01,HDWR-0011,36,22,62
2024-03-31,S03,HDWR-0011,98,10,81
2024-03-31,S04,HDWR-0011,122,19,178
2024-03-31,S02,TIRE-0012,54,13,84
2024-03-31,S04,TIRE-0012,60,23,139
2024-03-31,S05,TIRE-0012,63,38,102
2024-03-31,S06,TIRE-0012,67,31,186
2024-03-31,S03,SEED-0013,64,18,106
2024-03-31,S04,SEED-0013,71,34,113
2024-03-31,S05,SEED-0013,62,18,155
2024-03-31,S06,SEED-0013,47,16,66
2024-03-31,S04,FEED-0014,25,15,62
2024-03-31,S06,FEED-0014,138,21,149
2024-03-31,S01,FUEL-0015,58,26,111
2024-03-31,S02,FUEL-0015,107,9,131
2024-03-31,S06,FUEL-0015,62,40,119
2024-03-31,S02,FEED-0016,120,6,128
2024-03-31,S03,FEED-0016,128,34,179
2024-03-31,S04,FEED-0016,72,19,75
2024-03-31,S05,FEED-0016,44,22,73
2024-03-31,S06,FEED-0016,199,38,155
2024-03-31,S02,FUEL-0017,56,28,64
2024-03-31,S03,FUEL-0017,51,31,65
2024-03-31,S06,FUEL-0017,60,35,86
2024-03-31,S01,HDWR-0018,48,12,113
2024-03-31,S02,HDWR-0018,120,25,160
2024-03-31,S03,HDWR-0018,71,13,103
2024-03-31,S04,HDWR-0018,199,38,186
2024-03-31,S05,HDWR-0018,30,12,159
2024-03-31,S03,FUEL-0019,79,38,82
2024-03-31,S04,FUEL-0019,91,5,107
2024-03-31,S06,FUEL-0019,43,22,83
2024-03-31,S01,SEED-0020,8,6,48
2024-03-31,S02,SEED-0020,128,27,181
2024-03-31,S04,SEED-0020,29,26,57
2024-03-31,S02,TIRE-0021,53,33,108
2024-03-31,S03,TIRE-0021,48,30,165
2024-03-31,S06,TIRE-0021,34,26,82
2024-03-31,S01,HDWR-0022,65,12,115
2024-03-31,S03,HDWR-0022,50,19,118
2024-03-31,S04,HDWR-0022,36,25,66
2024-03-31,S05,HDWR-0022,16,14,71
2024-03-31,S06,HDWR-0022,38,29,125
2024-03-31,S01,FUEL-0023,1,17,120
2024-03-31,S03,FUEL-0023,100,29,173
2024-03-31,S04,FUEL-0023,120,40,177
2024-03-31,S05,FUEL-0023,34,28,138
2024-03-31,S06,FUEL-0023,38,10,53
2024-03-31,S01,TIRE-0024,19,32,179
2024-03-31,S04,TIRE-0024,0,20,165
2024-03-31,S05,TIRE-0024,58,25,110
2024-03-31,S06,TIRE-0024,66,22,106
2024-03-31,S01,FUEL-0025,79,12,152
2024-03-31,S02,FUEL-0025,50,38,105
2024-03-31,S03,FUEL-0025,100,21,114
2024-03-31,S05,FUEL-0025,41,23,63
2024-03-31,S06,FUEL-0025,38,17,146
2024-03-31,S01,LUBE-0026,157,28,158
2024-03-31,S02,LUBE-0026,167,16,156
2024-03-31,S05,LUBE-0026,24,19,89
2024-03-31,S06,LUBE-0026,79,18,135
2024-03-31,S01,LUBE-0027,60,35,112
2024-03-31,S02,LUBE-0027,99,14,107
2024-03-31,S04,LUBE-0027,57,27,86
2024-03-31,S05,LUBE-0027,93,14,122
2024-03-31,S06,LUBE-0027,35,5,35
2024-03-31,S01,FUEL-0028,116,26,181
2024-03-31,S02,FUEL-0028,30,7,89
2024-03-31,S04,FUEL-0028,64,22,70
2024-03-31,S05,FUEL-0028,0,30,146
2024-03-31,S06,FUEL-0028,0,13,125
2024-03-31,S02,FEED-0029,148,33,175
2024-03-31,S03,FEED-0029,101,6,163
2024-03-31,S06,FEED-0029,37,22,113
2024-03-31,S02,HDWR-0030,57,8,109
2024-03-31,S03,HDWR-0030,75,36,145
2024-03-31,S04,HDWR-0030,41,23,103
2024-03-31,S05,HDWR-0030,95,29,120
2024-03-31,S06,HDWR-0030,111,34,175
2024-03-31,S01,LUBE-0031,131,35,190
2024-03-31,S02,LUBE-0031,60,5,118
2024-03-31,S03,LUBE-0031,82,32,93
2024-03-31,S04,LUBE-0031,86,23,180
2024-03-31,S05,LUBE-0031,94,28,117
2024-03-31,S06,LUBE-0031,45,21,78
2024-03-31,S01,FEED-0032,23,16,153
2024-03-31,S04,FEED-0032,70,10,81
2024-03-31,S05,FEED-0032,100,38,108
2024-03-31,S01,FEED-0033,2,6,39
2024-03-31,S03,FEED-0033,72,5,109
2024-03-31,S04,FEED-0033,111,37,133
2024-03-31,S05,FEED-0033,52,35,83
2024-03-31,S06,FEED-0033,48,22,80
2024-03-31,S01,LUBE-0034,33,29,60
2024-03-31,S03,LUBE-0034,57,19,70
2024-03-31,S04,LUBE-0034,59,24,148
2024-03-31,S05,LUBE-0034,191,30,185
2024-03-31,S06,LUBE-0034,55,30,155
2024-03-31,S01,LUBE-0035,69,32,160
2024-03-31,S02,LUBE-0035,84,7,127
2024-03-31,S04,LUBE-0035,42,26,91
2024-03-31,S05,LUBE-0035,32,16,64
2024-03-31,S06,LUBE-0035,21,8,111
2024-03-31,S01,LUBE-0036,62,13,171
2024-03-31,S02,LUBE-0036,36,14,163
2024-03-31,S06,LUBE-0036,64,28,68
2024-03-31,S01,LUBE-0037,97,15,164
2024-03-31,S02,LUBE-0037,31,22,60
2024-03-31,S04,LUBE-0037,0,13,121
2024-03-31,S02,HDWR-0038,107,21,114
2024-03-31,S05,HDWR-0038,93,20,111
2024-03-31,S02,LUBE-0039,16,21,56
2024-03-31,S03,LUBE-0039,52,21,179
2024-03-31,S04,LUBE-0039,56,28,92
2024-03-31,S05,LUBE-0039,51,27,96
2024-03-31,S02,FEED-0040,72,21,139
2024-03-31,S03,FEED-0040,52,38,122
2024-03-31,S04,FEED-0040,137,39,120
2024-03-31,S05,FEED-0040,51,34,86
2024-03-31,S06,FEED-0040,67,32,172
2024-03-31,S01,SEED-0041,73,20,102
2024-03-31,S02,SEED-0041,42,27,168
2024-03-31,S03,SEED-0041,19,9,157
2024-03-31,S05,SEED-0041,0,7,68
2024-03-31,S06,SEED-0041,145,12,152
2024-03-31,S01,SEED-0042,170,24,174
2024-03-31,S02,SEED-0042,11,15,95
2024-03-31,S03,SEED-0042,83,23,88
2024-03-31,S04,SEED-0042,31,28,87
2024-03-31,S06,SEED-0042,36,8,61
2024-03-31,S01,HDWR-0043,9,5,68
2024-03-31,S02,HDWR-0043,2,9,53
2024-03-31,S03,HDWR-0043,62,25,87
2024-03-31,S04,HDWR-0043,56,34,104
2024-03-31,S01,FEED-0044,31,28,77
2024-03-31,S02,FEED-0044,50,29,102
2024-03-31,S03,FEED-0044,80,22,158
2024-03-31,S06,FEED-0044,47,20,104
2024-03-31,S01,TIRE-0045,35,27,66
2024-03-31,S02,TIRE-0045,57,29,91
2024-03-31,S04,TIRE-0045,71,10,110
2024-03-31,S05,TIRE-0045,77,25,127
2024-03-31,S06,FUEL-0046,34,27,69
2024-03-31,S01,HDWR-0047,66,18,111
2024-03-31,S02,HDWR-0047,71,37,80
2024-03-31,S03,HDWR-0047,38,34,70
2024-03-31,S01,LUBE-0048,29,10,46
2024-03-31,S02,LUBE-0048,74,40,114
2024-03-31,S05,LUBE-0048,17,13,168
2024-03-31,S06,LUBE-0048,94,27,144
2024-03-31,S02,FUEL-0049,41,33,95
2024-03-31,S05,FUEL-0049,75,11,114
2024-03-31,S06,FUEL-0049,70,11,87
2024-03-31,S02,LUBE-0050,46,20,105
2024-03-31,S03,LUBE-0050,84,13,111
2024-03-31,S04,LUBE-0050,123,9,127
2024-03-31,S06,LUBE-0050,76,18,113
2024-03-31,S04,FUEL-0051,72,39,153
2024-03-31,S05,FUEL-0051,62,23,167
2024-03-31,S06,FUEL-0051,42,9,72
2024-03-31,S01,HDWR-0052,36,7,93
2024-03-31,S02,HDWR-0052,92,14,157
2024-03-31,S05,HDWR-0052,2,28,138
2024-03-31,S06,HDWR-0052,50,16,67
2024-03-31,S01,HDWR-0053,105,10,147
2024-03-31,S03,HDWR-0053,77,30,143
2024-03-31,S04,HDWR-0053,18,7,37
2024-03-31,S04,FEED-0054,24,31,84
2024-03-31,S01,SEED-0055,18,5,49
2024-03-31,S02,SEED-0055,104,33,164
2024-03-31,S03,SEED-0055,99,20,131
2024-03-31,S04,SEED-0055,156,37,181
2024-03-31,S05,SEED-0055,155,25,178
2024-03-31,S01,SEED-0056,94,28,113
2024-03-31,S06,SEED-0056,0,13,130
2024-03-31,S01,FEED-0057,98,35,179
2024-03-31,S02,FEED-0057,58,23,156
2024-03-31,S03,FEED-0057,121,40,149
2024-03-31,S04,FEED-0057,38,6,97
2024-03-31,S05,FEED-0057,102,19,96
2024-03-31,S06,FEED-0057,25,29,149
2024-03-31,S01,HDWR-0058,15,38,140
2024-03-31,S02,HDWR-0058,55,9,124
2024-03-31,S01,HDWR-0059,110,9,132
2024-03-31,S03,HDWR-0059,62,36,167
2024-03-31,S04,HDWR-0059,76,28,162
2024-03-31,S06,HDWR-0059,42,7,95
2024-03-31,S03,HDWR-0060,36,22,117
2024-03-31,S04,HDWR-0060,19,10,42
2024-03-31,S05,HDWR-0060,47,25,78
2024-03-31,S06,HDWR-0060,33,26,146
2024-03-31,S01,TIRE-0061,98,17,163
2024-03-31,S02,TIRE-0061,83,19,173
2024-03-31,S05,TIRE-0061,42,18,62
2024-03-31,S01,SEED-0062,34,7,56
2024-03-31,S03,SEED-0062,41,12,46
2024-03-31,S04,SEED-0062,63,17,139
2024-03-31,S05,SEED-0062,41,17,86
2024-03-31,S01,SEED-0063,27,7,59
2024-03-31,S02,SEED-0063,25,24,154
2024-03-31,S03,SEED-0063,145,40,136
2024-03-31,S04,SEED-0063,73,26,106
2024-03-31,S05,SEED-0063,80,39,188
2024-03-31,S06,SEED-0063,92,23,180
2024-03-31,S01,TIRE-0064,41,6,48
2024-03-31,S04,TIRE-0064,79,30,156
2024-03-31,S05,TIRE-0064,43,40,126
2024-03-31,S01,LUBE-0065,83,24,107
2024-03-31,S02,LUBE-0065,99,37,107
2024-03-31,S03,LUBE-0065,19,6,119
2024-03-31,S06,LUBE-0065,29,32,104
2024-03-31,S01,FUEL-0066,34,14,97
2024-03-31,S02,FUEL-0066,5,14,127
2024-03-31,S03,FUEL-0066,118,24,159
2024-03-31,S04,FUEL-0066,169,15,166
2024-03-31,S01,HDWR-0067,54,20,114
2024-03-31,S02,HDWR-0067,88,32,168
2024-03-31,S04,HDWR-0067,58,29,81
2024-03-31,S05,HDWR-0067,133,29,160
2024-03-31,S06,HDWR-0067,192,38,188
2024-03-31,S01,LUBE-0068,108,15,114
2024-03-31,S02,LUBE-0068,44,6,98
2024-03-31,S03,LUBE-0068,35,28,79
2024-03-31,S04,LUBE-0068,54,31,83
2024-03-31,S02,FUEL-0069,75,39,127
2024-03-31,S06,FUEL-0069,43,17,115
2024-03-31,S01,FEED-0070,17,9,73
2024-03-31,S03,FEED-0070,21,20,50
2024-03-31,S05,FEED-0070,55,15,85
2024-03-31,S06,FEED-0070,84,11,169
2024-03-31,S01,SEED-0071,41,16,53
2024-03-31,S02,SEED-0071,62,28,96
2024-03-31,S04,SEED-0071,42,20,151
2024-03-31,S05,SEED-0071,26,23,54
2024-03-31,S06,SEED-0071,43,16,66
2024-03-31,S02,FUEL-0072,122,32,185
2024-03-31,S04,FUEL-0072,8,16,135
2024-03-31,S05,FUEL-0072,20,11,157
2024-03-31,S06,FUEL-0072,147,25,157
2024-03-31,S02,TIRE-0073,21,11,61
2024-03-31,S03,TIRE-0073,132,29,146
2024-03-31,S04,TIRE-0073,7,16,121
2024-03-31,S05,TIRE-0073,82,38,129
2024-03-31,S06,TIRE-0073,78,35,94
2024-03-31,S01,FEED-0074,54,9,119
2024-03-31,S02,FEED-0074,63,12,71
2024-03-31,S03,FEED-0074,135,8,153
2024-03-31,S04,FEED-0074,35,16,54
2024-03-31,S05,FEED-0074,14,8,49
2024-03-31,S06,FEED-0074,43,38,70
2024-03-31,S01,FEED-0075,70,39,120
2024-03-31,S02,FEED-0075,99,16,98
2024-03-31,S04,FEED-0075,11,5,41
2024-03-31,S05,FEED-0075,95,16,113
2024-03-31,S06,FEED-0075,114,39,128
2024-03-31,S01,TIRE-0076,150,33,161
2024-03-31,S04,TIRE-0076,42,15,67
2024-03-31,S05,TIRE-0076,94,27,131
2024-03-31,S01,TIRE-0077,75,18,90
2024-03-31,S03,TIRE-0077,43,10,142
2024-03-31,S04,TIRE-0077,59,12,70
2024-03-31,S05,TIRE-0077,0,39,174
2024-03-31,S06,TIRE-0077,32,5,80
2024-03-31,S01,SEED-0078,77,21,94
2024-03-31,S02,SEED-0078,37,19,53
2024-03-31,S03,SEED-0078,99,10,163
2024-03-31,S04,SEED-0078,63,26,109
2024-03-31,S05,SEED-0078,59,5,127
2024-03-31,S06,SEED-0078,61,9,110
2024-03-31,S02,FUEL-0079,36,25,55
2024-03-31,S03,FUEL-0079,108,37,148
2024-03-31,S04,FUEL-0079,66,33,78
2024-03-31,S06,FUEL-0079,39,21,162
2024-03-31,S01,FUEL-0080,94,40,128
2024-03-31,S02,FUEL-0080,92,33,163
2024-03-31,S04,FUEL-0080,105,19,131
2024-03-31,S06,FUEL-0080,134,10,167
2024-03-31,S01,FEED-0081,60,33,125
2024-03-31,S02,FEED-0081,39,13,90
2024-03-31,S03,FEED-0081,47,20,83
2024-03-31,S06,FEED-0081,47,9,88
2024-03-31,S02,SEED-0082,46,6,54
2024-03-31,S03,SEED-0082,102,7,130
2024-03-31,S04,SEED-0082,34,9,55
2024-03-31,S05,SEED-0082,123,22,173
2024-03-31,S06,SEED-0082,29,30,129
2024-03-31,S01,HDWR-0083,154,33,174
2024-03-31,S02,HDWR-0083,29,10,81
2024-03-31,S03,HDWR-0083,22,21,65
2024-03-31,S05,HDWR-0083,71,39,89
2024-03-31,S06,HDWR-0083,29,39,99
2024-03-31,S02,TIRE-0084,39,22,137
2024-03-31,S03,TIRE-0084,57,36,168
2024-03-31,S05,TIRE-0084,69,13,111
2024-03-31,S06,TIRE-0084,9,6,60
2024-03-31,S01,FEED-0085,108,33,171
2024-03-31,S04,FEED-0085,59,34,74
2024-03-31,S01,TIRE-0086,83,27,115
2024-03-31,S03,TIRE-0086,61,15,157
2024-03-31,S04,TIRE-0086,38,14,59
2024-03-31,S05,TIRE-0086,34,27,103
2024-03-31,S06,TIRE-0086,71,20,142
2024-03-31,S01,TIRE-0087,134,36,110
2024-03-31,S02,TIRE-0087,49,17,102
2024-03-31,S03,TIRE-0087,155,26,176
2024-03-31,S05,TIRE-0087,24,6,98
2024-03-31,S06,TIRE-0087,120,30,168
2024-03-31,S01,HDWR-0088,124,29,132
2024-03-31,S02,HDWR-0088,46,22,86
2024-03-31,S03,HDWR-0088,60,25,155
2024-03-31,S04,HDWR-0088,51,27,90
2024-03-31,S05,HDWR-0088,48,40,176
2024-03-31,S06,HDWR-0088,69,30,102
2024-03-31,S02,TIRE-0089,47,19,109
2024-03-31,S03,TIRE-0089,59,5,134
2024-03-31,S05,TIRE-0089,61,20,119
2024-03-31,S06,TIRE-0089,54,12,109
2024-03-31,S01,LUBE-0090,48,17,112
2024-03-31,S02,LUBE-0090,89,26,101
2024-03-31,S03,LUBE-0090,98,38,175
2024-03-31,S06,LUBE-0090,52,7,109
2024-03-31,S01,FUEL-0091,99,12,120
2024-03-31,S03,FUEL-0091,56,14,65
2024-03-31,S05,FUEL-0091,100,23,138
2024-03-31,S06,FUEL-0091,59,23,95
2024-03-31,S01,LUBE-0092,51,24,99
2024-03-31,S02,LUBE-0092,88,24,150
2024-03-31,S03,LUBE-0092,53,15,73
2024-03-31,S05,LUBE-0092,79,22,177
2024-03-31,S01,HDWR-0093,69,16,174
2024-03-31,S02,HDWR-0093,43,16,110
2024-03-31,S04,HDWR-0093,128,38,194
2024-03-31,S05,HDWR-0093,73,12,134
2024-03-31,S06,HDWR-0093,62,12,108
2024-03-31,S01,HDWR-0094,72,9,95
2024-03-31,S02,HDWR-0094,28,20,62
2024-03-31,S04,HDWR-0094,73,40,113
2024-03-31,S05,HDWR-0094,171,6,164
2024-03-31,S02,FEED-0095,21,20,172
2024-03-31,S03,FEED-0095,57,15,123
2024-03-31,S06,FEED-0095,54,9,107
2024-03-31,S01,SEED-0096,56,29,88
2024-03-31,S02,SEED-0096,98,29,164
2024-03-31,S05,SEED-0096,142,9,164
2024-03-31,S06,SEED-0096,47,7,135
2024-03-31,S01,FEED-0097,135,22,164
2024-03-31,S03,FEED-0097,52,11,68
2024-03-31,S05,FEED-0097,54,10,146
2024-03-31,S01,SEED-0098,71,8,85
2024-03-31,S02,SEED-0098,79,39,175
2024-03-31,S03,SEED-0098,71,37,125
2024-03-31,S05,SEED-0098,46,10,107
2024-03-31,S06,SEED-0098,98,40,145
2024-03-31,S01,LUBE-0099,102,30,157
2024-03-31,S02,LUBE-0099,134,33,192
2024-03-31,S03,LUBE-0099,45,9,112
2024-03-31,S05,LUBE-0099,25,13,108
2024-03-31,S01,SEED-0100,130,20,158
2024-03-31,S03,SEED-0100,9,28,101
2024-03-31,S05,SEED-0100,81,22,168
2024-03-31,S06,SEED-0100,123,35,176
2024-03-31,S01,FUEL-0101,113,37,110
2024-03-31,S02,FUEL-0101,46,6,123
2024-03-31,S03,FUEL-0101,109,39,122
2024-03-31,S04,FUEL-0101,31,32,66
2024-03-31,S06,FUEL-0101,77,18,117
2024-03-31,S01,FEED-0102,53,39,95
2024-03-31,S02,FEED-0102,64,19,63
2024-03-31,S03,FEED-0102,91,26,167
2024-03-31,S04,FEED-0102,16,40,174
2024-03-31,S05,FEED-0102,79,29,167
2024-03-31,S06,FEED-0102,11,27,135
2024-03-31,S01,HDWR-0103,55,30,64
2024-03-31,S05,HDWR-0103,56,13,142
2024-03-31,S03,FEED-0104,32,11,46
2024-03-31,S05,FEED-0104,67,8,166
2024-03-31,S01,TIRE-0105,52,19,131
2024-03-31,S05,TIRE-0105,50,26,65
2024-03-31,S06,TIRE-0105,97,31,153
2024-03-31,S01,FEED-0106,55,36,130
2024-03-31,S02,FEED-0106,54,27,96
2024-03-31,S03,FEED-0106,110,40,144
2024-03-31,S04,FEED-0106,16,8,59
2024-03-31,S05,FEED-0106,13,15,167
2024-03-31,S06,FEED-0106,13,16,116
2024-03-31,S01,HDWR-0107,45,25,96
2024-03-31,S03,HDWR-0107,65,36,131
2024-03-31,S04,HDWR-0107,14,8,74
2024-03-31,S01,SEED-0108,37,22,61
2024-03-31,S04,SEED-0108,43,10,72
2024-03-31,S06,SEED-0108,127,25,175
2024-03-31,S01,FUEL-0109,42,26,73
2024-03-31,S02,FUEL-0109,66,17,170
2024-03-31,S01,HDWR-0110,38,15,50
2024-03-31,S03,HDWR-0110,24,14,49
2024-03-31,S05,HDWR-0110,111,9,166
2024-03-31,S06,HDWR-0110,107,17,161
2024-03-31,S01,SEED-0111,78,27,105
2024-03-31,S02,SEED-0111,52,37,77
2024-03-31,S03,SEED-0111,86,35,86
2024-03-31,S04,SEED-0111,59,29,71
2024-03-31,S05,SEED-0111,41,19,64
2024-03-31,S06,SEED-0111,71,28,132
2024-03-31,S02,LUBE-0112,70,32,75
2024-03-31,S03,LUBE-0112,71,6,86
2024-03-31,S04,LUBE-0112,56,8,78
2024-03-31,S05,LUBE-0112,2,9,47
2024-03-31,S06,LUBE-0112,51,31,188
2024-03-31,S01,HDWR-0113,110,34,180
2024-03-31,S02,HDWR-0113,140,34,160
2024-03-31,S06,HDWR-0113,94,18,112
2024-03-31,S01,SEED-0114,42,21,102
2024-03-31,S02,SEED-0114,48,12,69
2024-03-31,S03,SEED-0114,74,25,150
2024-03-31,S05,SEED-0114,76,39,103
2024-03-31,S06,SEED-0114,70,10,92
2024-03-31,S01,FEED-0115,106,9,118
2024-03-31,S03,FEED-0115,49,34,69
2024-03-31,S06,FEED-0115,41,32,65
2024-03-31,S02,FEED-0116,83,12,118
2024-03-31,S04,FEED-0116,109,32,102
2024-03-31,S05,FEED-0116,113,23,115
2024-03-31,S06,FEED-0116,11,21,85
2024-03-31,S01,FUEL-0117,98,34,127
2024-03-31,S03,FUEL-0117,0,8,149
2024-03-31,S04,FUEL-0117,44,27,99
2024-03-31,S05,FUEL-0117,55,15,103
2024-03-31,S06,FUEL-0117,7,18,164
2024-03-31,S01,SEED-0118,36,12,83
2024-03-31,S03,SEED-0118,73,40,91
2024-03-31,S04,SEED-0118,122,24,145
2024-03-31,S05,SEED-0118,49,9,109
2024-03-31,S01,TIRE-0119,20,23,129
2024-03-31,S03,TIRE-0119,32,5,42
2024-03-31,S05,TIRE-0119,137,15,122
2024-03-31,S06,TIRE-0119,17,38,164
2024-03-31,S01,LUBE-0120,82,28,142
2024-03-31,S02,LUBE-0120,217,37,187
2024-03-31,S03,LUBE-0120,62,27,68
2024-03-31,S04,LUBE-0120,82,7,95
2024-03-31,S05,LUBE-0120,125,14,131
2024-03-31,S06,LUBE-0120,14,6,50
2024-04-30,S01,LUBE-0001,14,24,73
2024-04-30,S03,LUBE-0001,86,20,119
2024-04-30,S04,LUBE-0001,49,32,72
2024-04-30,S06,LUBE-0001,60,5,159
2024-04-30,S01,LUBE-0002,28,13,65
2024-04-30,S02,LUBE-0002,119,16,170
2024-04-30,S04,LUBE-0002,108,37,118
2024-04-30,S05,LUBE-0002,49,36,194
2024-04-30,S02,FEED-0003,115,8,146
2024-04-30,S03,FEED-0003,46,9,127
2024-04-30,S04,FEED-0003,56,34,92
2024-04-30,S05,FEED-0003,41,31,81
2024-04-30,S06,FEED-0003,130,31,138
2024-04-30,S01,SEED-0004,77,20,149
2024-04-30,S03,SEED-0004,63,26,150
2024-04-30,S05,SEED-0004,99,19,102
2024-04-30,S06,SEED-0004,77,31,109
2024-04-30,S01,TIRE-0005,127,9,169
2024-04-30,S03,TIRE-0005,48,30,77
2024-04-30,S05,TIRE-0005,79,33,142
2024-04-30,S06,TIRE-0005,46,29,183
2024-04-30,S01,HDWR-0006,86,37,171
2024-04-30,S02,HDWR-0006,93,10,148
2024-04-30,S04,HDWR-0006,57,21,103
2024-04-30,S05,HDWR-0006,57,16,92
2024-04-30,S06,HDWR-0006,21,32,126
2024-04-30,S04,SEED-0007,54,30,62
2024-04-30,S05,SEED-0007,122,10,168
2024-04-30,S06,SEED-0007,166,20,169
2024-04-30,S01,TIRE-0008,85,28,146
2024-04-30,S03,TIRE-0008,66,31,99
2024-04-30,S05,TIRE-0008,83,18,138
2024-04-30,S06,TIRE-0008,66,28,158
2024-04-30,S01,TIRE-0009,71,38,147
2024-04-30,S02,TIRE-0009,107,5,111
2024-04-30,S03,TIRE-0009,22,18,88
2024-04-30,S04,TIRE-0009,48,6,91
2024-04-30,S05,TIRE-0009,55,33,140
2024-04-30,S06,TIRE-0009,69,29,111
2024-04-30,S01,LUBE-0010,42,19,136
2024-04-30,S02,LUBE-0010,11,10,69
2024-04-30,S04,LUBE-0010,48,39,69
2024-04-30,S05,LUBE-0010,0,32,146
2024-04-30,S06,LUBE-0010,62,9,124
2024-04-30,S02,HDWR-0011,72,9,65
2024-04-30,S03,HDWR-0011,148,10,159
2024-04-30,S04,HDWR-0011,28,6,89
2024-04-30,S05,HDWR-0011,55,30,137
2024-04-30,S06,HDWR-0011,55,37,85
2024-04-30,S01,TIRE-0012,59,25,126
2024-04-30,S04,TIRE-0012,52,36,78
2024-04-30,S05,TIRE-0012,7,6,93
2024-04-30,S06,TIRE-0012,59,18,136
2024-04-30,S01,SEED-0013,40,17,86
2024-04-30,S02,SEED-0013,69,26,88
2024-04-30,S03,SEED-0013,59,31,176
2024-04-30,S04,SEED-0013,57,26,68
2024-04-30,S05,SEED-0013,0,8,132
2024-04-30,S06,SEED-0013,51,34,79
2024-04-30,S01,FEED-0014,90,30,144
2024-04-30,S03,FEED-0014,37,23,71
2024-04-30,S04,FEED-0014,81,37,127
2024-04-30,S05,FEED-0014,33,15,46
2024-04-30,S01,FUEL-0015,100,33,190
2024-04-30,S02,FUEL-0015,45,10,102
2024-04-30,S03,FUEL-0015,111,33,168
2024-04-30,S04,FUEL-0015,119,13,173
2024-04-30,S06,FUEL-0015,50,29,86
2024-04-30,S01,FEED-0016,63,25,123
2024-04-30,S02,FEED-0016,22,13,121
2024-04-30,S03,FEED-0016,98,21,126
2024-04-30,S04,FEED-0016,187,25,172
2024-04-30,S05,FEED-0016,176,31,162
2024-04-30,S06,FEED-0016,154,39,180
2024-04-30,S03,FUEL-0017,25,7,60
2024-04-30,S04,FUEL-0017,38,33,111
2024-04-30,S01,HDWR-0018,63,28,106
2024-04-30,S03,HDWR-0018,47,10,79
2024-04-30,S04,HDWR-0018,30,6,142
2024-04-30,S02,FUEL-0019,70,39,79
2024-04-30,S03,FUEL-0019,76,33,97
2024-04-30,S04,FUEL-0019,61,19,103
2024-04-30,S05,FUEL-0019,77,40,95
2024-04-30,S06,FUEL-0019,88,32,163
2024-04-30,S01,SEED-0020,10,32,118
2024-04-30,S03,SEED-0020,96,23,117
2024-04-30,S04,SEED-0020,88,29,151
2024-04-30,S05,SEED-0020,64,5,123
2024-04-30,S06,SEED-0020,136,25,180
2024-04-30,S01,TIRE-0021,15,31,186
2024-04-30,S02,TIRE-0021,45,25,121
2024-04-30,S03,TIRE-0021,103,9,139
2024-04-30,S05,TIRE-0021,145,26,125
2024-04-30,S06,TIRE-0021,76,36,127
2024-04-30,S01,HDWR-0022,21,8,128
2024-04-30,S02,HDWR-0022,40,8,79
2024-04-30,S04,HDWR-0022,4,13,88
2024-04-30,S01,FUEL-0023,71,37,79
2024-04-30,S02,FUEL-0023,36,25,68
2024-04-30,S03,FUEL-0023,96,29,90
2024-04-30,S04,FUEL-0023,54,34,67
2024-04-30,S05,FUEL-0023,28,8,46
2024-04-30,S06,FUEL-0023,155,38,197
2024-04-30,S01,TIRE-0024,62,19,128
2024-04-30,S02,TIRE-0024,97,23,115
2024-04-30,S04,TIRE-0024,10,7,107
2024-04-30,S01,FUEL-0025,141,29,186
2024-04-30,S03,FUEL-0025,89,27,132
2024-04-30,S05,FUEL-0025,52,21,95
2024-04-30,S01,LUBE-0026,54,7,87
2024-04-30,S02,LUBE-0026,34,24,57
2024-04-30,S03,LUBE-0026,39,9,85
2024-04-30,S05,LUBE-0026,52,7,95
2024-04-30,S06,LUBE-0026,76,33,170
2024-04-30,S01,LUBE-0027,163,29,169
2024-04-30,S02,LUBE-0027,105,38,149
2024-04-30,S03,LUBE-0027,59,9,90
2024-04-30,S06,LUBE-0027,25,35,120
2024-04-30,S01,FUEL-0028,50,23,127
2024-04-30,S06,FUEL-0028,29,18,162
2024-04-30,S01,FEED-0029,80,16,144
2024-04-30,S05,FEED-0029,52,40,90
2024-04-30,S06,FEED-0029,64,12,98
2024-04-30,S02,HDWR-0030,82,31,75
2024-04-30,S04,HDWR-0030,37,30,175
2024-04-30,S05,HDWR-0030,73,40,104
2024-04-30,S06,HDWR-0030,57,19,64
2024-04-30,S01,LUBE-0031,67,33,144
2024-04-30,S02,LUBE-0031,29,22,60
2024-04-30,S03,LUBE-0031,48,20,53
2024-04-30,S06,LUBE-0031,193,38,191
2024-04-30,S02,FEED-0032,104,35,109
2024-04-30,S03,FEED-0032,204,26,175
2024-04-30,S05,FEED-0032,111,35,131
2024-04-30,S06,FEED-0032,49,11,120
2024-04-30,S01,FEED-0033,146,27,170
2024-04-30,S02,FEED-0033,77,24,91
2024-04-30,S03,FEED-0033,35,8,66
2024-04-30,S04,FEED-0033,56,28,84
2024-04-30,S06,FEED-0033,67,35,128
2024-04-30,S01,LUBE-0034,136,39,157
2024-04-30,S03,LUBE-0034,89,7,131
2024-04-30,S05,LUBE-0034,68,39,71
2024-04-30,S06,LUBE-0034,37,18,65
2024-04-30,S01,LUBE-0035,21,19,115
2024-04-30,S03,LUBE-0035,135,37,176
2024-04-30,S05,LUBE-0035,40,24,142
2024-04-30,S06,LUBE-0035,97,39,107
2024-04-30,S02,LUBE-0036,57,28,93
2024-04-30,S05,LUBE-0036,144,26,176
2024-04-30,S06,LUBE-0036,99,13,146
2024-04-30,S01,LUBE-0037,81,17,89
2024-04-30,S02,LUBE-0037,108,14,162
2024-04-30,S03,LUBE-0037,70,29,100
2024-04-30,S04,LUBE-0037,58,37,163
2024-04-30,S05,LUBE-0037,78,35,171
2024-04-30,S06,LUBE-0037,54,16,101
2024-04-30,S01,HDWR-0038,71,27,128
2024-04-30,S02,HDWR-0038,61,33,110
2024-04-30,S03,HDWR-0038,52,17,78
2024-04-30,S04,HDWR-0038,41,14,89
2024-04-30,S06,HDWR-0038,0,16,103
2024-04-30,S02,LUBE-0039,82,5,135
2024-04-30,S03,LUBE-0039,125,11,169
2024-04-30,S04,LUBE-0039,73,26,150
2024-04-30,S05,LUBE-0039,127,25,116
2024-04-30,S01,FEED-0040,40,8,97
2024-04-30,S03,FEED-0040,84,37,105
2024-04-30,S04,FEED-0040,35,17,130
2024-04-30,S06,FEED-0040,28,39,166
2024-04-30,S01,SEED-0041,106,11,150
2024-04-30,S02,SEED-0041,21,13,66
2024-04-30,S04,SEED-0041,41,28,73
2024-04-30,S05,SEED-0041,90,39,149
2024-04-30,S06,SEED-0041,60,18,124
2024-04-30,S01,SEED-0042,79,39,113
2024-04-30,S03,SEED-0042,127,28,170
2024-04-30,S04,SEED-0042,141,23,154
2024-04-30,S05,SEED-0042,94,18,148
2024-04-30,S01,HDWR-0043,129,23,152
2024-04-30,S03,HDWR-0043,60,30,98
2024-04-30,S04,HDWR-0043,83,30,139
2024-04-30,S05,HDWR-0043,98,37,139
2024-04-30,S03,FEED-0044,21,20,115
2024-04-30,S04,FEED-0044,38,19,57
2024-04-30,S05,FEED-0044,94,11,140
2024-04-30,S06,FEED-0044,132,29,169
2024-04-30,S03,TIRE-0045,72,24,72
2024-04-30,S06,TIRE-0045,148,34,160
2024-04-30,S01,FUEL-0046,43,11,41
2024-04-30,S02,FUEL-0046,147,38,177
2024-04-30,S03,FUEL-0046,57,31,72
2024-04-30,S04,FUEL-0046,81,8,84
2024-04-30,S06,FUEL-0046,7,11,154
2024-04-30,S02,HDWR-0047,132,17,177
2024-04-30,S03,HDWR-0047,34,29,93
2024-04-30,S04,HDWR-0047,62,22,70
2024-04-30,S05,HDWR-0047,82,39,142
2024-04-30,S01,LUBE-0048,72,19,86
2024-04-30,S04,LUBE-0048,39,14,98
2024-04-30,S05,LUBE-0048,72,17,135
2024-04-30,S06,LUBE-0048,70,34,83
2024-04-30,S01,FUEL-0049,81,5,153
2024-04-30,S02,FUEL-0049,18,15,107
2024-04-30,S03,FUEL-0049,22,6,124
2024-04-30,S04,FUEL-0049,42,32,175
2024-04-30,S06,FUEL-0049,34,19,105
2024-04-30,S01,LUBE-0050,11,10,105
2024-04-30,S02,LUBE-0050,82,25,146
2024-04-30,S04,LUBE-0050,119,40,112
2024-04-30,S06,LUBE-0050,91,16,86
2024-04-30,S01,FUEL-0051,65,40,88
2024-04-30,S02,FUEL-0051,9,16,58
2024-04-30,S03,FUEL-0051,39,13,71
2024-04-30,S04,FUEL-0051,58,30,60
2024-04-30,S05,FUEL-0051,98,32,104
2024-04-30,S04,HDWR-0052,63,13,114
2024-04-30,S06,HDWR-0052,22,20,63
2024-04-30,S02,HDWR-0053,142,15,138
2024-04-30,S03,HDWR-0053,74,30,98
2024-04-30,S04,HDWR-0053,40,20,108
2024-04-30,S06,HDWR-0053,93,19,172
2024-04-30,S01,FEED-0054,84,27,122
2024-04-30,S03,FEED-0054,152,40,161
2024-04-30,S04,FEED-0054,45,6,84
2024-04-30,S05,FEED-0054,52,21,75
2024-04-30,S01,SEED-0055,45,20,82
2024-04-30,S04,SEED-0055,93,22,182
2024-04-30,S05,SEED-0055,5,11,126
2024-04-30,S03,SEED-0056,19,11,56
2024-04-30,S04,SEED-0056,73,35,129
2024-04-30,S05,SEED-0056,52,11,59
2024-04-30,S06,SEED-0056,85,36,130
2024-04-30,S03,FEED-0057,83,37,137
2024-04-30,S04,FEED-0057,54,38,169
2024-04-30,S05,FEED-0057,159,35,140
2024-04-30,S06,FEED-0057,92,29,162
2024-04-30,S02,HDWR-0058,62,8,112
2024-04-30,S03,HDWR-0058,86,35,132
2024-04-30,S06,HDWR-0058,100,18,176
2024-04-30,S01,HDWR-0059,66,27,90
2024-04-30,S02,HDWR-0059,23,23,54
2024-04-30,S04,HDWR-0059,48,28,87
2024-04-30,S05,HDWR-0059,118,26,179
2024-04-30,S06,HDWR-0059,51,28,91
2024-04-30,S01,HDWR-0060,47,40,83
2024-04-30,S03,HDWR-0060,45,32,112
2024-04-30,S04,HDWR-0060,84,14,110
2024-04-30,S05,HDWR-0060,63,40,87
2024-04-30,S06,HDWR-0060,74,22,92
2024-04-30,S01,TIRE-0061,81,37,125
2024-04-30,S03,TIRE-0061,51,27,118
2024-04-30,S04,TIRE-0061,139,13,144
2024-04-30,S05,TIRE-0061,64,17,93
2024-04-30,S06,TIRE-0061,144,40,189
2024-04-30,S01,SEED-0062,25,10,61
2024-04-30,S03,SEED-0062,58,36,143
2024-04-30,S04,SEED-0062,101,17,162
2024-04-30,S05,SEED-0062,62,7,107
2024-04-30,S01,SEED-0063,18,34,81
2024-04-30,S02,SEED-0063,131,28,157
2024-04-30,S03,SEED-0063,73,33,122
2024-04-30,S04,SEED-0063,18,11,49
2024-04-30,S02,TIRE-0064,39,39,93
2024-04-30,S03,TIRE-0064,53,38,73
2024-04-30,S04,TIRE-0064,115,25,164
2024-04-30,S05,TIRE-0064,117,22,106
2024-04-30,S06,TIRE-0064,110,11,169
2024-04-30,S01,LUBE-0065,63,37,183
2024-04-30,S02,LUBE-0065,31,32,87
2024-04-30,S03,LUBE-0065,132,37,185
2024-04-30,S01,FUEL-0066,141,26,168
2024-04-30,S02,FUEL-0066,124,31,176
2024-04-30,S05,FUEL-0066,35,15,62
2024-04-30,S06,FUEL-0066,55,14,74
2024-04-30,S01,HDWR-0067,172,39,199
2024-04-30,S02,HDWR-0067,20,15,111
2024-04-30,S04,HDWR-0067,33,6,110
2024-04-30,S06,HDWR-0067,115,40,155
2024-04-30,S01,LUBE-0068,42,8,109
2024-04-30,S03,LUBE-0068,29,18,79
2024-04-30,S04,LUBE-0068,51,36,71
2024-04-30,S05,LUBE-0068,83,12,153
2024-04-30,S01,FUEL-0069,0,11,110
2024-04-30,S02,FUEL-0069,36,5,36
2024-04-30,S04,FUEL-0069,59,31,72
2024-04-30,S06,FUEL-0069,31,12,55
2024-04-30,S01,FEED-0070,66,33,187
2024-04-30,S03,FEED-0070,49,15,90
2024-04-30,S04,FEED-0070,31,24,93
2024-04-30,S05,FEED-0070,64,18,116
2024-04-30,S06,FEED-0070,131,14,139
2024-04-30,S02,SEED-0071,84,35,114
2024-04-30,S03,SEED-0071,43,25,125
2024-04-30,S04,SEED-0071,156,28,188
2024-04-30,S05,SEED-0071,63,20,173
2024-04-30,S06,SEED-0071,82,8,120
2024-04-30,S01,FUEL-0072,67,27,71
2024-04-30,S02,FUEL-0072,141,36,183
2024-04-30,S03,FUEL-0072,45,5,62
2024-04-30,S04,FUEL-0072,35,19,54
2024-04-30,S06,FUEL-0072,63,8,49
2024-04-30,S04,TIRE-0073,76,36,185
2024-04-30,S05,TIRE-0073,79,33,91
2024-04-30,S06,TIRE-0073,149,33,182
2024-04-30,S01,FEED-0074,47,25,57
2024-04-30,S02,FEED-0074,88,23,98
2024-04-30,S03,FEED-0074,58,6,111
2024-04-30,S05,FEED-0074,132,11,165
2024-04-30,S06,FEED-0074,59,15,157
2024-04-30,S02,FEED-0075,100,24,117
2024-04-30,S03,FEED-0075,37,19,66
2024-04-30,S06,FEED-0075,62,35,97
2024-04-30,S02,TIRE-0076,78,37,107
2024-04-30,S03,TIRE-0076,42,7,89
2024-04-30,S04,TIRE-0076,69,11,122
2024-04-30,S05,TIRE-0076,41,27,65
2024-04-30,S06,TIRE-0076,50,20,115
2024-04-30,S02,TIRE-0077,91,35,122
2024-04-30,S03,TIRE-0077,91,8,148
2024-04-30,S04,TIRE-0077,134,32,165
2024-04-30,S01,SEED-0078,53,22,92
2024-04-30,S02,SEED-0078,115,12,147
2024-04-30,S04,SEED-0078,102,37,178
2024-04-30,S05,SEED-0078,35,34,67
2024-04-30,S01,FUEL-0079,124,7,122
2024-04-30,S02,FUEL-0079,51,16,75
2024-04-30,S03,FUEL-0079,176,40,168
2024-04-30,S06,FUEL-0079,58,31,89
2024-04-30,S02,FUEL-0080,118,28,185
2024-04-30,S04,FUEL-0080,118,15,140
2024-04-30,S05,FUEL-0080,81,22,126
2024-04-30,S01,FEED-0081,35,26,167
2024-04-30,S03,FEED-0081,0,14,146
2024-04-30,S05,FEED-0081,47,7,135
2024-04-30,S01,SEED-0082,72,35,179
2024-04-30,S02,SEED-0082,59,28,77
2024-04-30,S03,SEED-0082,59,21,136
2024-04-30,S05,SEED-0082,101,16,162
2024-04-30,S06,SEED-0082,34,26,61
2024-04-30,S01,HDWR-0083,96,36,174
2024-04-30,S02,HDWR-0083,49,31,83
2024-04-30,S03,HDWR-0083,37,29,78
2024-04-30,S04,HDWR-0083,171,32,147
2024-04-30,S06,HDWR-0083,106,13,109
2024-04-30,S02,TIRE-0084,16,11,41
2024-04-30,S04,TIRE-0084,24,11,83
2024-04-30,S05,TIRE-0084,70,39,138
2024-04-30,S01,FEED-0085,15,21,114
2024-04-30,S03,FEED-0085,56,12,76
2024-04-30,S04,FEED-0085,22,37,95
2024-04-30,S06,FEED-0085,57,38,72
2024-04-30,S02,TIRE-0086,112,5,119
2024-04-30,S03,TIRE-0086,34,39,99
2024-04-30,S01,TIRE-0087,25,26,64
2024-04-30,S02,TIRE-0087,45,8,124
2024-04-30,S03,TIRE-0087,122,19,136
2024-04-30,S04,TIRE-0087,47,32,71
2024-04-30,S05,TIRE-0087,69,11,101
2024-04-30,S06,TIRE-0087,92,24,161
2024-04-30,S03,HDWR-0088,140,15,119
2024-04-30,S04,HDWR-0088,22,21,87
2024-04-30,S05,HDWR-0088,1,14,132
2024-04-30,S06,HDWR-0088,24,15,58
2024-04-30,S01,TIRE-0089,143,22,182
2024-04-30,S03,TIRE-0089,23,25,74
2024-04-30,S04,TIRE-0089,48,29,60
2024-04-30,S01,LUBE-0090,76,32,156
2024-04-30,S02,LUBE-0090,82,27,183
2024-04-30,S03,LUBE-0090,10,30,150
2024-04-30,S04,LUBE-0090,67,37,91
2024-04-30,S05,LUBE-0090,60,27,71
2024-04-30,S01,FUEL-0091,61,30,134
2024-04-30,S02,FUEL-0091,67,38,166
2024-04-30,S04,FUEL-0091,67,25,103
2024-04-30,S01,LUBE-0092,46,14,113
2024-04-30,S02,LUBE-0092,100,40,195
2024-04-30,S06,LUBE-0092,100,28,150
2024-04-30,S01,HDWR-0093,143,25,156
2024-04-30,S02,HDWR-0093,107,37,118
2024-04-30,S03,HDWR-0093,31,24,63
2024-04-30,S04,HDWR-0093,52,22,88
2024-04-30,S05,HDWR-0093,10,35,155
2024-04-30,S02,HDWR-0094,53,29,154
2024-04-30,S03,HDWR-0094,16,17,92
2024-04-30,S04,HDWR-0094,166,14,161
2024-04-30,S05,HDWR-0094,49,15,80
2024-04-30,S03,FEED-0095,86,12,94
2024-04-30,S04,FEED-0095,56,27,143
2024-04-30,S05,FEED-0095,22,7,78
2024-04-30,S06,FEED-0095,40,13,47
2024-04-30,S02,SEED-0096,74,31,94
2024-04-30,S03,SEED-0096,52,28,62
2024-04-30,S04,SEED-0096,96,23,121
2024-04-30,S05,SEED-0096,54,28,112
2024-04-30,S06,SEED-0096,167,23,116
2024-04-30,S01,FEED-0097,56,6,91
2024-04-30,S02,FEED-0097,139,38,178
2024-04-30,S03,FEED-0097,150,32,181
2024-04-30,S04,FEED-0097,51,32,186
2024-04-30,S05,FEED-0097,25,21,171
2024-04-30,S06,FEED-0097,38,11,61
2024-04-30,S01,SEED-0098,85,8,113
2024-04-30,S03,SEED-0098,77,40,114
2024-04-30,S04,SEED-0098,28,10,154
2024-04-30,S05,SEED-0098,76,27,113
2024-04-30,S01,LUBE-0099,66,23,89
2024-04-30,S03,LUBE-0099,78,13,110
2024-04-30,S05,LUBE-0099,81,36,188
2024-04-30,S06,LUBE-0099,109,28,172
2024-04-30,S01,SEED-0100,79,8,80
2024-04-30,S02,SEED-0100,64,27,104
2024-04-30,S04,SEED-0100,68,23,132
2024-04-30,S05,SEED-0100,64,17,105
2024-04-30,S06,SEED-0100,48,30,185
2024-04-30,S02,FUEL-0101,46,6,109
2024-04-30,S03,FUEL-0101,61,40,133
2024-04-30,S04,FUEL-0101,152,33,184
2024-04-30,S06,FUEL-0101,39,20,95
2024-04-30,S01,FEED-0102,39,8,76
2024-04-30,S02,FEED-0102,20,25,134
2024-04-30,S03,FEED-0102,124,35,139
2024-04-30,S04,FEED-0102,20,33,178
2024-04-30,S05,FEED-0102,95,38,179
2024-04-30,S01,HDWR-0103,71,10,97
2024-04-30,S02,HDWR-0103,43,25,89
2024-04-30,S03,HDWR-0103,34,9,68
2024-04-30,S04,HDWR-0103,42,19,134
2024-04-30,S05,HDWR-0103,19,8,60
2024-04-30,S06,HDWR-0103,48,32,97
2024-04-30,S01,FEED-0104,156,17,176
2024-04-30,S02,FEED-0104,55,27,131
2024-04-30,S03,FEED-0104,39,36,184
2024-04-30,S04,FEED-0104,31,14,78
2024-04-30,S06,FEED-0104,30,12,47
2024-04-30,S02,TIRE-0105,79,31,167
2024-04-30,S03,TIRE-0105,58,30,106
2024-04-30,S01,FEED-0106,107,7,138
2024-04-30,S02,FEED-0106,169,5,165
2024-04-30,S03,FEED-0106,107,27,180
2024-04-30,S04,FEED-0106,42,22,92
2024-04-30,S05,FEED-0106,46,23,153
2024-04-30,S06,FEED-0106,75,13,119
2024-04-30,S02,HDWR-0107,55,12,158
2024-04-30,S04,HDWR-0107,53,26,72
2024-04-30,S05,HDWR-0107,81,18,108
2024-04-30,S01,SEED-0108,68,34,159
2024-04-30,S02,SEED-0108,22,18,112
2024-04-30,S03,SEED-0108,99,13,142
2024-04-30,S04,SEED-0108,30,35,147
2024-04-30,S06,SEED-0108,45,5,111
2024-04-30,S01,FUEL-0109,23,21,51
2024-04-30,S02,FUEL-0109,42,35,84
2024-04-30,S04,FUEL-0109,37,31,82
2024-04-30,S05,FUEL-0109,177,7,160
2024-04-30,S06,FUEL-0109,0,31,188
2024-04-30,S01,HDWR-0110,153,22,173
2024-04-30,S02,HDWR-0110,160,10,157
2024-04-30,S04,HDWR-0110,46,23,111
2024-04-30,S05,HDWR-0110,51,20,62
2024-04-30,S03,SEED-0111,75,28,94
2024-04-30,S04,SEED-0111,75,29,184
2024-04-30,S06,SEED-0111,60,35,88
2024-04-30,S02,LUBE-0112,25,24,172
2024-04-30,S03,LUBE-0112,89,22,158
2024-04-30,S05,LUBE-0112,0,10,106
2024-04-30,S06,LUBE-0112,68,18,151
2024-04-30,S01,HDWR-0113,51,30,105
2024-04-30,S02,HDWR-0113,65,33,148
2024-04-30,S04,HDWR-0113,81,7,118
2024-04-30,S06,HDWR-0113,124,26,156
2024-04-30,S01,SEED-0114,44,8,138
2024-04-30,S04,SEED-0114,51,8,129
2024-04-30,S06,SEED-0114,29,8,114
2024-04-30,S01,FEED-0115,91,37,94
2024-04-30,S02,FEED-0115,137,17,168
2024-04-30,S03,FEED-0115,70,20,156
2024-04-30,S04,FEED-0115,86,15,126
2024-04-30,S05,FEED-0115,58,39,169
2024-04-30,S01,FEED-0116,62,38,77
2024-04-30,S02,FEED-0116,35,16,144
2024-04-30,S05,FEED-0116,41,35,67
2024-04-30,S03,FUEL-0117,80,11,95
2024-04-30,S04,FUEL-0117,79,35,132
2024-04-30,S05,FUEL-0117,38,15,61
2024-04-30,S06,FUEL-0117,75,23,72
2024-04-30,S01,SEED-0118,50,35,86
2024-04-30,S02,SEED-0118,36,38,136
2024-04-30,S04,SEED-0118,48,28,74
2024-04-30,S05,SEED-0118,39,10,161
2024-04-30,S06,SEED-0118,64,28,144
2024-04-30,S02,TIRE-0119,61,13,125
2024-04-30,S03,TIRE-0119,104,6,147
2024-04-30,S06,TIRE-0119,107,16,103
2024-04-30,S01,LUBE-0120,37,27,93
2024-04-30,S02,LUBE-0120,61,11,136
2024-04-30,S03,LUBE-0120,93,17,136
2024-04-30,S04,LUBE-0120,41,36,106
2024-04-30,S05,LUBE-0120,98,24,181
2024-04-30,S06,LUBE-0120,118,7,153
2024-05-31,S01,LUBE-0001,87,38,130
2024-05-31,S02,LUBE-0001,103,40,160
2024-05-31,S03,LUBE-0001,43,8,50
2024-05-31,S04,LUBE-0001,65,24,143
2024-05-31,S05,LUBE-0001,45,26,84
2024-05-31,S02,LUBE-0002,75,40,177
2024-05-31,S03,LUBE-0002,83,36,132
2024-05-31,S04,LUBE-0002,152,33,172
2024-05-31,S05,LUBE-0002,57,29,134
2024-05-31,S06,LUBE-0002,92,19,125
2024-05-31,S01,FEED-0003,81,33,133
2024-05-31,S03,FEED-0003,24,14,83
2024-05-31,S04,FEED-0003,34,32,105
2024-05-31,S03,SEED-0004,81,36,128
2024-05-31,S02,TIRE-0005,63,5,116
2024-05-31,S03,TIRE-0005,48,31,67
2024-05-31,S04,TIRE-0005,51,32,103
2024-05-31,S05,TIRE-0005,86,36,181
2024-05-31,S01,HDWR-0006,29,29,63
2024-05-31,S02,HDWR-0006,25,12,65
2024-05-31,S03,HDWR-0006,137,24,178
2024-05-31,S04,HDWR-0006,84,18,160
2024-05-31,S05,HDWR-0006,26,38,157
2024-05-31,S06,HDWR-0006,76,27,149
2024-05-31,S01,SEED-0007,57,20,78
2024-05-31,S04,SEED-0007,31,29,75
2024-05-31,S05,SEED-0007,93,20,131
2024-05-31,S06,SEED-0007,120,35,136
2024-05-31,S02,TIRE-0008,46,10,76
2024-05-31,S03,TIRE-0008,125,28,156
2024-05-31,S04,TIRE-0008,59,9,59
2024-05-31,S05,TIRE-0008,64,35,150
2024-05-31,S06,TIRE-0008,94,39,125
2024-05-31,S01,TIRE-0009,35,6,51
2024-05-31,S05,TIRE-0009,49,33,121
2024-05-31,S02,LUBE-0010,97,19,119
2024-05-31,S05,LUBE-0010,74,35,91
2024-05-31,S01,HDWR-0011,71,8,142
2024-05-31,S04,HDWR-0011,43,17,141
2024-05-31,S05,HDWR-0011,47,39,74
2024-05-31,S06,HDWR-0011,126,15,173
2024-05-31,S01,TIRE-0012,156,5,160
2024-05-31,S02,TIRE-0012,0,25,175
2024-05-31,S04,TIRE-0012,72,35,113
2024-05-31,S05,TIRE-0012,147,32,125
2024-05-31,S06,TIRE-0012,104,37,130
2024-05-31,S01,SEED-0013,148,29,164
2024-05-31,S02,SEED-0013,125,36,194
2024-05-31,S03,SEED-0013,46,26,58
2024-05-31,S04,SEED-0013,18,23,124
2024-05-31,S05,SEED-0013,60,7,150
2024-05-31,S01,FEED-0014,9,6,56
2024-05-31,S03,FEED-0014,51,19,95
2024-05-31,S04,FEED-0014,55,33,103
2024-05-31,S06,FEED-0014,22,6,121
2024-05-31,S01,FUEL-0015,56,32,189
2024-05-31,S03,FUEL-0015,20,25,107
2024-05-31,S04,FUEL-0015,45,33,105
2024-05-31,S06,FUEL-0015,61,40,93
2024-05-31,S01,FEED-0016,49,40,187
2024-05-31,S02,FEED-0016,95,37,195
2024-05-31,S03,FEED-0016,43,17,47
2024-05-31,S04,FEED-0016,55,30,146
2024-05-31,S05,FEED-0016,48,18,142
2024-05-31,S01,FUEL-0017,87,6,125
2024-05-31,S03,FUEL-0017,79,33,109
2024-05-31,S01,HDWR-0018,110,20,165
2024-05-31,S03,HDWR-0018,24,38,153
2024-05-31,S05,HDWR-0018,123,40,109
2024-05-31,S06,HDWR-0018,134,15,124
2024-05-31,S02,FUEL-0019,143,35,126
2024-05-31,S03,FUEL-0019,70,7,132
2024-05-31,S04,FUEL-0019,10,7,141
2024-05-31,S05,FUEL-0019,51,32,93
2024-05-31,S06,FUEL-0019,27,15,95
2024-05-31,S01,SEED-0020,62,7,139
2024-05-31,S02,SEED-0020,47,28,147
2024-05-31,S04,SEED-0020,62,25,129
2024-05-31,S01,TIRE-0021,131,33,186
2024-05-31,S02,TIRE-0021,38,23,63
2024-05-31,S04,TIRE-0021,106,39,197
2024-05-31,S05,TIRE-0021,78,25,138
2024-05-31,S06,TIRE-0021,37,14,98
2024-05-31,S01,HDWR-0022,91,35,103
2024-05-31,S06,HDWR-0022,115,10,134
2024-05-31,S01,FUEL-0023,82,24,116
2024-05-31,S03,FUEL-0023,40,38,98
2024-05-31,S06,FUEL-0023,130,29,170
2024-05-31,S02,TIRE-0024,10,6,106
2024-05-31,S05,TIRE-0024,98,26,133
2024-05-31,S01,FUEL-0025,41,13,76
2024-05-31,S02,FUEL-0025,64,7,135
2024-05-31,S04,FUEL-0025,44,20,135
2024-05-31,S05,FUEL-0025,61,37,77
2024-05-31,S06,FUEL-0025,91,19,149
2024-05-31,S04,LUBE-0026,76,37,91
2024-05-31,S05,LUBE-0026,81,38,124
2024-05-31,S06,LUBE-0026,70,23,100
2024-05-31,S02,LUBE-0027,77,31,163
2024-05-31,S06,LUBE-0027,40,40,74
2024-05-31,S02,FUEL-0028,80,40,176
2024-05-31,S05,FUEL-0028,58,29,87
2024-05-31,S06,FUEL-0028,121,8,166
2024-05-31,S01,FEED-0029,71,5,163
2024-05-31,S02,FEED-0029,192,30,164
2024-05-31,S04,FEED-0029,52,19,124
2024-05-31,S05,FEED-0029,26,11,87
2024-05-31,S03,HDWR-0030,63,14,138
2024-05-31,S04,HDWR-0030,57,12,81
2024-05-31,S06,HDWR-0030,84,37,182
2024-05-31,S01,LUBE-0031,138,15,135
2024-05-31,S02,LUBE-0031,61,24,179
2024-05-31,S06,LUBE-0031,185,37,182
2024-05-31,S01,FEED-0032,125,10,126
2024-05-31,S02,FEED-0032,116,11,149
2024-05-31,S03,FEED-0032,64,10,107
2024-05-31,S04,FEED-0032,135,21,165
2024-05-31,S01,FEED-0033,80,28,105
2024-05-31,S02,FEED-0033,62,23,141
2024-05-31,S03,FEED-0033,45,31,134
2024-05-31,S04,FEED-0033,116,28,123
2024-05-31,S05,FEED-0033,77,12,98
2024-05-31,S06,FEED-0033,54,34,75
2024-05-31,S01,LUBE-0034,44,13,48
2024-05-31,S02,LUBE-0034,46,40,119
2024-05-31,S03,LUBE-0034,86,15,124
2024-05-31,S04,LUBE-0034,184,35,171
2024-05-31,S06,LUBE-0034,95,24,165
2024-05-31,S02,LUBE-0035,40,22,52
2024-05-31,S04,LUBE-0035,33,23,92
2024-05-31,S03,LUBE-0036,74,32,101
2024-05-31,S06,LUBE-0036,41,27,75
2024-05-31,S01,LUBE-0037,136,27,126
2024-05-31,S02,LUBE-0037,46,14,167
2024-05-31,S04,LUBE-0037,77,39,197
2024-05-31,S06,LUBE-0037,22,16,49
2024-05-31,S01,HDWR-0038,65,35,83
2024-05-31,S03,HDWR-0038,72,16,100
2024-05-31,S04,HDWR-0038,77,11,104
2024-05-31,S05,HDWR-0038,75,20,89
2024-05-31,S06,HDWR-0038,12,13,157
2024-05-31,S01,LUBE-0039,109,32,147
2024-05-31,S02,LUBE-0039,33,37,98
2024-05-31,S03,LUBE-0039,66,39,183
2024-05-31,S04,LUBE-0039,69,34,139
2024-05-31,S05,LUBE-0039,53,22,101
2024-05-31,S06,LUBE-0039,20,17,153
2024-05-31,S01,FEED-0040,101,30,164
2024-05-31,S02,FEED-0040,68,5,119
2024-05-31,S03,FEED-0040,118,37,120
2024-05-31,S04,FEED-0040,57,7,85
2024-05-31,S05,FEED-0040,50,18,75
2024-05-31,S06,FEED-0040,63,5,122
2024-05-31,S02,SEED-0041,65,19,97
2024-05-31,S04,SEED-0041,37,11,45
2024-05-31,S05,SEED-0041,54,5,75
2024-05-31,S04,SEED-0042,113,37,160
2024-05-31,S05,SEED-0042,91,20,173
2024-05-31,S06,SEED-0042,40,11,133
2024-05-31,S03,HDWR-0043,72,6,132
2024-05-31,S04,HDWR-0043,54,5,163
2024-05-31,S05,HDWR-0043,54,27,72
2024-05-31,S03,FEED-0044,28,16,82
2024-05-31,S04,FEED-0044,97,13,80
2024-05-31,S05,FEED-0044,38,26,82
2024-05-31,S06,FEED-0044,41,32,87
2024-05-31,S01,TIRE-0045,116,20,136
2024-05-31,S03,TIRE-0045,36,7,56
2024-05-31,S05,TIRE-0045,38,36,70
2024-05-31,S06,TIRE-0045,41,9,48
2024-05-31,S01,FUEL-0046,135,35,155
2024-05-31,S02,FUEL-0046,188,31,156
2024-05-31,S04,FUEL-0046,59,31,84
2024-05-31,S05,FUEL-0046,19,15,74
2024-05-31,S01,HDWR-0047,110,19,169
2024-05-31,S02,HDWR-0047,58,34,85
2024-05-31,S03,HDWR-0047,34,17,51
2024-05-31,S04,HDWR-0047,33,14,50
2024-05-31,S05,HDWR-0047,125,26,156
2024-05-31,S06,HDWR-0047,121,16,118
2024-05-31,S01,LUBE-0048,125,37,150
2024-05-31,S02,LUBE-0048,58,39,112
2024-05-31,S03,FUEL-0049,72,18,92
2024-05-31,S04,FUEL-0049,98,25,120
2024-05-31,S01,LUBE-0050,0,20,125
2024-05-31,S03,LUBE-0050,109,37,169
2024-05-31,S04,LUBE-0050,66,28,126
2024-05-31,S05,LUBE-0050,68,16,115
2024-05-31,S06,LUBE-0050,33,18,150
2024-05-31,S01,FUEL-0051,122,35,154
2024-05-31,S02,FUEL-0051,40,28,62
2024-05-31,S03,FUEL-0051,231,39,195
2024-05-31,S04,FUEL-0051,81,5,162
2024-05-31,S05,FUEL-0051,0,8,86
2024-05-31,S01,HDWR-0052,43,11,60
2024-05-31,S02,HDWR-0052,35,37,67
2024-05-31,S06,HDWR-0052,97,31,168
2024-05-31,S02,HDWR-0053,63,10,91
2024-05-31,S03,HDWR-0053,103,18,131
2024-05-31,S04,HDWR-0053,156,16,144
2024-05-31,S06,HDWR-0053,72,9,138
2024-05-31,S01,FEED-0054,47,19,108
2024-05-31,S05,FEED-0054,60,14,92
2024-05-31,S01,SEED-0055,86,23,134
2024-05-31,S02,SEED-0055,38,21,62
2024-05-31,S03,SEED-0055,51,28,65
2024-05-31,S04,SEED-0055,29,5,36
2024-05-31,S06,SEED-0055,22,19,140
2024-05-31,S02,SEED-0056,66,19,142
2024-05-31,S03,SEED-0056,70,20,142
2024-05-31,S06,SEED-0056,28,6,74
2024-05-31,S01,FEED-0057,16,29,181
2024-05-31,S02,FEED-0057,11,8,139
2024-05-31,S01,HDWR-0058,144,33,176
2024-05-31,S03,HDWR-0058,21,7,131
2024-05-31,S06,HDWR-0058,103,36,155
2024-05-31,S02,HDWR-0059,155,25,173
2024-05-31,S03,HDWR-0059,59,38,97
2024-05-31,S04,HDWR-0059,153,40,133
2024-05-31,S06,HDWR-0059,57,10,57
2024-05-31,S02,HDWR-0060,35,12,82
2024-05-31,S04,HDWR-0060,171,24,160
2024-05-31,S05,HDWR-0060,0,9,91
2024-05-31,S06,HDWR-0060,61,21,74
2024-05-31,S01,TIRE-0061,39,5,139
2024-05-31,S02,TIRE-0061,53,25,68
2024-05-31,S03,TIRE-0061,50,35,66
2024-05-31,S05,TIRE-0061,93,10,166
2024-05-31,S06,TIRE-0061,106,10,158
2024-05-31,S01,SEED-0062,38,7,66
2024-05-31,S01,SEED-0063,142,10,156
2024-05-31,S02,SEED-0063,183,35,162
2024-05-31,S03,SEED-0063,91,32,128
2024-05-31,S05,SEED-0063,77,25,129
2024-05-31,S06,SEED-0063,44,30,74
2024-05-31,S01,TIRE-0064,0,14,118
2024-05-31,S03,TIRE-0064,57,22,104
2024-05-31,S05,TIRE-0064,70,9,70
2024-05-31,S01,LUBE-0065,32,25,129
2024-05-31,S03,LUBE-0065,26,38,105
2024-05-31,S05,LUBE-0065,152,8,146
2024-05-31,S03,FUEL-0066,31,21,153
2024-05-31,S05,FUEL-0066,42,27,82
2024-05-31,S02,HDWR-0067,61,30,141
2024-05-31,S04,HDWR-0067,60,36,139
2024-05-31,S05,HDWR-0067,53,19,74
2024-05-31,S06,HDWR-0067,86,22,132
2024-05-31,S02,LUBE-0068,38,11,65
2024-05-31,S03,LUBE-0068,208,18,169
2024-05-31,S06,LUBE-0068,68,32,123
2024-05-31,S01,FUEL-0069,0,5,162
2024-05-31,S03,FUEL-0069,68,32,144
2024-05-31,S04,FUEL-0069,70,29,72
2024-05-31,S05,FUEL-0069,93,5,105
2024-05-31,S01,FEED-0070,8,22,124
2024-05-31,S05,FEED-0070,85,35,128
2024-05-31,S06,FEED-0070,65,35,73
2024-05-31,S01,SEED-0071,98,14,136
2024-05-31,S02,SEED-0071,98,9,162
2024-05-31,S05,SEED-0071,42,35,69
2024-05-31,S01,FUEL-0072,59,38,151
2024-05-31,S02,FUEL-0072,29,22,56
2024-05-31,S03,FUEL-0072,43,27,100
2024-05-31,S04,FUEL-0072,41,27,65
2024-05-31,S05,FUEL-0072,41,35,104
2024-05-31,S06,FUEL-0072,77,14,143
2024-05-31,S01,TIRE-0073,141,8,139
2024-05-31,S02,TIRE-0073,48,16,119
2024-05-31,S04,TIRE-0073,8,11,64
2024-05-31,S06,TIRE-0073,38,29,104
2024-05-31,S01,FEED-0074,40,37,73
2024-05-31,S02,FEED-0074,69,8,138
2024-05-31,S03,FEED-0074,43,17,69
2024-05-31,S04,FEED-0074,57,12,159
2024-05-31,S05,FEED-0074,67,26,91
2024-05-31,S06,FEED-0074,45,15,98
2024-05-31,S04,FEED-0075,132,13,131
2024-05-31,S05,FEED-0075,97,38,156
2024-05-31,S06,FEED-0075,34,32,93
2024-05-31,S01,TIRE-0076,59,21,74
2024-05-31,S03,TIRE-0076,127,36,192
2024-05-31,S04,TIRE-0076,128,19,174
2024-05-31,S05,TIRE-0076,36,16,71
2024-05-31,S01,TIRE-0077,25,16,54
2024-05-31,S02,TIRE-0077,93,20,173
2024-05-31,S03,TIRE-0077,93,9,112
2024-05-31,S06,TIRE-0077,36,26,90
2024-05-31,S02,SEED-0078,0,5,128
2024-05-31,S03,SEED-0078,24,40,195
2024-05-31,S04,SEED-0078,87,19,150
2024-05-31,S06,SEED-0078,52,36,119
2024-05-31,S02,FUEL-0079,90,11,149
2024-05-31,S03,FUEL-0079,32,9,71
2024-05-31,S06,FUEL-0079,48,9,100
2024-05-31,S01,FUEL-0080,53,8,65
2024-05-31,S02,FUEL-0080,48,7,82
2024-05-31,S03,FUEL-0080,141,30,131
2024-05-31,S04,FUEL-0080,34,11,84
2024-05-31,S06,FUEL-0080,53,13,89
2024-05-31,S02,FEED-0081,98,20,132
2024-05-31,S03,FEED-0081,81,35,80
2024-05-31,S04,FEED-0081,48,24,107
2024-05-31,S05,FEED-0081,0,11,104
2024-05-31,S06,FEED-0081,128,40,182
2024-05-31,S01,SEED-0082,74,18,170
2024-05-31,S02,SEED-0082,65,12,150
2024-05-31,S03,SEED-0082,102,40,117
2024-05-31,S04,SEED-0082,143,18,162
2024-05-31,S02,HDWR-0083,86,39,146
2024-05-31,S03,HDWR-0083,48,20,50
2024-05-31,S05,HDWR-0083,64,33,122
2024-05-31,S06,HDWR-0083,53,33,78
2024-05-31,S01,TIRE-0084,128,22,153
2024-05-31,S04,TIRE-0084,39,5,38
2024-05-31,S01,FEED-0085,97,37,100
2024-05-31,S02,FEED-0085,5,11,72
2024-05-31,S03,FEED-0085,5,6,81
2024-05-31,S04,FEED-0085,37,25,69
2024-05-31,S05,FEED-0085,18,13,114
2024-05-31,S06,FEED-0085,76,15,132
2024-05-31,S01,TIRE-0086,0,27,113
2024-05-31,S02,TIRE-0086,63,23,78
2024-05-31,S04,TIRE-0086,61,20,105
2024-05-31,S06,TIRE-0086,42,36,81
2024-05-31,S01,TIRE-0087,73,30,114
2024-05-31,S03,TIRE-0087,45,9,149
2024-05-31,S04,TIRE-0087,54,11,126
2024-05-31,S05,TIRE-0087,93,36,118
2024-05-31,S06,TIRE-0087,55,17,112
2024-05-31,S01,HDWR-0088,50,9,158
2024-05-31,S03,HDWR-0088,90,36,120
2024-05-31,S04,HDWR-0088,35,13,56
2024-05-31,S05,HDWR-0088,72,23,147
2024-05-31,S04,TIRE-0089,54,24,86
2024-05-31,S06,TIRE-0089,118,35,127
2024-05-31,S01,LUBE-0090,152,8,146
2024-05-31,S02,LUBE-0090,18,13,49
2024-05-31,S03,LUBE-0090,99,33,93
2024-05-31,S05,LUBE-0090,23,15,53
2024-05-31,S06,LUBE-0090,27,6,95
2024-05-31,S02,FUEL-0091,52,25,57
2024-05-31,S03,FUEL-0091,60,31,128
2024-05-31,S05,FUEL-0091,66,33,83
2024-05-31,S02,LUBE-0092,28,21,65
2024-05-31,S03,LUBE-0092,91,28,79
2024-05-31,S04,LUBE-0092,76,25,162
2024-05-31,S05,LUBE-0092,31,22,54
2024-05-31,S01,HDWR-0093,82,36,146
2024-05-31,S02,HDWR-0093,42,20,59
2024-05-31,S05,HDWR-0093,41,24,62
2024-05-31,S01,HDWR-0094,66,8,137
2024-05-31,S04,HDWR-0094,86,32,153
2024-05-31,S01,FEED-0095,27,5,45
2024-05-31,S03,FEED-0095,68,27,121
2024-05-31,S04,FEED-0095,50,29,113
2024-05-31,S05,FEED-0095,124,27,100
2024-05-31,S06,FEED-0095,100,6,108
2024-05-31,S01,SEED-0096,86,23,154
2024-05-31,S02,SEED-0096,78,25,168
2024-05-31,S05,SEED-0096,54,26,76
2024-05-31,S01,FEED-0097,48,15,72
2024-05-31,S03,FEED-0097,19,8,68
2024-05-31,S04,FEED-0097,41,26,61
2024-05-31,S05,FEED-0097,64,33,81
2024-05-31,S06,FEED-0097,28,21,69
2024-05-31,S01,SEED-0098,51,35,164
2024-05-31,S02,SEED-0098,20,11,51
2024-05-31,S03,SEED-0098,0,15,108
2024-05-31,S05,SEED-0098,63,35,79
2024-05-31,S06,SEED-0098,149,31,191
2024-05-31,S03,LUBE-0099,27,31,133
2024-05-31,S04,LUBE-0099,120,16,110
2024-05-31,S05,LUBE-0099,78,10,98
2024-05-31,S02,SEED-0100,184,20,163
2024-05-31,S03,SEED-0100,81,22,123
2024-05-31,S04,SEED-0100,0,15,162
2024-05-31,S05,SEED-0100,48,25,78
2024-05-31,S06,SEED-0100,64,38,146
2024-05-31,S03,FUEL-0101,132,29,145
2024-05-31,S05,FUEL-0101,10,14,118
2024-05-31,S06,FUEL-0101,45,37,193
2024-05-31,S01,FEED-0102,69,20,172
2024-05-31,S02,FEED-0102,132,35,172
2024-05-31,S03,FEED-0102,0,18,163
2024-05-31,S04,FEED-0102,68,25,118
2024-05-31,S01,HDWR-0103,106,12,150
2024-05-31,S03,HDWR-0103,26,33,141
2024-05-31,S04,HDWR-0103,61,30,74
2024-05-31,S05,HDWR-0103,5,10,70
2024-05-31,S01,FEED-0104,22,13,130
2024-05-31,S02,FEED-0104,10,18,76
2024-05-31,S03,FEED-0104,90,5,125
2024-05-31,S04,FEED-0104,80,33,144
2024-05-31,S05,FEED-0104,71,32,116
2024-05-31,S06,FEED-0104,149,31,185
2024-05-31,S02,TIRE-0105,68,35,93
2024-05-31,S04,TIRE-0105,123,33,182
2024-05-31,S05,TIRE-0105,29,6,57
2024-05-31,S06,TIRE-0105,64,23,118
2024-05-31,S01,FEED-0106,88,39,151
2024-05-31,S02,FEED-0106,10,25,88
2024-05-31,S05,FEED-0106,164,40,138
2024-05-31,S06,FEED-0106,27,26,177
2024-05-31,S01,HDWR-0107,105,31,114
2024-05-31,S06,HDWR-0107,69,26,62
2024-05-31,S01,SEED-0108,77,5,150
2024-05-31,S03,SEED-0108,34,35,98
2024-05-31,S04,SEED-0108,87,35,164
2024-05-31,S05,SEED-0108,192,37,194
2024-05-31,S06,SEED-0108,70,22,92
2024-05-31,S01,FUEL-0109,143,32,165
2024-05-31,S02,FUEL-0109,59,39,76
2024-05-31,S03,FUEL-0109,0,16,164
2024-05-31,S06,FUEL-0109,84,23,103
2024-05-31,S01,HDWR-0110,48,7,51
2024-05-31,S02,HDWR-0110,65,11,151
2024-05-31,S03,HDWR-0110,153,35,191
2024-05-31,S04,HDWR-0110,36,13,114
2024-05-31,S05,HDWR-0110,70,31,134
2024-05-31,S02,SEED-0111,41,26,61
2024-05-31,S03,SEED-0111,63,35,109
2024-05-31,S05,SEED-0111,89,9,128
2024-05-31,S06,SEED-0111,39,35,80
2024-05-31,S02,LUBE-0112,26,7,42
2024-05-31,S03,LUBE-0112,60,17,102
2024-05-31,S04,LUBE-0112,2,6,72
2024-05-31,S06,LUBE-0112,106,24,113
2024-05-31,S01,HDWR-0113,155,16,117
2024-05-31,S02,HDWR-0113,34,11,41
2024-05-31,S03,HDWR-0113,67,27,87
2024-05-31,S05,HDWR-0113,103,24,161
2024-05-31,S03,SEED-0114,54,11,108
2024-05-31,S04,SEED-0114,100,27,146
2024-05-31,S06,SEED-0114,45,19,64
2024-05-31,S01,FEED-0115,70,29,169
2024-05-31,S04,FEED-0115,28,23,101
2024-05-31,S05,FEED-0115,31,18,171
2024-05-31,S06,FEED-0115,94,23,93
2024-05-31,S01,FEED-0116,91,24,152
2024-05-31,S03,FEED-0116,69,25,68
2024-05-31,S04,FEED-0116,62,5,80
2024-05-31,S06,FEED-0116,52,34,116
2024-05-31,S01,FUEL-0117,29,30,100
2024-05-31,S04,FUEL-0117,128,14,115
2024-05-31,S05,FUEL-0117,105,24,184
2024-05-31,S06,FUEL-0117,169,40,188
2024-05-31,S01,SEED-0118,75,36,127
2024-05-31,S02,SEED-0118,12,22,72
2024-05-31,S03,SEED-0118,56,38,179
2024-05-31,S04,SEED-0118,117,36,164
2024-05-31,S05,SEED-0118,27,10,53
2024-05-31,S06,SEED-0118,121,15,141
2024-05-31,S01,TIRE-0119,109,29,139
2024-05-31,S05,TIRE-0119,74,8,74
2024-05-31,S03,LUBE-0120,52,34,90
2024-05-31,S04,LUBE-0120,61,22,115
2024-05-31,S05,LUBE-0120,197,20,166
2024-05-31,S06,LUBE-0120,74,33,88
2024-06-30,S02,LUBE-0001,130,27,138
2024-06-30,S03,LUBE-0001,38,9,59
2024-06-30,S02,LUBE-0002,53,19,72
2024-06-30,S03,LUBE-0002,31,9,157
2024-06-30,S06,LUBE-0002,85,33,155
2024-06-30,S01,FEED-0003,35,19,50
2024-06-30,S04,FEED-0003,55,33,117
2024-06-30,S05,FEED-0003,36,7,58
2024-06-30,S06,FEED-0003,9,5,60
2024-06-30,S01,SEED-0004,18,31,101
2024-06-30,S03,SEED-0004,87,40,110
2024-06-30,S04,SEED-0004,34,21,54
2024-06-30,S05,SEED-0004,59,31,80
2024-06-30,S01,TIRE-0005,140,32,165
2024-06-30,S03,TIRE-0005,63,25,76
2024-06-30,S05,TIRE-0005,90,22,172
2024-06-30,S01,HDWR-0006,36,6,44
2024-06-30,S01,SEED-0007,49,31,75
2024-06-30,S02,SEED-0007,16,14,167
2024-06-30,S03,SEED-0007,150,22,178
2024-06-30,S04,SEED-0007,138,32,168
2024-06-30,S05,SEED-0007,100,26,152
2024-06-30,S01,TIRE-0008,68,5,104
2024-06-30,S02,TIRE-0008,104,8,137
2024-06-30,S03,TIRE-0008,78,21,179
2024-06-30,S04,TIRE-0008,103,36,152
2024-06-30,S05,TIRE-0008,18,11,81
2024-06-30,S06,TIRE-0008,51,24,78
2024-06-30,S01,TIRE-0009,59,28,63
2024-06-30,S02,TIRE-0009,69,26,146
2024-06-30,S03,TIRE-0009,11,7,80
2024-06-30,S04,TIRE-0009,58,25,66
2024-06-30,S06,TIRE-0009,86,10,116
2024-06-30,S02,LUBE-0010,44,21,88
2024-06-30,S03,LUBE-0010,49,36,70
2024-06-30,S02,HDWR-0011,101,37,173
2024-06-30,S03,HDWR-0011,0,16,151
2024-06-30,S04,HDWR-0011,51,33,74
2024-06-30,S01,TIRE-0012,55,37,96
2024-06-30,S02,TIRE-0012,179,33,160
2024-06-30,S03,TIRE-0012,72,10,152
2024-06-30,S04,TIRE-0012,56,21,107
2024-06-30,S05,TIRE-0012,61,35,104
2024-06-30,S06,TIRE-0012,71,34,164
2024-06-30,S01,SEED-0013,29,11,53
2024-06-30,S02,SEED-0013,83,10,122
2024-06-30,S04,SEED-0013,66,32,65
2024-06-30,S05,SEED-0013,36,12,43
2024-06-30,S01,FEED-0014,93,35,129
2024-06-30,S02,FEED-0014,139,34,175
2024-06-30,S04,FEED-0014,128,35,188
2024-06-30,S05,FEED-0014,21,10,80
2024-06-30,S06,FEED-0014,42,16,105
2024-06-30,S03,FUEL-0015,79,14,72
2024-06-30,S04,FUEL-0015,69,33,108
2024-06-30,S05,FUEL-0015,21,17,155
2024-06-30,S06,FUEL-0015,86,34,135
2024-06-30,S01,FEED-0016,39,11,84
2024-06-30,S02,FEED-0016,6,7,125
2024-06-30,S03,FEED-0016,55,34,164
2024-06-30,S04,FEED-0016,72,39,76
2024-06-30,S06,FEED-0016,47,13,58
2024-06-30,S01,FUEL-0017,56,31,85
2024-06-30,S02,FUEL-0017,0,14,135
2024-06-30,S03,FUEL-0017,49,7,54
2024-06-30,S06,FUEL-0017,12,20,167
2024-06-30,S02,HDWR-0018,127,26,146
2024-06-30,S04,HDWR-0018,38,29,78
2024-06-30,S05,HDWR-0018,87,31,99
2024-06-30,S06,HDWR-0018,87,27,158
2024-06-30,S01,FUEL-0019,89,17,145
2024-06-30,S02,FUEL-0019,71,20,146
2024-06-30,S03,FUEL-0019,61,17,83
2024-06-30,S05,FUEL-0019,30,28,69
2024-06-30,S06,FUEL-0019,64,6,135
2024-06-30,S01,SEED-0020,71,34,116
2024-06-30,S02,SEED-0020,200,40,197
2024-06-30,S03,SEED-0020,35,17,120
2024-06-30,S04,SEED-0020,19,8,51
2024-06-30,S02,TIRE-0021,40,20,109
2024-06-30,S03,TIRE-0021,33,5,105
2024-06-30,S04,TIRE-0021,49,31,61
2024-06-30,S05,TIRE-0021,42,36,75
2024-06-30,S06,TIRE-0021,138,20,170
2024-06-30,S01,HDWR-0022,41,5,107
2024-06-30,S02,HDWR-0022,133,25,117
2024-06-30,S04,HDWR-0022,52,13,168
2024-06-30,S06,HDWR-0022,38,21,145
2024-06-30,S03,FUEL-0023,122,8,120
2024-06-30,S04,FUEL-0023,36,12,125
2024-06-30,S05,FUEL-0023,3,26,132
2024-06-30,S06,FUEL-0023,64,5,107
2024-06-30,S03,TIRE-0024,30,37,109
2024-06-30,S04,TIRE-0024,81,27,137
2024-06-30,S01,FUEL-0025,170,39,161
2024-06-30,S02,FUEL-0025,73,12,90
2024-06-30,S06,FUEL-0025,30,40,200
2024-06-30,S01,LUBE-0026,77,5,127
2024-06-30,S03,LUBE-0026,67,12,110
2024-06-30,S04,LUBE-0026,53,23,79
2024-06-30,S06,LUBE-0026,76,5,161
2024-06-30,S01,LUBE-0027,87,28,75
2024-06-30,S03,LUBE-0027,65,18,103
2024-06-30,S04,LUBE-0027,54,14,141
2024-06-30,S05,LUBE-0027,101,21,165
2024-06-30,S06,LUBE-0027,66,7,75
2024-06-30,S01,FUEL-0028,35,16,98
2024-06-30,S03,FUEL-0028,43,31,72
2024-06-30,S04,FUEL-0028,100,14,121
2024-06-30,S01,FEED-0029,5,10,75
2024-06-30,S02,FEED-0029,32,39,86
2024-06-30,S03,FEED-0029,39,23,101
2024-06-30,S04,FEED-0029,45,18,157
2024-06-30,S01,HDWR-0030,117,25,126
2024-06-30,S02,HDWR-0030,38,31,91
2024-06-30,S03,HDWR-0030,106,11,116
2024-06-30,S04,HDWR-0030,21,19,76
2024-06-30,S05,HDWR-0030,66,31,119
2024-06-30,S01,LUBE-0031,43,7,69
2024-06-30,S02,LUBE-0031,86,18,109
2024-06-30,S03,LUBE-0031,114,38,129
2024-06-30,S01,FEED-0032,132,14,170
2024-06-30,S04,FEED-0032,135,20,161
2024-06-30,S01,FEED-0033,58,14,143
2024-06-30,S05,FEED-0033,116,31,170
2024-06-30,S06,FEED-0033,105,36,115
2024-06-30,S01,LUBE-0034,87,40,107
2024-06-30,S03,LUBE-0034,94,10,83
2024-06-30,S05,LUBE-0034,145,34,156
2024-06-30,S06,LUBE-0034,34,11,41
2024-06-30,S01,LUBE-0035,43,31,109
2024-06-30,S02,LUBE-0035,132,16,175
2024-06-30,S03,LUBE-0035,20,9,147
2024-06-30,S05,LUBE-0035,90,30,189
2024-06-30,S06,LUBE-0035,67,38,84
2024-06-30,S01,LUBE-0036,49,24,95
2024-06-30,S02,LUBE-0036,60,39,137
2024-06-30,S04,LUBE-0036,121,9,154
2024-06-30,S05,LUBE-0036,104,15,118
2024-06-30,S06,LUBE-0036,57,33,65
2024-06-30,S05,LUBE-0037,86,5,123
2024-06-30,S06,LUBE-0037,47,34,75
2024-06-30,S01,HDWR-0038,79,22,115
2024-06-30,S02,HDWR-0038,142,39,165
2024-06-30,S03,HDWR-0038,55,34,98
2024-06-30,S05,HDWR-0038,60,37,74
2024-06-30,S06,HDWR-0038,88,32,168
2024-06-30,S01,LUBE-0039,118,35,142
2024-06-30,S04,LUBE-0039,60,40,72
2024-06-30,S05,LUBE-0039,53,26,117
2024-06-30,S06,LUBE-0039,72,13,150
2024-06-30,S01,FEED-0040,0,6,109
2024-06-30,S02,FEED-0040,75,10,125
2024-06-30,S03,FEED-0040,30,11,101
2024-06-30,S04,FEED-0040,68,33,114
2024-06-30,S06,FEED-0040,62,35,151
2024-06-30,S01,SEED-0041,18,13,112
2024-06-30,S02,SEED-0041,72,21,114
2024-06-30,S05,SEED-0041,100,15,160
2024-06-30,S06,SEED-0041,182,35,169
2024-06-30,S01,SEED-0042,98,7,116
2024-06-30,S02,SEED-0042,0,22,154
2024-06-30,S06,SEED-0042,114,23,157
2024-06-30,S01,HDWR-0043,110,36,196
2024-06-30,S02,HDWR-0043,67,32,149
2024-06-30,S04,HDWR-0043,41,14,111
2024-06-30,S06,HDWR-0043,116,30,176
2024-06-30,S01,FEED-0044,82,34,105
2024-06-30,S03,FEED-0044,131,35,134
2024-06-30,S05,FEED-0044,56,21,77
2024-06-30,S02,TIRE-0045,59,19,153
2024-06-30,S03,TIRE-0045,24,13,94
2024-06-30,S04,TIRE-0045,128,38,167
2024-06-30,S05,TIRE-0045,148,32,190
2024-06-30,S06,TIRE-0045,184,16,151
2024-06-30,S02,FUEL-0046,13,28,185
2024-06-30,S04,FUEL-0046,110,40,149
2024-06-30,S01,HDWR-0047,144,15,150
2024-06-30,S04,HDWR-0047,53,30,68
2024-06-30,S05,HDWR-0047,86,31,134
2024-06-30,S06,HDWR-0047,134,7,148
2024-06-30,S02,LUBE-0048,31,10,41
2024-06-30,S05,LUBE-0048,62,25,134
2024-06-30,S06,LUBE-0048,38,7,50
2024-06-30,S02,FUEL-0049,137,22,154
2024-06-30,S03,FUEL-0049,86,24,94
2024-06-30,S04,FUEL-0049,84,5,115
2024-06-30,S06,FUEL-0049,180,37,184
2024-06-30,S01,LUBE-0050,2,17,61
2024-06-30,S03,LUBE-0050,93,30,155
2024-06-30,S04,LUBE-0050,78,30,87
2024-06-30,S05,LUBE-0050,57,30,76
2024-06-30,S06,LUBE-0050,71,36,89
2024-06-30,S01,HDWR-0052,146,31,126
2024-06-30,S03,HDWR-0052,38,24,159
2024-06-30,S04,HDWR-0052,77,27,72
2024-06-30,S05,HDWR-0052,28,17,119
2024-06-30,S06,HDWR-0052,35,10,60
2024-06-30,S01,HDWR-0053,3,5,75
2024-06-30,S02,HDWR-0053,91,17,174
2024-06-30,S04,HDWR-0053,177,40,196
2024-06-30,S05,HDWR-0053,36,8,104
2024-06-30,S06,HDWR-0053,117,27,139
2024-06-30,S01,FEED-0054,103,15,103
2024-06-30,S03,FEED-0054,79,30,130
2024-06-30,S04,FEED-0054,80,13,169
2024-06-30,S05,FEED-0054,56,22,127
2024-06-30,S01,SEED-0055,45,14,123
2024-06-30,S03,SEED-0055,80,32,189
2024-06-30,S04,SEED-0055,7,8,113
2024-06-30,S05,SEED-0055,155,35,181
2024-06-30,S06,SEED-0055,151,22,175
2024-06-30,S02,SEED-0056,66,37,121
2024-06-30,S03,SEED-0056,40,5,139
2024-06-30,S04,SEED-0056,41,9,44
2024-06-30,S05,SEED-0056,66,23,97
2024-06-30,S06,SEED-0056,101,15,108
2024-06-30,S04,FEED-0057,130,27,177
2024-06-30,S05,FEED-0057,38,8,84
2024-06-30,S01,HDWR-0058,83,35,87
2024-06-30,S02,HDWR-0058,92,38,134
2024-06-30,S03,HDWR-0058,147,29,148
2024-06-30,S04,HDWR-0058,42,14,101
2024-06-30,S06,HDWR-0058,78,34,70
2024-06-30,S01,HDWR-0059,93,6,142
2024-06-30,S02,HDWR-0059,55,20,134
2024-06-30,S03,HDWR-0059,53,23,114
2024-06-30,S04,HDWR-0059,115,22,135
2024-06-30,S05,HDWR-0059,121,35,118
2024-06-30,S01,HDWR-0060,35,9,64
2024-06-30,S02,HDWR-0060,72,16,146
2024-06-30,S03,HDWR-0060,70,37,87
2024-06-30,S06,HDWR-0060,41,40,199
2024-06-30,S01,TIRE-0061,43,34,77
2024-06-30,S02,TIRE-0061,30,28,65
2024-06-30,S03,TIRE-0061,93,6,138
2024-06-30,S04,TIRE-0061,82,29,114
2024-06-30,S05,TIRE-0061,68,17,80
2024-06-30,S06,TIRE-0061,106,33,102
2024-06-30,S01,SEED-0062,56,8,103
2024-06-30,S02,SEED-0062,0,7,160
2024-06-30,S03,SEED-0062,76,20,162
2024-06-30,S04,SEED-0062,69,38,195
2024-06-30,S05,SEED-0062,88,17,158
2024-06-30,S06,SEED-0062,62,17,146
2024-06-30,S01,SEED-0063,71,28,128
2024-06-30,S03,SEED-0063,146,39,126
2024-06-30,S04,SEED-0063,43,14,86
2024-06-30,S05,SEED-0063,47,14,48
2024-06-30,S06,SEED-0063,119,25,135
2024-06-30,S02,TIRE-0064,158,33,189
2024-06-30,S05,TIRE-0064,69,9,153
2024-06-30,S06,TIRE-0064,45,19,67
2024-06-30,S02,LUBE-0065,41,29,75
2024-06-30,S03,LUBE-0065,70,32,86
2024-06-30,S04,LUBE-0065,28,14,72
2024-06-30,S05,LUBE-0065,34,6,47
2024-06-30,S01,FUEL-0066,154,27,175
2024-06-30,S01,HDWR-0067,98,8,145
2024-06-30,S03,HDWR-0067,155,36,164
2024-06-30,S04,HDWR-0067,51,18,91
2024-06-30,S05,HDWR-0067,35,15,172
2024-06-30,S01,LUBE-0068,91,29,106
2024-06-30,S02,LUBE-0068,163,35,146
2024-06-30,S05,LUBE-0068,64,15,111
2024-06-30,S06,LUBE-0068,45,6,149
2024-06-30,S02,FUEL-0069,85,11,120
2024-06-30,S03,FUEL-0069,38,22,81
2024-06-30,S04,FUEL-0069,58,29,128
2024-06-30,S05,FUEL-0069,101,29,104
2024-06-30,S06,FUEL-0069,111,17,118
2024-06-30,S01,FEED-0070,94,14,170
2024-06-30,S02,FEED-0070,0,9,129
2024-06-30,S03,FEED-0070,114,31,145
2024-06-30,S05,FEED-0070,62,25,83
2024-06-30,S01,SEED-0071,36,6,85
2024-06-30,S03,SEED-0071,88,33,96
2024-06-30,S04,SEED-0071,71,22,123
2024-06-30,S05,SEED-0071,5,28,164
2024-06-30,S06,SEED-0071,149,30,177
2024-06-30,S01,FUEL-0072,30,5,58
2024-06-30,S06,FUEL-0072,78,30,155
2024-06-30,S02,TIRE-0073,32,24,172
2024-06-30,S03,TIRE-0073,148,30,152
2024-06-30,S04,TIRE-0073,28,17,82
2024-06-30,S05,TIRE-0073,23,10,55
2024-06-30,S01,FEED-0074,48,25,60
2024-06-30,S04,FEED-0074,13,24,163
2024-06-30,S05,FEED-0074,37,16,76
2024-06-30,S01,FEED-0075,118,11,137
2024-06-30,S02,FEED-0075,104,26,112
2024-06-30,S04,FEED-0075,0,5,117
2024-06-30,S06,FEED-0075,58,23,95
2024-06-30,S01,TIRE-0076,61,38,85
2024-06-30,S02,TIRE-0076,57,31,99
2024-06-30,S03,TIRE-0076,54,29,87
2024-06-30,S04,TIRE-0076,158,8,160
2024-06-30,S05,TIRE-0076,131,12,143
2024-06-30,S06,TIRE-0076,118,19,159
2024-06-30,S04,TIRE-0077,63,35,178
2024-06-30,S05,TIRE-0077,2,17,73
2024-06-30,S06,TIRE-0077,4,7,136
2024-06-30,S01,SEED-0078,107,40,188
2024-06-30,S04,SEED-0078,109,37,123
2024-06-30,S06,SEED-0078,81,36,145
2024-06-30,S01,FUEL-0079,59,37,196
2024-06-30,S03,FUEL-0079,9,34,153
2024-06-30,S04,FUEL-0079,14,39,179
2024-06-30,S05,FUEL-0079,97,33,127
2024-06-30,S06,FUEL-0079,20,5,44
2024-06-30,S01,FUEL-0080,65,33,79
2024-06-30,S02,FUEL-0080,38,27,61
2024-06-30,S04,FUEL-0080,58,18,146
2024-06-30,S05,FUEL-0080,71,9,122
2024-06-30,S06,FUEL-0080,57,38,84
2024-06-30,S01,FEED-0081,111,16,121
2024-06-30,S02,FEED-0081,131,30,138
2024-06-30,S03,FEED-0081,41,12,103
2024-06-30,S04,FEED-0081,116,31,144
2024-06-30,S05,FEED-0081,51,18,75
2024-06-30,S06,FEED-0081,39,31,121
2024-06-30,S01,SEED-0082,38,12,58
2024-06-30,S02,SEED-0082,57,37,86
2024-06-30,S03,SEED-0082,12,6,42
2024-06-30,S05,SEED-0082,33,8,115
2024-06-30,S06,SEED-0082,80,8,126
2024-06-30,S01,HDWR-0083,52,39,85
2024-06-30,S05,HDWR-0083,53,10,58
2024-06-30,S06,HDWR-0083,99,15,156
2024-06-30,S02,TIRE-0084,36,32,74
2024-06-30,S03,TIRE-0084,85,38,86
2024-06-30,S06,TIRE-0084,45,32,161
2024-06-30,S02,FEED-0085,77,34,102
2024-06-30,S03,FEED-0085,71,31,181
2024-06-30,S05,FEED-0085,54,26,144
2024-06-30,S06,FEED-0085,83,21,173
2024-06-30,S01,TIRE-0086,183,25,178
2024-06-30,S06,TIRE-0086,114,31,84
2024-06-30,S01,TIRE-0087,122,40,181
2024-06-30,S04,TIRE-0087,96,31,128
2024-06-30,S05,TIRE-0087,6,11,110
2024-06-30,S06,TIRE-0087,29,18,94
2024-06-30,S01,HDWR-0088,34,9,48
2024-06-30,S02,HDWR-0088,82,30,119
2024-06-30,S04,HDWR-0088,11,13,80
2024-06-30,S05,HDWR-0088,65,35,79
2024-06-30,S06,HDWR-0088,46,24,96
2024-06-30,S01,TIRE-0089,101,28,152
2024-06-30,S03,TIRE-0089,84,21,97
2024-06-30,S06,TIRE-0089,135,26,178
2024-06-30,S01,LUBE-0090,41,22,77
2024-06-30,S02,LUBE-0090,44,18,140
2024-06-30,S03,LUBE-0090,68,20,90
2024-06-30,S04,LUBE-0090,68,37,122
2024-06-30,S05,LUBE-0090,8,20,80
2024-06-30,S06,LUBE-0090,71,14,100
2024-06-30,S03,FUEL-0091,7,11,93
2024-06-30,S04,FUEL-0091,60,32,145
2024-06-30,S05,FUEL-0091,8,15,46
2024-06-30,S06,FUEL-0091,78,5,142
2024-06-30,S01,LUBE-0092,79,25,138
2024-06-30,S02,LUBE-0092,67,38,111
2024-06-30,S03,LUBE-0092,23,23,63
2024-06-30,S05,LUBE-0092,95,28,146
2024-06-30,S06,LUBE-0092,84,16,94
2024-06-30,S02,HDWR-0093,25,15,137
2024-06-30,S03,HDWR-0093,51,34,119
2024-06-30,S04,HDWR-0093,88,39,103
2024-06-30,S05,HDWR-0093,100,13,150
2024-06-30,S06,HDWR-0093,100,10,144
2024-06-30,S01,HDWR-0094,55,28,63
2024-06-30,S02,HDWR-0094,55,33,69
2024-06-30,S03,HDWR-0094,78,18,124
2024-06-30,S04,HDWR-0094,14,33,185
2024-06-30,S05,HDWR-0094,90,29,189
2024-06-30,S06,HDWR-0094,25,10,100
2024-06-30,S01,FEED-0095,126,39,189
2024-06-30,S02,FEED-0095,72,26,119
2024-06-30,S03,FEED-0095,71,39,88
2024-06-30,S04,FEED-0095,19,19,148
2024-06-30,S05,FEED-0095,81,26,171
2024-06-30,S01,SEED-0096,49,29,128
2024-06-30,S02,SEED-0096,65,26,85
2024-06-30,S03,SEED-0096,66,15,84
2024-06-30,S05,SEED-0096,77,18,119
2024-06-30,S06,SEED-0096,0,13,141
2024-06-30,S02,FEED-0097,26,33,82
2024-06-30,S03,FEED-0097,52,32,113
2024-06-30,S04,FEED-0097,165,21,138
2024-06-30,S05,FEED-0097,108,38,119
2024-06-30,S06,FEED-0097,58,14,80
2024-06-30,S01,SEED-0098,48,29,62
2024-06-30,S04,SEED-0098,64,36,93
2024-06-30,S05,SEED-0098,35,5,127
2024-06-30,S06,SEED-0098,127,26,162
2024-06-30,S02,LUBE-0099,40,24,72
2024-06-30,S05,LUBE-0099,43,39,69
2024-06-30,S06,LUBE-0099,10,38,166
2024-06-30,S01,SEED-0100,89,38,85
2024-06-30,S02,SEED-0100,88,23,97
2024-06-30,S03,SEED-0100,159,18,150
2024-06-30,S04,SEED-0100,100,6,165
2024-06-30,S05,SEED-0100,98,40,199
2024-06-30,S01,FUEL-0101,104,36,100
2024-06-30,S02,FUEL-0101,14,17,91
2024-06-30,S03,FUEL-0101,137,36,172
2024-06-30,S05,FUEL-0101,41,19,67
2024-06-30,S06,FUEL-0101,47,8,115
2024-06-30,S02,FEED-0102,45,20,61
2024-06-30,S03,FEED-0102,0,36,150
2024-06-30,S04,FEED-0102,95,29,125
2024-06-30,S05,FEED-0102,47,7,53
2024-06-30,S06,FEED-0102,41,35,136
2024-06-30,S01,HDWR-0103,52,19,75
2024-06-30,S03,HDWR-0103,95,27,169
2024-06-30,S05,HDWR-0103,45,11,75
2024-06-30,S01,FEED-0104,43,33,67
2024-06-30,S02,FEED-0104,144,36,146
2024-06-30,S03,FEED-0104,81,40,93
2024-06-30,S04,FEED-0104,22,15,51
2024-06-30,S05,FEED-0104,75,6,102
2024-06-30,S06,FEED-0104,107,15,146
2024-06-30,S02,TIRE-0105,20,11,43
2024-06-30,S03,TIRE-0105,24,6,53
2024-06-30,S04,TIRE-0105,106,16,128
2024-06-30,S05,TIRE-0105,63,14,93
2024-06-30,S06,TIRE-0105,34,6,55
2024-06-30,S03,FEED-0106,85,40,93
2024-06-30,S04,FEED-0106,60,24,55
2024-06-30,S06,FEED-0106,85,10,100
2024-06-30,S01,HDWR-0107,0,7,156
2024-06-30,S03,HDWR-0107,87,23,146
2024-06-30,S05,HDWR-0107,37,40,71
2024-06-30,S01,SEED-0108,93,27,115
2024-06-30,S05,SEED-0108,167,16,153
2024-06-30,S01,FUEL-0109,168,22,148
2024-06-30,S02,FUEL-0109,145,36,128
2024-06-30,S03,FUEL-0109,62,26,81
2024-06-30,S05,FUEL-0109,57,6,137
2024-06-30,S06,FUEL-0109,70,14,119
2024-06-30,S01,HDWR-0110,147,35,144
2024-06-30,S03,HDWR-0110,147,31,167
2024-06-30,S01,SEED-0111,52,19,141
2024-06-30,S02,SEED-0111,108,25,184
2024-06-30,S05,SEED-0111,30,24,80
2024-06-30,S06,SEED-0111,50,7,60
2024-06-30,S01,LUBE-0112,63,32,123
2024-06-30,S02,LUBE-0112,31,6,93
2024-06-30,S03,LUBE-0112,28,28,150
2024-06-30,S04,LUBE-0112,83,23,152
2024-06-30,S05,LUBE-0112,84,23,94
2024-06-30,S06,LUBE-0112,47,6,71
2024-06-30,S03,HDWR-0113,35,27,83
2024-06-30,S04,HDWR-0113,38,30,64
2024-06-30,S05,HDWR-0113,90,12,166
2024-06-30,S06,HDWR-0113,41,12,83
2024-06-30,S01,SEED-0114,49,34,185
2024-06-30,S04,SEED-0114,18,15,82
2024-06-30,S05,SEED-0114,143,37,139
2024-06-30,S06,SEED-0114,92,27,165
2024-06-30,S01,FEED-0115,125,40,197
2024-06-30,S04,FEED-0115,86,40,194
2024-06-30,S02,FEED-0116,63,26,114
2024-06-30,S05,FEED-0116,83,35,94
2024-06-30,S06,FEED-0116,78,33,138
2024-06-30,S02,FUEL-0117,46,27,60
2024-06-30,S03,FUEL-0117,40,8,50
2024-06-30,S05,FUEL-0117,120,27,135
2024-06-30,S06,FUEL-0117,123,25,163
2024-06-30,S01,SEED-0118,47,13,108
2024-06-30,S03,SEED-0118,0,7,43
2024-06-30,S06,SEED-0118,46,21,161
2024-06-30,S01,TIRE-0119,58,33,73
2024-06-30,S04,TIRE-0119,54,32,65
2024-06-30,S06,TIRE-0119,103,26,138
2024-06-30,S01,LUBE-0120,52,17,112
2024-06-30,S02,LUBE-0120,112,33,170
2024-06-30,S04,LUBE-0120,56,24,71
2024-06-30,S05,LUBE-0120,48,22,60
2024-06-30,S06,LUBE-0120,83,7,126
2024-07-31,S01,LUBE-0001,33,22,94
2024-07-31,S02,LUBE-0001,68,18,151
2024-07-31,S03,LUBE-0001,31,11,47
2024-07-31,S04,LUBE-0001,14,39,110
2024-07-31,S05,LUBE-0001,74,32,152
2024-07-31,S06,LUBE-0001,86,29,131
2024-07-31,S01,LUBE-0002,66,31,183
2024-07-31,S02,LUBE-0002,84,29,102
2024-07-31,S06,LUBE-0002,64,9,117
2024-07-31,S01,FEED-0003,190,14,135
2024-07-31,S02,FEED-0003,29,5,78
2024-07-31,S06,FEED-0003,65,21,112
2024-07-31,S01,SEED-0004,61,14,126
2024-07-31,S03,SEED-0004,83,39,173
2024-07-31,S05,SEED-0004,86,39,100
2024-07-31,S06,SEED-0004,27,7,126
2024-07-31,S02,TIRE-0005,99,7,123
2024-07-31,S03,TIRE-0005,120,5,92
2024-07-31,S04,TIRE-0005,127,19,123
2024-07-31,S05,TIRE-0005,108,34,166
2024-07-31,S06,TIRE-0005,37,9,70
2024-07-31,S01,HDWR-0006,40,11,158
2024-07-31,S03,HDWR-0006,146,36,141
2024-07-31,S05,HDWR-0006,62,6,147
2024-07-31,S06,HDWR-0006,67,12,121
2024-07-31,S01,SEED-0007,111,18,126
2024-07-31,S03,SEED-0007,50,25,150
2024-07-31,S05,SEED-0007,100,15,141
2024-07-31,S01,TIRE-0008,115,15,166
2024-07-31,S02,TIRE-0008,89,36,76
2024-07-31,S04,TIRE-0008,23,10,50
2024-07-31,S06,TIRE-0008,88,11,108
2024-07-31,S04,TIRE-0009,97,30,119
2024-07-31,S05,TIRE-0009,72,29,80
2024-07-31,S06,TIRE-0009,72,32,70
2024-07-31,S01,LUBE-0010,48,11,161
2024-07-31,S02,LUBE-0010,73,15,113
2024-07-31,S03,LUBE-0010,101,33,127
2024-07-31,S04,LUBE-0010,92,18,166
2024-07-31,S01,HDWR-0011,78,17,120
2024-07-31,S04,HDWR-0011,82,12,153
2024-07-31,S01,TIRE-0012,73,34,161
2024-07-31,S02,TIRE-0012,24,15,51
2024-07-31,S03,TIRE-0012,88,19,137
2024-07-31,S06,TIRE-0012,129,27,163
2024-07-31,S01,SEED-0013,27,17,63
2024-07-31,S02,SEED-0013,54,30,143
2024-07-31,S04,SEED-0013,16,6,39
2024-07-31,S05,SEED-0013,90,38,136
2024-07-31,S01,FEED-0014,136,28,179
2024-07-31,S02,FEED-0014,44,11,144
2024-07-31,S03,FEED-0014,81,8,105
2024-07-31,S04,FEED-0014,56,37,76
2024-07-31,S06,FEED-0014,16,16,89
2024-07-31,S01,FUEL-0015,72,34,116
2024-07-31,S02,FUEL-0015,160,39,186
2024-07-31,S04,FUEL-0015,41,17,67
2024-07-31,S01,FEED-0016,61,13,81
2024-07-31,S02,FEED-0016,32,17,48
2024-07-31,S04,FEED-0016,85,38,126
2024-07-31,S03,FUEL-0017,117,16,168
2024-07-31,S04,FUEL-0017,91,11,93
2024-07-31,S05,FUEL-0017,76,35,98
2024-07-31,S06,FUEL-0017,60,40,96
2024-07-31,S01,HDWR-0018,133,28,146
2024-07-31,S03,HDWR-0018,58,39,132
2024-07-31,S01,FUEL-0019,46,31,74
2024-07-31,S03,FUEL-0019,78,35,181
2024-07-31,S04,FUEL-0019,22,14,174
2024-07-31,S01,SEED-0020,104,21,181
2024-07-31,S05,SEED-0020,76,31,184
2024-07-31,S06,SEED-0020,84,20,163
2024-07-31,S01,TIRE-0021,116,19,133
2024-07-31,S02,TIRE-0021,25,8,77
2024-07-31,S03,TIRE-0021,52,16,160
2024-07-31,S05,TIRE-0021,40,20,131
2024-07-31,S01,HDWR-0022,74,38,106
2024-07-31,S03,HDWR-0022,242,24,184
2024-07-31,S04,HDWR-0022,0,10,127
2024-07-31,S05,HDWR-0022,85,15,104
2024-07-31,S06,HDWR-0022,89,29,186
2024-07-31,S01,FUEL-0023,100,29,184
2024-07-31,S04,FUEL-0023,0,9,77
2024-07-31,S06,FUEL-0023,18,15,54
2024-07-31,S01,TIRE-0024,125,17,154
2024-07-31,S05,TIRE-0024,149,39,177
2024-07-31,S06,TIRE-0024,82,35,121
2024-07-31,S01,FUEL-0025,43,31,67
2024-07-31,S02,FUEL-0025,36,17,131
2024-07-31,S03,FUEL-0025,21,8,147
2024-07-31,S04,FUEL-0025,118,35,139
2024-07-31,S05,FUEL-0025,108,19,155
2024-07-31,S06,FUEL-0025,8,20,113
2024-07-31,S01,LUBE-0026,104,10,169
2024-07-31,S04,LUBE-0026,150,35,191
2024-07-31,S06,LUBE-0026,73,26,185
2024-07-31,S03,LUBE-0027,55,37,116
2024-07-31,S04,LUBE-0027,62,15,93
2024-07-31,S05,LUBE-0027,46,29,68
2024-07-31,S02,FUEL-0028,148,29,186
2024-07-31,S03,FUEL-0028,80,14,74
2024-07-31,S06,FUEL-0028,61,40,88
2024-07-31,S01,FEED-0029,36,11,41
2024-07-31,S02,FEED-0029,58,15,119
2024-07-31,S04,FEED-0029,50,37,74
2024-07-31,S01,HDWR-0030,67,40,72
2024-07-31,S02,HDWR-0030,76,29,140
2024-07-31,S03,HDWR-0030,107,11,159
2024-07-31,S04,HDWR-0030,132,5,161
2024-07-31,S06,HDWR-0030,14,10,100
2024-07-31,S04,LUBE-0031,111,28,132
2024-07-31,S06,LUBE-0031,194,28,172
2024-07-31,S01,FEED-0032,84,25,176
2024-07-31,S02,FEED-0032,78,40,88
2024-07-31,S03,FEED-0032,53,36,66
2024-07-31,S04,FEED-0032,45,26,136
2024-07-31,S05,FEED-0032,122,38,140
2024-07-31,S02,FEED-0033,75,29,88
2024-07-31,S03,FEED-0033,72,9,126
2024-07-31,S04,FEED-0033,51,6,78
2024-07-31,S06,FEED-0033,96,29,177
2024-07-31,S03,LUBE-0034,81,29,174
2024-07-31,S06,LUBE-0034,95,21,151
2024-07-31,S02,LUBE-0035,40,16,152
2024-07-31,S05,LUBE-0035,81,39,109
2024-07-31,S06,LUBE-0035,62,32,164
2024-07-31,S01,LUBE-0036,4,8,67
2024-07-31,S02,LUBE-0036,53,7,110
2024-07-31,S04,LUBE-0036,192,17,154
2024-07-31,S05,LUBE-0036,67,21,136
2024-07-31,S01,LUBE-0037,93,29,89
2024-07-31,S02,LUBE-0037,16,8,80
2024-07-31,S04,LUBE-0037,21,18,53
2024-07-31,S06,LUBE-0037,23,9,80
2024-07-31,S03,HDWR-0038,107,25,139
2024-07-31,S04,HDWR-0038,22,7,158
2024-07-31,S06,HDWR-0038,143,40,194
2024-07-31,S01,LUBE-0039,111,18,155
2024-07-31,S03,LUBE-0039,66,17,160
2024-07-31,S04,LUBE-0039,12,8,110
2024-07-31,S06,LUBE-0039,276,34,187
2024-07-31,S01,FEED-0040,28,17,79
2024-07-31,S02,FEED-0040,84,13,112
2024-07-31,S05,FEED-0040,54,25,139
2024-07-31,S06,FEED-0040,71,12,75
2024-07-31,S02,SEED-0041,74,15,116
2024-07-31,S03,SEED-0041,29,18,83
2024-07-31,S04,SEED-0041,70,22,82
2024-07-31,S06,SEED-0041,89,36,135
2024-07-31,S01,SEED-0042,33,30,62
2024-07-31,S02,SEED-0042,115,35,173
2024-07-31,S03,SEED-0042,99,24,85
2024-07-31,S04,SEED-0042,22,20,132
2024-07-31,S05,SEED-0042,32,23,66
2024-07-31,S06,SEED-0042,50,23,119
2024-07-31,S06,HDWR-0043,33,9,54
2024-07-31,S01,FEED-0044,108,21,168
2024-07-31,S02,FEED-0044,55,8,154
2024-07-31,S05,FEED-0044,56,12,106
2024-07-31,S06,FEED-0044,34,15,52
2024-07-31,S02,TIRE-0045,13,12,46
2024-07-31,S03,TIRE-0045,82,35,182
2024-07-31,S05,TIRE-0045,58,27,64
2024-07-31,S06,TIRE-0045,75,18,92
2024-07-31,S01,FUEL-0046,160,30,175
2024-07-31,S02,FUEL-0046,18,35,142
2024-07-31,S03,FUEL-0046,149,30,122
2024-07-31,S04,FUEL-0046,144,9,142
2024-07-31,S06,FUEL-0046,188,33,168
2024-07-31,S01,HDWR-0047,144,40,170
2024-07-31,S03,HDWR-0047,41,20,52
2024-07-31,S04,HDWR-0047,59,13,120
2024-07-31,S05,HDWR-0047,85,38,175
2024-07-31,S06,HDWR-0047,121,28,128
2024-07-31,S01,LUBE-0048,53,33,70
2024-07-31,S03,LUBE-0048,45,20,115
2024-07-31,S04,LUBE-0048,90,26,129
2024-07-31,S05,LUBE-0048,40,15,57
2024-07-31,S06,LUBE-0048,21,7,56
2024-07-31,S01,FUEL-0049,0,21,180
2024-07-31,S05,FUEL-0049,18,15,49
2024-07-31,S02,LUBE-0050,179,38,177
2024-07-31,S03,LUBE-0050,42,7,46
2024-07-31,S04,LUBE-0050,32,17,69
2024-07-31,S05,LUBE-0050,58,25,89
2024-07-31,S01,FUEL-0051,90,25,171
2024-07-31,S03,FUEL-0051,42,14,162
2024-07-31,S04,FUEL-0051,116,16,168
2024-07-31,S05,FUEL-0051,70,17,108
2024-07-31,S06,FUEL-0051,101,24,93
2024-07-31,S02,HDWR-0052,0,21,133
2024-07-31,S04,HDWR-0052,111,16,139
2024-07-31,S06,HDWR-0052,28,9,42
2024-07-31,S02,HDWR-0053,118,36,128
2024-07-31,S03,HDWR-0053,106,31,155
2024-07-31,S04,HDWR-0053,68,32,156
2024-07-31,S05,HDWR-0053,67,28,130
2024-07-31,S06,HDWR-0053,55,8,94
2024-07-31,S01,FEED-0054,86,39,140
2024-07-31,S02,FEED-0054,47,32,128
2024-07-31,S05,FEED-0054,65,37,111
2024-07-31,S06,FEED-0054,33,24,107
2024-07-31,S01,SEED-0055,115,18,134
2024-07-31,S02,SEED-0055,49,26,166
2024-07-31,S04,SEED-0055,16,32,62
2024-07-31,S06,SEED-0055,90,37,139
2024-07-31,S01,SEED-0056,107,34,149
2024-07-31,S02,SEED-0056,50,7,155
2024-07-31,S03,SEED-0056,120,10,168
2024-07-31,S04,SEED-0056,57,39,104
2024-07-31,S05,SEED-0056,50,8,126
2024-07-31,S01,FEED-0057,24,9,72
2024-07-31,S03,FEED-0057,98,32,89
2024-07-31,S04,FEED-0057,115,34,119
2024-07-31,S05,FEED-0057,71,14,128
2024-07-31,S01,HDWR-0058,85,29,138
2024-07-31,S03,HDWR-0058,113,21,120
2024-07-31,S04,HDWR-0058,39,25,120
2024-07-31,S05,HDWR-0058,51,8,80
2024-07-31,S01,HDWR-0059,3,8,158
2024-07-31,S02,HDWR-0059,43,20,53
2024-07-31,S06,HDWR-0059,40,18,95
2024-07-31,S01,HDWR-0060,136,15,144
2024-07-31,S02,HDWR-0060,151,28,146
2024-07-31,S03,HDWR-0060,76,29,96
2024-07-31,S04,HDWR-0060,66,29,147
2024-07-31,S05,HDWR-0060,102,33,119
2024-07-31,S06,HDWR-0060,20,23,106
2024-07-31,S02,TIRE-0061,71,27,77
2024-07-31,S03,TIRE-0061,93,33,175
2024-07-31,S04,TIRE-0061,26,16,49
2024-07-31,S05,TIRE-0061,47,37,129
2024-07-31,S06,TIRE-0061,130,38,118
2024-07-31,S01,SEED-0062,116,40,180
2024-07-31,S02,SEED-0062,39,38,142
2024-07-31,S03,SEED-0062,127,6,151
2024-07-31,S04,SEED-0062,116,26,163
2024-07-31,S05,SEED-0062,56,34,64
2024-07-31,S06,SEED-0062,135,15,159
2024-07-31,S01,SEED-0063,122,33,154
2024-07-31,S02,SEED-0063,52,26,69
2024-07-31,S05,SEED-0063,16,13,54
2024-07-31,S01,TIRE-0064,115,8,156
2024-07-31,S03,TIRE-0064,65,21,115
2024-07-31,S04,TIRE-0064,69,36,114
2024-07-31,S06,TIRE-0064,36,22,55
2024-07-31,S01,LUBE-0065,40,20,75
2024-07-31,S02,LUBE-0065,31,5,65
2024-07-31,S06,LUBE-0065,37,16,64
2024-07-31,S01,FUEL-0066,18,13,153
2024-07-31,S03,FUEL-0066,78,30,166
2024-07-31,S06,FUEL-0066,51,19,137
2024-07-31,S03,HDWR-0067,89,6,99
2024-07-31,S04,HDWR-0067,43,17,49
2024-07-31,S05,HDWR-0067,147,9,137
2024-07-31,S03,LUBE-0068,43,7,52
2024-07-31,S04,LUBE-0068,140,36,141
2024-07-31,S05,LUBE-0068,82,22,105
2024-07-31,S06,LUBE-0068,137,40,166
2024-07-31,S01,FUEL-0069,49,20,74
2024-07-31,S02,FUEL-0069,113,13,97
2024-07-31,S03,FUEL-0069,147,21,122
2024-07-31,S04,FUEL-0069,110,7,134
2024-07-31,S05,FUEL-0069,112,20,175
2024-07-31,S06,FUEL-0069,85,38,110
2024-07-31,S04,FEED-0070,91,37,132
2024-07-31,S05,FEED-0070,56,39,80
2024-07-31,S06,FEED-0070,29,27,157
2024-07-31,S02,SEED-0071,53,32,146
2024-07-31,S03,SEED-0071,47,33,68
2024-07-31,S04,SEED-0071,23,19,151
2024-07-31,S06,SEED-0071,24,22,177
2024-07-31,S01,FUEL-0072,35,10,45
2024-07-31,S02,FUEL-0072,16,18,171
2024-07-31,S03,FUEL-0072,92,39,171
2024-07-31,S05,TIRE-0073,41,16,52
2024-07-31,S06,TIRE-0073,31,7,37
2024-07-31,S01,FEED-0074,90,27,143
2024-07-31,S04,FEED-0074,87,32,136
2024-07-31,S05,FEED-0074,61,38,103
2024-07-31,S02,FEED-0075,103,14,95
2024-07-31,S05,FEED-0075,107,16,145
2024-07-31,S06,FEED-0075,12,20,57
2024-07-31,S01,TIRE-0076,30,21,54
2024-07-31,S02,TIRE-0076,120,37,176
2024-07-31,S04,TIRE-0076,49,6,113
2024-07-31,S06,TIRE-0076,139,8,139
2024-07-31,S01,TIRE-0077,62,35,97
2024-07-31,S05,TIRE-0077,6,11,41
2024-07-31,S06,TIRE-0077,63,34,170
2024-07-31,S01,SEED-0078,106,19,143
2024-07-31,S02,SEED-0078,93,35,116
2024-07-31,S03,SEED-0078,81,33,92
2024-07-31,S05,SEED-0078,123,31,171
2024-07-31,S01,FUEL-0079,41,24,79
2024-07-31,S03,FUEL-0079,186,24,163
2024-07-31,S04,FUEL-0079,51,26,105
2024-07-31,S01,FUEL-0080,74,29,184
2024-07-31,S02,FUEL-0080,131,19,144
2024-07-31,S03,FUEL-0080,72,19,90
2024-07-31,S04,FUEL-0080,95,20,172
2024-07-31,S06,FUEL-0080,45,27,72
2024-07-31,S01,FEED-0081,26,9,128
2024-07-31,S02,FEED-0081,33,29,115
2024-07-31,S06,FEED-0081,63,14,130
2024-07-31,S01,SEED-0082,46,28,146
2024-07-31,S02,SEED-0082,74,19,107
2024-07-31,S04,SEED-0082,23,6,147
2024-07-31,S06,SEED-0082,51,37,89
2024-07-31,S01,HDWR-0083,84,8,87
2024-07-31,S03,HDWR-0083,57,39,83
2024-07-31,S04,HDWR-0083,70,21,102
2024-07-31,S06,HDWR-0083,60,31,124
2024-07-31,S01,TIRE-0084,174,38,195
2024-07-31,S02,TIRE-0084,42,20,122
2024-07-31,S03,TIRE-0084,83,11,149
2024-07-31,S04,TIRE-0084,47,14,68
2024-07-31,S01,FEED-0085,50,36,143
2024-07-31,S03,FEED-0085,9,13,143
2024-07-31,S04,FEED-0085,35,6,80
2024-07-31,S05,FEED-0085,44,26,82
2024-07-31,S06,FEED-0085,72,7,116
2024-07-31,S02,TIRE-0086,107,14,140
2024-07-31,S05,TIRE-0086,68,26,80
2024-07-31,S01,TIRE-0087,74,40,189
2024-07-31,S05,TIRE-0087,89,21,117
2024-07-31,S06,TIRE-0087,87,34,172
2024-07-31,S01,HDWR-0088,113,24,156
2024-07-31,S02,HDWR-0088,104,30,144
2024-07-31,S03,HDWR-0088,75,9,161
2024-07-31,S04,HDWR-0088,62,34,90
2024-07-31,S06,HDWR-0088,121,25,121
2024-07-31,S01,TIRE-0089,70,6,119
2024-07-31,S02,TIRE-0089,81,33,129
2024-07-31,S03,TIRE-0089,44,38,79
2024-07-31,S04,TIRE-0089,94,38,144
2024-07-31,S06,TIRE-0089,59,20,80
2024-07-31,S01,LUBE-0090,85,20,100
2024-07-31,S02,LUBE-0090,27,23,98
2024-07-31,S06,LUBE-0090,38,39,99
2024-07-31,S01,FUEL-0091,78,5,83
2024-07-31,S03,FUEL-0091,36,27,136
2024-07-31,S04,FUEL-0091,73,21,76
2024-07-31,S05,FUEL-0091,53,7,62
2024-07-31,S01,LUBE-0092,22,19,69
2024-07-31,S02,LUBE-0092,25,20,130
2024-07-31,S03,LUBE-0092,36,23,55
2024-07-31,S04,LUBE-0092,61,13,156
2024-07-31,S05,LUBE-0092,33,11,123
2024-07-31,S01,HDWR-0093,46,5,59
2024-07-31,S02,HDWR-0093,0,23,122
2024-07-31,S04,HDWR-0093,49,5,84
2024-07-31,S06,HDWR-0093,90,39,109
2024-07-31,S01,HDWR-0094,70,21,75
2024-07-31,S02,HDWR-0094,55,29,142
2024-07-31,S04,HDWR-0094,89,34,171
2024-07-31,S01,FEED-0095,155,25,170
2024-07-31,S02,FEED-0095,73,20,148
2024-07-31,S05,FEED-0095,12,5,37
2024-07-31,S06,FEED-0095,142,12,172
2024-07-31,S02,SEED-0096,16,5,35
2024-07-31,S03,SEED-0096,129,39,170
2024-07-31,S04,SEED-0096,78,35,106
2024-07-31,S05,SEED-0096,10,8,86
2024-07-31,S02,FEED-0097,75,39,85
2024-07-31,S03,FEED-0097,39,15,97
2024-07-31,S04,FEED-0097,136,34,160
2024-07-31,S02,SEED-0098,26,9,54
2024-07-31,S03,SEED-0098,79,13,159
2024-07-31,S05,SEED-0098,26,24,93
2024-07-31,S06,SEED-0098,49,31,116
2024-07-31,S02,LUBE-0099,109,29,110
2024-07-31,S03,LUBE-0099,91,39,193
2024-07-31,S05,LUBE-0099,27,8,74
2024-07-31,S06,LUBE-0099,27,19,110
2024-07-31,S01,SEED-0100,102,34,102
2024-07-31,S02,SEED-0100,49,19,116
2024-07-31,S03,SEED-0100,100,11,152
2024-07-31,S05,SEED-0100,129,27,139
2024-07-31,S06,SEED-0100,32,6,74
2024-07-31,S01,FUEL-0101,50,10,109
2024-07-31,S02,FUEL-0101,26,24,70
2024-07-31,S03,FUEL-0101,51,25,95
2024-07-31,S04,FUEL-0101,54,37,91
2024-07-31,S06,FUEL-0101,71,39,89
2024-07-31,S01,FEED-0102,27,12,163
2024-07-31,S02,FEED-0102,66,37,138
2024-07-31,S03,FEED-0102,118,35,134
2024-07-31,S04,FEED-0102,19,7,48
2024-07-31,S06,FEED-0102,91,38,169
2024-07-31,S02,HDWR-0103,0,6,162
2024-07-31,S03,HDWR-0103,28,40,75
2024-07-31,S04,HDWR-0103,13,6,56
2024-07-31,S05,HDWR-0103,73,25,169
2024-07-31,S02,FEED-0104,30,13,127
2024-07-31,S03,FEED-0104,166,28,165
2024-07-31,S04,FEED-0104,49,40,138
2024-07-31,S01,TIRE-0105,80,40,98
2024-07-31,S04,TIRE-0105,50,22,99
2024-07-31,S05,TIRE-0105,72,35,74
2024-07-31,S01,FEED-0106,51,27,86
2024-07-31,S02,FEED-0106,62,33,98
2024-07-31,S05,FEED-0106,63,28,179
2024-07-31,S06,FEED-0106,14,39,191
2024-07-31,S01,HDWR-0107,102,34,162
2024-07-31,S03,HDWR-0107,157,18,133
2024-07-31,S04,HDWR-0107,62,39,76
2024-07-31,S05,HDWR-0107,25,8,47
2024-07-31,S06,HDWR-0107,73,31,124
2024-07-31,S01,SEED-0108,148,10,169
2024-07-31,S04,SEED-0108,43,7,76
2024-07-31,S05,SEED-0108,99,35,153
2024-07-31,S06,SEED-0108,168,18,158
2024-07-31,S01,FUEL-0109,108,37,189
2024-07-31,S02,FUEL-0109,88,33,155
2024-07-31,S04,FUEL-0109,49,25,153
2024-07-31,S05,FUEL-0109,43,28,64
2024-07-31,S06,FUEL-0109,60,37,189
2024-07-31,S01,HDWR-0110,115,30,139
2024-07-31,S01,SEED-0111,46,26,119
2024-07-31,S03,SEED-0111,116,37,156
2024-07-31,S04,SEED-0111,108,37,140
2024-07-31,S01,LUBE-0112,146,24,149
2024-07-31,S02,LUBE-0112,110,17,170
2024-07-31,S04,LUBE-0112,68,26,83
2024-07-31,S05,LUBE-0112,26,12,92
2024-07-31,S06,LUBE-0112,73,33,156
2024-07-31,S01,HDWR-0113,33,15,90
2024-07-31,S02,HDWR-0113,51,11,89
2024-07-31,S05,HDWR-0113,222,34,182
2024-07-31,S06,HDWR-0113,35,10,41
2024-07-31,S01,SEED-0114,44,34,139
2024-07-31,S02,SEED-0114,111,17,144
2024-07-31,S03,SEED-0114,71,5,119
2024-07-31,S04,SEED-0114,73,33,88
2024-07-31,S05,SEED-0114,95,22,172
2024-07-31,S01,FEED-0115,4,24,176
2024-07-31,S02,FEED-0115,179,18,177
2024-07-31,S03,FEED-0115,49,30,83
2024-07-31,S04,FEED-0115,48,34,162
2024-07-31,S06,FEED-0115,50,38,82
2024-07-31,S01,FEED-0116,80,31,142
2024-07-31,S04,FEED-0116,30,7,44
2024-07-31,S06,FEED-0116,47,6,130
2024-07-31,S02,FUEL-0117,59,24,69
2024-07-31,S03,FUEL-0117,123,24,140
2024-07-31,S04,FUEL-0117,73,39,182
2024-07-31,S05,FUEL-0117,57,11,84
2024-07-31,S06,FUEL-0117,88,10,98
2024-07-31,S01,SEED-0118,51,18,75
2024-07-31,S02,SEED-0118,49,20,139
2024-07-31,S05,SEED-0118,61,21,134
2024-07-31,S06,SEED-0118,68,16,97
2024-07-31,S01,TIRE-0119,97,16,119
2024-07-31,S03,TIRE-0119,42,9,65
2024-07-31,S04,TIRE-0119,0,34,133
2024-07-31,S05,TIRE-0119,66,26,82
2024-07-31,S01,LUBE-0120,39,17,81
2024-07-31,S02,LUBE-0120,49,8,77
2024-07-31,S03,LUBE-0120,61,7,70
2024-07-31,S04,LUBE-0120,30,9,50
2024-07-31,S05,LUBE-0120,99,36,165
2024-08-31,S04,LUBE-0001,107,16,142
2024-08-31,S05,LUBE-0001,76,30,131
2024-08-31,S01,LUBE-0002,124,16,172
2024-08-31,S03,LUBE-0002,63,10,108
2024-08-31,S04,LUBE-0002,89,19,138
2024-08-31,S01,FEED-0003,83,37,160
2024-08-31,S03,FEED-0003,91,24,147
2024-08-31,S04,FEED-0003,68,14,106
2024-08-31,S06,FEED-0003,48,14,87
2024-08-31,S01,SEED-0004,136,28,118
2024-08-31,S03,SEED-0004,65,9,68
2024-08-31,S05,SEED-0004,68,38,102
2024-08-31,S06,SEED-0004,51,15,95
2024-08-31,S02,TIRE-0005,117,40,127
2024-08-31,S04,TIRE-0005,95,27,159
2024-08-31,S05,TIRE-0005,94,38,107
2024-08-31,S06,TIRE-0005,64,18,160
2024-08-31,S01,HDWR-0006,50,7,48
2024-08-31,S02,HDWR-0006,97,28,183
2024-08-31,S03,HDWR-0006,25,17,47
2024-08-31,S04,HDWR-0006,78,13,146
2024-08-31,S05,HDWR-0006,57,5,112
2024-08-31,S01,SEED-0007,63,28,64
2024-08-31,S03,SEED-0007,131,30,148
2024-08-31,S04,SEED-0007,50,38,77
2024-08-31,S05,SEED-0007,53,36,100
2024-08-31,S05,TIRE-0008,60,9,65
2024-08-31,S06,TIRE-0008,37,35,90
2024-08-31,S01,TIRE-0009,85,20,147
2024-08-31,S03,TIRE-0009,31,10,117
2024-08-31,S04,TIRE-0009,43,14,56
2024-08-31,S05,TIRE-0009,44,13,79
2024-08-31,S01,LUBE-0010,118,12,111
2024-08-31,S02,LUBE-0010,79,26,132
2024-08-31,S05,LUBE-0010,67,15,118
2024-08-31,S06,LUBE-0010,30,8,41
2024-08-31,S03,HDWR-0011,48,15,86
2024-08-31,S05,HDWR-0011,76,36,90
2024-08-31,S06,HDWR-0011,79,19,134
2024-08-31,S02,TIRE-0012,130,36,171
2024-08-31,S05,TIRE-0012,55,38,138
2024-08-31,S06,TIRE-0012,111,8,154
2024-08-31,S01,SEED-0013,26,28,113
2024-08-31,S04,SEED-0013,50,7,50
2024-08-31,S05,SEED-0013,128,20,146
2024-08-31,S02,FEED-0014,126,32,182
2024-08-31,S03,FEED-0014,152,15,152
2024-08-31,S04,FEED-0014,118,17,156
2024-08-31,S02,FUEL-0015,87,39,189
2024-08-31,S04,FUEL-0015,0,16,122
2024-08-31,S06,FUEL-0015,18,9,110
2024-08-31,S02,FEED-0016,97,38,125
2024-08-31,S04,FEED-0016,0,10,90
2024-08-31,S02,FUEL-0017,62,29,96
2024-08-31,S03,FUEL-0017,113,6,110
2024-08-31,S05,FUEL-0017,31,11,112
2024-08-31,S04,HDWR-0018,72,14,108
2024-08-31,S05,HDWR-0018,54,38,124
2024-08-31,S06,HDWR-0018,118,19,138
2024-08-31,S02,FUEL-0019,62,17,97
2024-08-31,S03,FUEL-0019,142,34,135
2024-08-31,S04,FUEL-0019,128,40,129
2024-08-31,S06,FUEL-0019,102,37,160
2024-08-31,S01,SEED-0020,49,6,123
2024-08-31,S04,SEED-0020,46,22,139
2024-08-31,S06,SEED-0020,60,16,134
2024-08-31,S01,TIRE-0021,71,35,98
2024-08-31,S02,TIRE-0021,37,5,36
2024-08-31,S03,TIRE-0021,120,40,177
2024-08-31,S04,TIRE-0021,88,24,182
2024-08-31,S05,TIRE-0021,86,30,176
2024-08-31,S06,TIRE-0021,71,15,70
2024-08-31,S03,HDWR-0022,146,29,151
2024-08-31,S04,HDWR-0022,53,13,78
2024-08-31,S05,HDWR-0022,35,5,79
2024-08-31,S06,HDWR-0022,57,21,77
2024-08-31,S01,FUEL-0023,43,8,132
2024-08-31,S02,FUEL-0023,59,9,75
2024-08-31,S03,FUEL-0023,42,31,175
2024-08-31,S05,FUEL-0023,51,21,63
2024-08-31,S06,FUEL-0023,56,30,137
2024-08-31,S01,TIRE-0024,60,22,95
2024-08-31,S02,TIRE-0024,80,25,105
2024-08-31,S03,TIRE-0024,63,22,109
2024-08-31,S05,TIRE-0024,90,9,114
2024-08-31,S01,FUEL-0025,90,18,170
2024-08-31,S04,FUEL-0025,63,22,100
2024-08-31,S06,FUEL-0025,68,31,124
2024-08-31,S01,LUBE-0026,73,6,129
2024-08-31,S03,LUBE-0026,183,15,138
2024-08-31,S05,LUBE-0026,56,30,130
2024-08-31,S06,LUBE-0026,58,8,149
2024-08-31,S01,LUBE-0027,72,29,133
2024-08-31,S02,LUBE-0027,53,19,58
2024-08-31,S03,LUBE-0027,0,6,153
2024-08-31,S04,LUBE-0027,30,7,64
2024-08-31,S06,LUBE-0027,28,23,55
2024-08-31,S04,FUEL-0028,52,24,59
2024-08-31,S03,FEED-0029,93,8,150
2024-08-31,S05,FEED-0029,74,23,97
2024-08-31,S06,FEED-0029,133,23,106
2024-08-31,S02,HDWR-0030,46,10,73
2024-08-31,S04,HDWR-0030,106,22,104
2024-08-31,S05,HDWR-0030,70,5,90
2024-08-31,S01,LUBE-0031,96,37,183
2024-08-31,S02,LUBE-0031,99,32,175
2024-08-31,S03,LUBE-0031,54,27,86
2024-08-31,S05,LUBE-0031,127,26,159
2024-08-31,S01,FEED-0032,75,22,85
2024-08-31,S02,FEED-0032,49,9,126
2024-08-31,S03,FEED-0032,186,39,168
2024-08-31,S06,FEED-0032,176,16,166
2024-08-31,S01,FEED-0033,62,21,104
2024-08-31,S05,FEED-0033,26,25,57
2024-08-31,S06,FEED-0033,96,36,113
2024-08-31,S02,LUBE-0034,68,36,117
2024-08-31,S03,LUBE-0034,64,9,86
2024-08-31,S06,LUBE-0034,111,24,136
2024-08-31,S01,LUBE-0035,108,16,122
2024-08-31,S02,LUBE-0035,50,7,146
2024-08-31,S03,LUBE-0035,71,13,124
2024-08-31,S06,LUBE-0035,32,20,69
2024-08-31,S01,LUBE-0036,61,11,109
2024-08-31,S02,LUBE-0036,62,37,96
2024-08-31,S04,LUBE-0036,87,33,91
2024-08-31,S05,LUBE-0036,85,16,160
2024-08-31,S06,LUBE-0036,37,24,73
2024-08-31,S01,LUBE-0037,120,14,135
2024-08-31,S04,LUBE-0037,26,7,75
2024-08-31,S01,HDWR-0038,115,32,162
2024-08-31,S02,HDWR-0038,48,22,68
2024-08-31,S04,HDWR-0038,78,13,162
2024-08-31,S02,LUBE-0039,85,35,192
2024-08-31,S03,LUBE-0039,87,34,193
2024-08-31,S05,LUBE-0039,68,37,101
2024-08-31,S06,LUBE-0039,92,19,140
2024-08-31,S02,FEED-0040,57,19,97
2024-08-31,S03,FEED-0040,31,16,60
2024-08-31,S04,FEED-0040,24,20,160
2024-08-31,S05,FEED-0040,46,15,49
2024-08-31,S01,SEED-0041,64,14,127
2024-08-31,S02,SEED-0041,30,30,74
2024-08-31,S03,SEED-0041,154,40,177
2024-08-31,S06,SEED-0041,79,40,139
2024-08-31,S04,SEED-0042,124,35,165
2024-08-31,S05,SEED-0042,87,38,174
2024-08-31,S01,HDWR-0043,114,18,136
2024-08-31,S02,HDWR-0043,118,36,175
2024-08-31,S04,HDWR-0043,41,27,62
2024-08-31,S06,HDWR-0043,28,8,51
2024-08-31,S01,FEED-0044,54,7,143
2024-08-31,S03,FEED-0044,50,37,76
2024-08-31,S04,FEED-0044,134,28,168
2024-08-31,S06,FEED-0044,40,23,70
2024-08-31,S01,TIRE-0045,38,21,105
2024-08-31,S02,TIRE-0045,42,16,56
2024-08-31,S03,TIRE-0045,41,10,70
2024-08-31,S04,TIRE-0045,32,24,107
2024-08-31,S05,TIRE-0045,68,38,135
2024-08-31,S06,TIRE-0045,59,10,155
2024-08-31,S01,FUEL-0046,42,10,70
2024-08-31,S04,FUEL-0046,21,7,108
2024-08-31,S06,FUEL-0046,34,17,73
2024-08-31,S01,HDWR-0047,74,13,88
2024-08-31,S02,HDWR-0047,68,8,101
2024-08-31,S03,HDWR-0047,24,8,92
2024-08-31,S04,HDWR-0047,51,23,162
2024-08-31,S05,HDWR-0047,78,28,110
2024-08-31,S06,HDWR-0047,58,25,74
2024-08-31,S01,LUBE-0048,70,36,138
2024-08-31,S03,LUBE-0048,44,36,66
2024-08-31,S04,LUBE-0048,24,7,43
2024-08-31,S06,LUBE-0048,62,5,64
2024-08-31,S01,FUEL-0049,85,5,163
2024-08-31,S04,FUEL-0049,33,30,62
2024-08-31,S05,FUEL-0049,63,27,182
2024-08-31,S06,FUEL-0049,129,39,159
2024-08-31,S03,LUBE-0050,99,21,130
2024-08-31,S05,LUBE-0050,70,22,109
2024-08-31,S06,LUBE-0050,41,30,79
2024-08-31,S01,FUEL-0051,22,14,76
2024-08-31,S02,FUEL-0051,7,33,96
2024-08-31,S03,FUEL-0051,57,6,123
2024-08-31,S04,FUEL-0051,78,7,80
2024-08-31,S05,FUEL-0051,22,6,82
2024-08-31,S06,FUEL-0051,79,27,141
2024-08-31,S01,HDWR-0052,32,10,121
2024-08-31,S02,HDWR-0052,86,21,106
2024-08-31,S03,HDWR-0052,42,33,133
2024-08-31,S04,HDWR-0052,80,39,79
2024-08-31,S06,HDWR-0052,40,40,182
2024-08-31,S03,HDWR-0053,134,19,161
2024-08-31,S04,HDWR-0053,30,29,68
2024-08-31,S05,HDWR-0053,39,33,149
2024-08-31,S01,FEED-0054,69,24,167
2024-08-31,S02,FEED-0054,79,18,113
2024-08-31,S04,FEED-0054,33,5,75
2024-08-31,S05,FEED-0054,148,39,156
2024-08-31,S02,SEED-0055,157,10,121
2024-08-31,S03,SEED-0055,135,12,151
2024-08-31,S04,SEED-0055,80,5,139
2024-08-31,S05,SEED-0055,89,32,143
2024-08-31,S06,SEED-0055,75,33,191
2024-08-31,S02,SEED-0056,34,31,153
2024-08-31,S03,SEED-0056,74,18,132
2024-08-31,S05,SEED-0056,136,23,139
2024-08-31,S02,FEED-0057,13,30,109
2024-08-31,S03,FEED-0057,77,29,158
2024-08-31,S04,FEED-0057,52,6,66
2024-08-31,S05,FEED-0057,39,7,72
2024-08-31,S06,FEED-0057,111,30,144
2024-08-31,S01,HDWR-0058,42,19,68
2024-08-31,S03,HDWR-0058,188,6,158
2024-08-31,S04,HDWR-0058,33,11,51
2024-08-31,S05,HDWR-0058,0,38,195
2024-08-31,S02,HDWR-0059,57,19,110
2024-08-31,S03,HDWR-0059,123,22,133
2024-08-31,S05,HDWR-0059,102,21,139
2024-08-31,S03,HDWR-0060,61,40,97
2024-08-31,S04,HDWR-0060,81,24,91
2024-08-31,S05,HDWR-0060,93,6,153
2024-08-31,S06,HDWR-0060,22,13,54
2024-08-31,S01,TIRE-0061,33,27,72
2024-08-31,S02,TIRE-0061,33,32,176
2024-08-31,S03,TIRE-0061,149,26,141
2024-08-31,S05,TIRE-0061,99,35,163
2024-08-31,S06,TIRE-0061,102,19,149
2024-08-31,S01,SEED-0062,40,9,107
2024-08-31,S05,SEED-0062,77,10,151
2024-08-31,S01,SEED-0063,40,9,109
2024-08-31,S02,SEED-0063,44,15,112
2024-08-31,S03,SEED-0063,40,9,152
2024-08-31,S04,SEED-0063,92,33,155
2024-08-31,S06,SEED-0063,36,21,151
2024-08-31,S02,TIRE-0064,34,21,73
2024-08-31,S03,TIRE-0064,23,8,53
2024-08-31,S04,TIRE-0064,32,14,127
2024-08-31,S06,TIRE-0064,124,26,165
2024-08-31,S01,LUBE-0065,23,33,126
2024-08-31,S02,LUBE-0065,20,35,162
2024-08-31,S06,LUBE-0065,63,35,96
2024-08-31,S03,FUEL-0066,59,13,84
2024-08-31,S04,FUEL-0066,125,27,167
2024-08-31,S06,FUEL-0066,90,35,157
2024-08-31,S01,HDWR-0067,98,34,158
2024-08-31,S02,HDWR-0067,22,5,94
2024-08-31,S03,HDWR-0067,60,37,130
2024-08-31,S04,HDWR-0067,60,20,152
2024-08-31,S05,HDWR-0067,33,15,91
2024-08-31,S04,LUBE-0068,10,27,186
2024-08-31,S05,LUBE-0068,45,17,49
2024-08-31,S06,LUBE-0068,77,29,101
2024-08-31,S01,FUEL-0069,82,8,107
2024-08-31,S03,FUEL-0069,65,38,183
2024-08-31,S05,FUEL-0069,71,38,127
2024-08-31,S06,FUEL-0069,68,19,55
2024-08-31,S02,FEED-0070,54,34,125
2024-08-31,S03,FEED-0070,57,16,117
2024-08-31,S05,FEED-0070,33,21,52
2024-08-31,S06,FEED-0070,74,40,81
2024-08-31,S01,SEED-0071,128,33,165
2024-08-31,S03,SEED-0071,120,36,108
2024-08-31,S05,SEED-0071,25,11,69
2024-08-31,S01,FUEL-0072,81,39,90
2024-08-31,S03,FUEL-0072,89,30,100
2024-08-31,S04,FUEL-0072,68,35,86
2024-08-31,S06,FUEL-0072,80,36,116
2024-08-31,S01,TIRE-0073,43,18,67
2024-08-31,S02,TIRE-0073,0,12,143
2024-08-31,S03,TIRE-0073,90,32,105
2024-08-31,S05,TIRE-0073,0,30,170
2024-08-31,S01,FEED-0074,75,37,102
2024-08-31,S03,FEED-0074,45,16,78
2024-08-31,S04,FEED-0074,155,40,178
2024-08-31,S05,FEED-0074,46,34,90
2024-08-31,S06,FEED-0074,125,38,159
2024-08-31,S01,FEED-0075,36,14,129
2024-08-31,S03,FEED-0075,106,14,172
2024-08-31,S05,FEED-0075,70,17,121
2024-08-31,S06,FEED-0075,51,21,138
2024-08-31,S02,TIRE-0076,78,35,89
2024-08-31,S04,TIRE-0076,35,16,62
2024-08-31,S05,TIRE-0076,23,26,77
2024-08-31,S06,TIRE-0076,58,33,69
2024-08-31,S01,TIRE-0077,166,35,174
2024-08-31,S02,TIRE-0077,47,12,95
2024-08-31,S04,TIRE-0077,79,24,134
2024-08-31,S05,TIRE-0077,74,23,94
2024-08-31,S01,SEED-0078,82,19,141
2024-08-31,S02,SEED-0078,68,16,68
2024-08-31,S05,SEED-0078,57,30,175
2024-08-31,S01,FUEL-0079,182,27,171
2024-08-31,S02,FUEL-0079,39,19,73
2024-08-31,S03,FUEL-0079,47,39,101
2024-08-31,S04,FUEL-0079,108,17,94
2024-08-31,S05,FUEL-0079,95,18,132
2024-08-31,S01,FUEL-0080,125,17,148
2024-08-31,S02,FUEL-0080,43,19,160
2024-08-31,S03,FUEL-0080,30,20,157
2024-08-31,S04,FUEL-0080,27,24,133
2024-08-31,S05,FUEL-0080,86,37,96
2024-08-31,S06,FUEL-0080,89,13,148
2024-08-31,S01,FEED-0081,35,17,82
2024-08-31,S02,FEED-0081,31,6,106
2024-08-31,S04,FEED-0081,23,23,90
2024-08-31,S05,FEED-0081,14,10,84
2024-08-31,S03,SEED-0082,28,26,68
2024-08-31,S04,SEED-0082,46,15,60
2024-08-31,S05,SEED-0082,0,18,176
2024-08-31,S01,HDWR-0083,111,18,178
2024-08-31,S03,HDWR-0083,34,37,116
2024-08-31,S04,HDWR-0083,16,7,63
2024-08-31,S05,HDWR-0083,0,5,129
2024-08-31,S06,HDWR-0083,29,32,82
2024-08-31,S01,TIRE-0084,0,8,137
2024-08-31,S03,TIRE-0084,19,6,37
2024-08-31,S04,TIRE-0084,101,25,124
2024-08-31,S06,TIRE-0084,29,17,77
2024-08-31,S01,FEED-0085,89,22,106
2024-08-31,S02,FEED-0085,67,36,133
2024-08-31,S05,FEED-0085,67,12,130
2024-08-31,S06,FEED-0085,52,13,63
2024-08-31,S01,TIRE-0086,33,35,92
2024-08-31,S02,TIRE-0086,14,8,55
2024-08-31,S05,TIRE-0086,132,31,142
2024-08-31,S01,TIRE-0087,68,28,135
2024-08-31,S02,TIRE-0087,139,18,149
2024-08-31,S04,TIRE-0087,86,9,146
2024-08-31,S05,TIRE-0087,34,5,62
2024-08-31,S06,TIRE-0087,44,18,154
2024-08-31,S02,HDWR-0088,26,18,124
2024-08-31,S05,HDWR-0088,79,18,80
2024-08-31,S01,TIRE-0089,61,31,69
2024-08-31,S03,TIRE-0089,53,6,127
2024-08-31,S05,TIRE-0089,93,27,167
2024-08-31,S06,TIRE-0089,31,40,74
2024-08-31,S01,LUBE-0090,153,24,180
2024-08-31,S02,LUBE-0090,92,26,138
2024-08-31,S03,LUBE-0090,49,11,144
2024-08-31,S04,LUBE-0090,53,7,122
2024-08-31,S05,LUBE-0090,146,33,137
2024-08-31,S06,LUBE-0090,102,28,108
2024-08-31,S01,FUEL-0091,0,5,95
2024-08-31,S03,FUEL-0091,101,30,187
2024-08-31,S04,FUEL-0091,131,6,128
2024-08-31,S05,FUEL-0091,230,26,185
2024-08-31,S06,FUEL-0091,45,29,69
2024-08-31,S01,LUBE-0092,66,14,47
2024-08-31,S03,LUBE-0092,48,38,104
2024-08-31,S04,LUBE-0092,201,25,178
2024-08-31,S05,LUBE-0092,38,17,58
2024-08-31,S06,LUBE-0092,46,18,69
2024-08-31,S02,HDWR-0093,44,40,174
2024-08-31,S03,HDWR-0093,31,18,63
2024-08-31,S04,HDWR-0093,130,38,185
2024-08-31,S06,HDWR-0093,54,27,87
2024-08-31,S01,HDWR-0094,73,5,116
2024-08-31,S03,HDWR-0094,55,29,78
2024-08-31,S04,HDWR-0094,29,7,37
2024-08-31,S05,HDWR-0094,56,24,81
2024-08-31,S06,HDWR-0094,36,13,92
2024-08-31,S02,FEED-0095,40,23,136
2024-08-31,S06,FEED-0095,91,14,126
2024-08-31,S04,SEED-0096,68,39,183
2024-08-31,S06,SEED-0096,40,8,86
2024-08-31,S03,FEED-0097,52,32,90
2024-08-31,S05,FEED-0097,95,24,113
2024-08-31,S01,SEED-0098,87,26,90
2024-08-31,S02,SEED-0098,66,31,80
2024-08-31,S03,SEED-0098,62,24,76
2024-08-31,S04,SEED-0098,28,8,38
2024-08-31,S06,SEED-0098,42,6,67
2024-08-31,S01,LUBE-0099,140,29,145
2024-08-31,S02,LUBE-0099,75,34,126
2024-08-31,S04,LUBE-0099,61,17,146
2024-08-31,S01,SEED-0100,94,16,175
2024-08-31,S03,SEED-0100,106,8,118
2024-08-31,S04,SEED-0100,58,5,122
2024-08-31,S05,SEED-0100,26,28,59
2024-08-31,S06,SEED-0100,23,22,93
2024-08-31,S01,FUEL-0101,33,9,150
2024-08-31,S03,FUEL-0101,36,16,67
2024-08-31,S05,FUEL-0101,64,16,165
2024-08-31,S06,FUEL-0101,89,28,78
2024-08-31,S01,FEED-0102,153,27,174
2024-08-31,S02,FEED-0102,42,10,135
2024-08-31,S06,FEED-0102,50,28,100
2024-08-31,S01,HDWR-0103,33,13,78
2024-08-31,S04,HDWR-0103,68,14,111
2024-08-31,S05,HDWR-0103,20,15,60
2024-08-31,S06,HDWR-0103,16,6,75
2024-08-31,S01,FEED-0104,38,16,144
2024-08-31,S04,FEED-0104,85,21,88
2024-08-31,S05,FEED-0104,72,38,96
2024-08-31,S06,FEED-0104,36,20,77
2024-08-31,S01,TIRE-0105,177,13,138
2024-08-31,S04,TIRE-0105,45,22,68
2024-08-31,S01,FEED-0106,66,24,101
2024-08-31,S04,FEED-0106,67,37,74
2024-08-31,S05,FEED-0106,40,13,77
2024-08-31,S06,FEED-0106,58,35,71
2024-08-31,S03,HDWR-0107,98,35,180
2024-08-31,S04,HDWR-0107,71,27,160
2024-08-31,S05,HDWR-0107,17,9,55
2024-08-31,S02,SEED-0108,59,32,136
2024-08-31,S04,SEED-0108,51,30,108
2024-08-31,S06,SEED-0108,0,6,46
2024-08-31,S01,FUEL-0109,141,23,180
2024-08-31,S03,FUEL-0109,73,27,104
2024-08-31,S05,FUEL-0109,54,35,67
2024-08-31,S06,FUEL-0109,64,14,76
2024-08-31,S01,HDWR-0110,56,19,109
2024-08-31,S02,HDWR-0110,55,13,96
2024-08-31,S05,HDWR-0110,59,9,149
2024-08-31,S06,HDWR-0110,54,35,143
2024-08-31,S01,SEED-0111,29,36,76
2024-08-31,S02,SEED-0111,122,12,126
2024-08-31,S04,SEED-0111,43,34,96
2024-08-31,S03,LUBE-0112,148,38,170
2024-08-31,S05,LUBE-0112,71,16,123
2024-08-31,S01,HDWR-0113,81,23,149
2024-08-31,S02,HDWR-0113,0,22,170
2024-08-31,S03,HDWR-0113,126,36,154
2024-08-31,S05,HDWR-0113,43,34,80
2024-08-31,S01,SEED-0114,66,36,132
2024-08-31,S03,SEED-0114,69,21,181
2024-08-31,S04,SEED-0114,56,15,115
2024-08-31,S05,SEED-0114,114,18,151
2024-08-31,S06,SEED-0114,38,8,111
2024-08-31,S01,FEED-0115,94,34,93
2024-08-31,S03,FEED-0115,29,31,78
2024-08-31,S04,FEED-0115,62,19,124
2024-08-31,S05,FEED-0115,54,34,137
2024-08-31,S06,FEED-0115,61,23,148
2024-08-31,S01,FEED-0116,70,34,124
2024-08-31,S02,FEED-0116,26,11,67
2024-08-31,S04,FEED-0116,67,23,83
2024-08-31,S06,FEED-0116,22,27,144
2024-08-31,S01,FUEL-0117,49,34,71
2024-08-31,S02,FUEL-0117,42,35,178
2024-08-31,S03,FUEL-0117,71,24,149
2024-08-31,S04,FUEL-0117,116,9,163
2024-08-31,S06,FUEL-0117,55,21,77
2024-08-31,S01,SEED-0118,54,16,73
2024-08-31,S02,SEED-0118,54,40,161
2024-08-31,S04,SEED-0118,86,26,97
2024-08-31,S06,SEED-0118,96,36,186
2024-08-31,S01,TIRE-0119,133,14,147
2024-08-31,S04,TIRE-0119,49,22,107
2024-08-31,S05,TIRE-0119,34,14,50
2024-08-31,S03,LUBE-0120,37,30,70
2024-08-31,S06,LUBE-0120,70,11,112
2024-09-30,S01,LUBE-0001,41,31,73
2024-09-30,S05,LUBE-0001,29,15,75
2024-09-30,S06,LUBE-0001,66,26,155
2024-09-30,S03,LUBE-0002,0,5,143
2024-09-30,S04,LUBE-0002,106,7,138
2024-09-30,S05,LUBE-0002,53,26,120
2024-09-30,S01,FEED-0003,83,18,149
2024-09-30,S03,FEED-0003,52,6,44
2024-09-30,S04,FEED-0003,22,15,53
2024-09-30,S05,FEED-0003,51,7,113
2024-09-30,S01,SEED-0004,73,14,106
2024-09-30,S02,SEED-0004,83,34,144
2024-09-30,S04,SEED-0004,136,16,150
2024-09-30,S05,SEED-0004,66,10,109
2024-09-30,S06,SEED-0004,84,18,117
2024-09-30,S01,TIRE-0005,45,7,110
2024-09-30,S03,TIRE-0005,51,7,153
2024-09-30,S04,TIRE-0005,84,21,136
2024-09-30,S05,TIRE-0005,46,17,149
2024-09-30,S06,TIRE-0005,49,30,68
2024-09-30,S02,HDWR-0006,208,35,180
2024-09-30,S03,HDWR-0006,51,38,82
2024-09-30,S01,SEED-0007,76,16,84
2024-09-30,S02,SEED-0007,39,15,82
2024-09-30,S04,SEED-0007,47,7,106
2024-09-30,S06,SEED-0007,102,16,113
2024-09-30,S02,TIRE-0008,55,30,124
2024-09-30,S04,TIRE-0008,103,15,152
2024-09-30,S06,TIRE-0008,70,28,141
2024-09-30,S01,TIRE-0009,72,17,167
2024-09-30,S04,TIRE-0009,52,29,78
2024-09-30,S05,TIRE-0009,11,7,116
2024-09-30,S06,TIRE-0009,92,29,77
2024-09-30,S01,LUBE-0010,102,28,125
2024-09-30,S03,LUBE-0010,67,7,104
2024-09-30,S05,LUBE-0010,156,31,178
2024-09-30,S06,LUBE-0010,97,7,121
2024-09-30,S01,HDWR-0011,61,15,105
2024-09-30,S02,HDWR-0011,44,16,116
2024-09-30,S04,HDWR-0011,51,30,62
2024-09-30,S06,HDWR-0011,73,27,79
2024-09-30,S01,TIRE-0012,119,25,155
2024-09-30,S02,TIRE-0012,40,16,93
2024-09-30,S05,TIRE-0012,55,37,153
2024-09-30,S02,SEED-0013,81,34,109
2024-09-30,S03,SEED-0013,28,23,88
2024-09-30,S04,SEED-0013,60,13,79
2024-09-30,S06,SEED-0013,84,26,178
2024-09-30,S01,FEED-0014,38,29,81
2024-09-30,S02,FEED-0014,64,15,111
2024-09-30,S03,FEED-0014,68,28,118
2024-09-30,S04,FEED-0014,64,18,108
2024-09-30,S05,FEED-0014,21,23,65
2024-09-30,S06,FEED-0014,107,35,195
2024-09-30,S02,FUEL-0015,98,12,132
2024-09-30,S03,FUEL-0015,47,31,164
2024-09-30,S04,FUEL-0015,53,38,74
2024-09-30,S05,FUEL-0015,86,31,146
2024-09-30,S04,FEED-0016,31,5,86
2024-09-30,S06,FEED-0016,7,5,74
2024-09-30,S01,FUEL-0017,51,20,106
2024-09-30,S04,FUEL-0017,101,23,168
2024-09-30,S05,FUEL-0017,43,36,124
2024-09-30,S06,FUEL-0017,64,37,138
2024-09-30,S01,HDWR-0018,105,25,121
2024-09-30,S02,HDWR-0018,107,13,106
2024-09-30,S03,HDWR-0018,74,20,151
2024-09-30,S04,HDWR-0018,0,14,123
2024-09-30,S06,HDWR-0018,67,37,88
2024-09-30,S02,FUEL-0019,33,31,80
2024-09-30,S03,FUEL-0019,91,6,165
2024-09-30,S04,FUEL-0019,49,8,105
2024-09-30,S01,SEED-0020,109,16,158
2024-09-30,S03,SEED-0020,124,16,169
2024-09-30,S04,SEED-0020,41,21,85
2024-09-30,S06,SEED-0020,84,35,110
2024-09-30,S03,TIRE-0021,77,27,117
2024-09-30,S05,TIRE-0021,62,17,94
2024-09-30,S06,TIRE-0021,71,33,127
2024-09-30,S01,HDWR-0022,54,26,73
2024-09-30,S02,HDWR-0022,156,39,171
2024-09-30,S03,HDWR-0022,96,25,82
2024-09-30,S05,HDWR-0022,71,32,63
2024-09-30,S06,HDWR-0022,41,25,93
2024-09-30,S01,FUEL-0023,91,30,161
2024-09-30,S02,FUEL-0023,0,10,61
2024-09-30,S04,FUEL-0023,122,5,151
2024-09-30,S06,FUEL-0023,131,39,136
2024-09-30,S01,TIRE-0024,132,26,149
2024-09-30,S02,TIRE-0024,41,32,192
2024-09-30,S04,TIRE-0024,5,9,135
2024-09-30,S05,TIRE-0024,105,28,148
2024-09-30,S06,TIRE-0024,116,9,136
2024-09-30,S01,FUEL-0025,46,8,85
2024-09-30,S03,FUEL-0025,53,24,142
2024-09-30,S05,FUEL-0025,14,22,102
2024-09-30,S06,FUEL-0025,52,21,90
2024-09-30,S01,LUBE-0026,83,32,112
2024-09-30,S03,LUBE-0026,82,22,121
2024-09-30,S04,LUBE-0026,64,24,87
2024-09-30,S05,LUBE-0026,108,11,163
2024-09-30,S06,LUBE-0026,83,6,95
2024-09-30,S03,LUBE-0027,21,11,49
2024-09-30,S04,LUBE-0027,33,20,133
2024-09-30,S06,LUBE-0027,51,20,93
2024-09-30,S02,FUEL-0028,51,25,77
2024-09-30,S03,FUEL-0028,79,25,164
2024-09-30,S04,FUEL-0028,0,19,65
2024-09-30,S05,FUEL-0028,43,9,55
2024-09-30,S06,FUEL-0028,52,17,136
2024-09-30,S02,FEED-0029,89,27,123
2024-09-30,S03,FEED-0029,60,37,109
2024-09-30,S06,FEED-0029,67,39,105
2024-09-30,S01,HDWR-0030,59,39,103
2024-09-30,S02,HDWR-0030,87,21,138
2024-09-30,S04,HDWR-0030,23,24,142
2024-09-30,S05,HDWR-0030,46,40,176
2024-09-30,S01,LUBE-0031,51,37,88
2024-09-30,S02,LUBE-0031,129,16,140
2024-09-30,S04,LUBE-0031,56,25,118
2024-09-30,S05,LUBE-0031,66,26,81
2024-09-30,S06,LUBE-0031,117,12,99
2024-09-30,S01,FEED-0032,104,23,151
2024-09-30,S02,FEED-0032,81,25,124
2024-09-30,S04,FEED-0032,83,6,159
2024-09-30,S05,FEED-0032,15,29,179
2024-09-30,S01,FEED-0033,167,21,174
2024-09-30,S02,FEED-0033,74,28,119
2024-09-30,S03,FEED-0033,22,16,73
2024-09-30,S04,FEED-0033,42,24,54
2024-09-30,S05,FEED-0033,142,29,174
2024-09-30,S06,FEED-0033,50,14,57
2024-09-30,S02,LUBE-0034,96,15,95
2024-09-30,S04,LUBE-0034,137,33,178
2024-09-30,S06,LUBE-0034,85,40,168
2024-09-30,S02,LUBE-0035,21,12,78
2024-09-30,S03,LUBE-0035,97,27,120
2024-09-30,S05,LUBE-0035,52,21,151
2024-09-30,S06,LUBE-0035,57,32,90
2024-09-30,S01,LUBE-0036,52,22,64
2024-09-30,S03,LUBE-0036,42,13,139
2024-09-30,S04,LUBE-0036,64,8,113
2024-09-30,S01,LUBE-0037,36,8,128
2024-09-30,S02,LUBE-0037,132,18,178
2024-09-30,S05,LUBE-0037,99,38,115
2024-09-30,S01,HDWR-0038,222,32,186
2024-09-30,S02,HDWR-0038,95,24,105
2024-09-30,S03,HDWR-0038,46,28,85
2024-09-30,S04,HDWR-0038,58,34,183
2024-09-30,S05,HDWR-0038,77,30,97
2024-09-30,S01,LUBE-0039,36,22,110
2024-09-30,S02,LUBE-0039,99,16,174
2024-09-30,S03,LUBE-0039,131,9,157
2024-09-30,S04,LUBE-0039,0,18,135
2024-09-30,S05,LUBE-0039,138,26,144
2024-09-30,S06,LUBE-0039,68,8,146
2024-09-30,S01,FEED-0040,39,38,154
2024-09-30,S02,FEED-0040,105,39,174
2024-09-30,S04,FEED-0040,48,34,102
2024-09-30,S05,FEED-0040,78,12,156
2024-09-30,S06,FEED-0040,119,24,110
2024-09-30,S01,SEED-0041,81,21,91
2024-09-30,S02,SEED-0041,50,27,121
2024-09-30,S03,SEED-0041,197,30,178
2024-09-30,S04,SEED-0041,107,14,123
2024-09-30,S05,SEED-0041,62,36,132
2024-09-30,S02,SEED-0042,54,15,169
2024-09-30,S03,SEED-0042,23,6,87
2024-09-30,S04,SEED-0042,41,34,174
2024-09-30,S05,SEED-0042,140,8,153
2024-09-30,S06,SEED-0042,77,33,188
2024-09-30,S03,HDWR-0043,79,27,82
2024-09-30,S04,HDWR-0043,18,23,58
2024-09-30,S05,HDWR-0043,95,22,156
2024-09-30,S01,FEED-0044,50,22,82
2024-09-30,S02,TIRE-0045,32,18,55
2024-09-30,S04,TIRE-0045,68,27,68
2024-09-30,S01,FUEL-0046,86,33,108
2024-09-30,S02,FUEL-0046,101,8,126
2024-09-30,S04,FUEL-0046,52,6,100
2024-09-30,S05,FUEL-0046,28,36,154
2024-09-30,S01,HDWR-0047,81,23,125
2024-09-30,S03,HDWR-0047,67,17,100
2024-09-30,S04,HDWR-0047,69,40,148
2024-09-30,S05,HDWR-0047,169,31,148
2024-09-30,S01,FUEL-0049,114,8,141
2024-09-30,S02,FUEL-0049,72,21,118
2024-09-30,S03,FUEL-0049,62,20,124
2024-09-30,S04,FUEL-0049,54,12,166
2024-09-30,S05,FUEL-0049,17,17,99
2024-09-30,S01,LUBE-0050,59,19,59
2024-09-30,S02,LUBE-0050,54,34,92
2024-09-30,S03,LUBE-0050,25,14,69
2024-09-30,S05,LUBE-0050,35,6,147
2024-09-30,S06,LUBE-0050,118,15,101
2024-09-30,S01,FUEL-0051,85,38,97
2024-09-30,S02,FUEL-0051,45,6,51
2024-09-30,S03,FUEL-0051,136,40,131
2024-09-30,S04,FUEL-0051,51,35,66
2024-09-30,S05,FUEL-0051,73,27,172
2024-09-30,S06,FUEL-0051,76,25,116
2024-09-30,S04,HDWR-0052,35,17,136
2024-09-30,S06,HDWR-0052,81,16,146
2024-09-30,S01,HDWR-0053,169,15,123
2024-09-30,S02,HDWR-0053,36,15,104
2024-09-30,S03,HDWR-0053,51,8,95
2024-09-30,S05,HDWR-0053,38,9,105
2024-09-30,S06,HDWR-0053,77,6,84
2024-09-30,S01,FEED-0054,173,28,180
2024-09-30,S02,FEED-0054,119,26,116
2024-09-30,S03,FEED-0054,13,10,46
2024-09-30,S06,FEED-0054,142,33,161
2024-09-30,S01,SEED-0055,89,25,110
2024-09-30,S02,SEED-0055,59,16,122
2024-09-30,S03,SEED-0055,69,30,103
2024-09-30,S04,SEED-0055,96,26,102
2024-09-30,S01,SEED-0056,72,28,137
2024-09-30,S02,SEED-0056,86,36,102
2024-09-30,S05,SEED-0056,146,40,189
2024-09-30,S02,FEED-0057,93,34,148
2024-09-30,S03,FEED-0057,30,8,72
2024-09-30,S04,FEED-0057,102,38,129
2024-09-30,S05,FEED-0057,66,6,89
2024-09-30,S02,HDWR-0058,166,13,173
2024-09-30,S03,HDWR-0058,81,8,76
2024-09-30,S04,HDWR-0058,44,26,170
2024-09-30,S06,HDWR-0058,23,12,81
2024-09-30,S01,HDWR-0059,127,36,175
2024-09-30,S02,HDWR-0059,44,18,101
2024-09-30,S05,HDWR-0059,26,32,106
2024-09-30,S04,HDWR-0060,22,18,125
2024-09-30,S01,TIRE-0061,162,28,159
2024-09-30,S02,TIRE-0061,118,30,100
2024-09-30,S03,TIRE-0061,56,25,63
2024-09-30,S04,TIRE-0061,103,24,130
2024-09-30,S05,TIRE-0061,107,18,160
2024-09-30,S06,TIRE-0061,96,17,162
2024-09-30,S01,SEED-0062,0,16,135
2024-09-30,S02,SEED-0062,68,23,183
2024-09-30,S04,SEED-0062,125,31,152
2024-09-30,S05,SEED-0062,98,25,182
2024-09-30,S01,SEED-0063,49,28,71
2024-09-30,S02,SEED-0063,89,31,132
2024-09-30,S03,SEED-0063,49,5,115
2024-09-30,S04,SEED-0063,90,26,161
2024-09-30,S05,SEED-0063,80,32,129
2024-09-30,S06,SEED-0063,158,36,157
2024-09-30,S02,TIRE-0064,117,30,164
2024-09-30,S03,TIRE-0064,22,29,115
2024-09-30,S04,TIRE-0064,96,37,162
2024-09-30,S01,LUBE-0065,159,34,148
2024-09-30,S02,LUBE-0065,41,6,76
2024-09-30,S06,LUBE-0065,44,19,52
2024-09-30,S01,FUEL-0066,153,21,148
2024-09-30,S02,FUEL-0066,57,13,169
2024-09-30,S03,FUEL-0066,135,23,183
2024-09-30,S04,FUEL-0066,58,35,88
2024-09-30,S05,FUEL-0066,89,26,126
2024-09-30,S06,FUEL-0066,80,40,131
2024-09-30,S02,HDWR-0067,28,19,133
2024-09-30,S03,HDWR-0067,33,23,70
2024-09-30,S04,HDWR-0067,67,26,92
2024-09-30,S06,HDWR-0067,51,25,75
2024-09-30,S01,LUBE-0068,36,9,61
2024-09-30,S02,LUBE-0068,97,24,171
2024-09-30,S04,LUBE-0068,88,32,123
2024-09-30,S06,LUBE-0068,71,39,93
2024-09-30,S01,FUEL-0069,73,23,135
2024-09-30,S02,FUEL-0069,41,29,85
2024-09-30,S03,FUEL-0069,33,22,67
2024-09-30,S05,FUEL-0069,102,36,159
2024-09-30,S06,FUEL-0069,56,23,144
2024-09-30,S01,FEED-0070,91,22,95
2024-09-30,S03,FEED-0070,63,23,75
2024-09-30,S04,FEED-0070,58,16,150
2024-09-30,S05,FEED-0070,167,40,183
2024-09-30,S02,SEED-0071,32,24,84
2024-09-30,S03,SEED-0071,179,18,165
2024-09-30,S04,SEED-0071,247,33,182
2024-09-30,S05,SEED-0071,43,29,66
2024-09-30,S06,SEED-0071,72,30,83
2024-09-30,S03,FUEL-0072,33,11,84
2024-09-30,S04,FUEL-0072,35,21,103
2024-09-30,S05,FUEL-0072,127,28,151
2024-09-30,S06,FUEL-0072,74,15,169
2024-09-30,S01,TIRE-0073,46,13,77
2024-09-30,S02,TIRE-0073,26,12,137
2024-09-30,S03,TIRE-0073,121,6,147
2024-09-30,S04,TIRE-0073,62,38,113
2024-09-30,S06,TIRE-0073,51,27,76
2024-09-30,S01,FEED-0074,25,6,102
2024-09-30,S02,FEED-0074,107,12,127
2024-09-30,S03,FEED-0074,65,35,117
2024-09-30,S04,FEED-0074,47,40,158
2024-09-30,S05,FEED-0074,79,32,113
2024-09-30,S06,FEED-0074,62,22,73
2024-09-30,S02,FEED-0075,131,35,192
2024-09-30,S03,FEED-0075,32,10,70
2024-09-30,S04,FEED-0075,15,19,170
2024-09-30,S05,FEED-0075,23,18,99
2024-09-30,S03,TIRE-0076,38,33,66
2024-09-30,S04,TIRE-0076,0,14,169
2024-09-30,S05,TIRE-0076,77,31,122
2024-09-30,S06,TIRE-0076,49,7,54
2024-09-30,S02,TIRE-0077,53,16,58
2024-09-30,S01,SEED-0078,0,20,131
2024-09-30,S03,SEED-0078,55,40,95
2024-09-30,S04,SEED-0078,35,12,50
2024-09-30,S05,SEED-0078,124,14,131
2024-09-30,S01,FUEL-0079,92,16,176
2024-09-30,S04,FUEL-0079,51,36,77
2024-09-30,S05,FUEL-0079,24,19,73
2024-09-30,S01,FUEL-0080,62,22,105
2024-09-30,S02,FUEL-0080,94,8,125
2024-09-30,S03,FUEL-0080,49,35,108
2024-09-30,S03,FEED-0081,87,15,86
2024-09-30,S05,FEED-0081,20,26,95
2024-09-30,S06,FEED-0081,31,31,155
2024-09-30,S01,SEED-0082,88,30,104
2024-09-30,S02,SEED-0082,97,8,144
2024-09-30,S04,SEED-0082,39,11,74
2024-09-30,S05,SEED-0082,150,29,169
2024-09-30,S01,HDWR-0083,27,26,110
2024-09-30,S03,HDWR-0083,123,20,135
2024-09-30,S05,HDWR-0083,47,11,102
2024-09-30,S06,HDWR-0083,70,25,61
2024-09-30,S01,TIRE-0084,16,10,113
2024-09-30,S02,TIRE-0084,74,27,126
2024-09-30,S03,TIRE-0084,118,22,164
2024-09-30,S04,TIRE-0084,81,8,111
2024-09-30,S05,TIRE-0084,45,24,86
2024-09-30,S06,TIRE-0084,35,19,114
2024-09-30,S01,FEED-0085,45,21,149
2024-09-30,S04,FEED-0085,197,28,182
2024-09-30,S04,TIRE-0086,23,37,197
2024-09-30,S02,TIRE-0087,32,19,55
2024-09-30,S04,TIRE-0087,101,35,140
2024-09-30,S05,TIRE-0087,118,19,160
2024-09-30,S06,TIRE-0087,92,36,153
2024-09-30,S02,HDWR-0088,117,13,155
2024-09-30,S03,HDWR-0088,84,28,122
2024-09-30,S05,HDWR-0088,31,5,87
2024-09-30,S06,HDWR-0088,68,18,118
2024-09-30,S01,TIRE-0089,41,16,104
2024-09-30,S02,TIRE-0089,85,34,101
2024-09-30,S04,TIRE-0089,105,18,170
2024-09-30,S06,TIRE-0089,98,32,122
2024-09-30,S01,LUBE-0090,176,40,195
2024-09-30,S02,LUBE-0090,77,18,105
2024-09-30,S03,LUBE-0090,90,38,155
2024-09-30,S04,LUBE-0090,41,17,164
2024-09-30,S05,LUBE-0090,135,16,152
2024-09-30,S06,LUBE-0090,27,15,67
2024-09-30,S01,FUEL-0091,52,28,83
2024-09-30,S02,FUEL-0091,103,40,158
2024-09-30,S03,FUEL-0091,41,38,91
2024-09-30,S04,FUEL-0091,67,11,110
2024-09-30,S05,FUEL-0091,98,40,130
2024-09-30,S01,LUBE-0092,71,5,140
2024-09-30,S02,LUBE-0092,108,25,141
2024-09-30,S06,LUBE-0092,63,34,89
2024-09-30,S01,HDWR-0093,27,22,64
2024-09-30,S02,HDWR-0093,51,18,95
2024-09-30,S04,HDWR-0093,34,7,43
2024-09-30,S05,HDWR-0093,90,10,157
2024-09-30,S03,HDWR-0094,95,36,109
2024-09-30,S05,HDWR-0094,43,20,57
2024-09-30,S01,FEED-0095,66,15,138
2024-09-30,S02,FEED-0095,232,39,179
2024-09-30,S06,FEED-0095,33,16,166
2024-09-30,S01,SEED-0096,54,22,126
2024-09-30,S02,SEED-0096,64,33,161
2024-09-30,S03,SEED-0096,123,9,130
2024-09-30,S06,SEED-0096,200,34,190
2024-09-30,S01,FEED-0097,39,27,84
2024-09-30,S02,FEED-0097,37,11,53
2024-09-30,S05,FEED-0097,72,14,163
2024-09-30,S06,FEED-0097,59,13,99
2024-09-30,S03,SEED-0098,59,28,81
2024-09-30,S05,SEED-0098,100,39,158
2024-09-30,S06,SEED-0098,9,24,115
2024-09-30,S01,LUBE-0099,30,20,119
2024-09-30,S02,LUBE-0099,58,33,86
2024-09-30,S03,LUBE-0099,40,28,186
2024-09-30,S05,LUBE-0099,71,8,83
2024-09-30,S02,SEED-0100,84,35,99
2024-09-30,S06,SEED-0100,89,7,89
2024-09-30,S02,FUEL-0101,68,19,161
2024-09-30,S05,FUEL-0101,53,23,97
2024-09-30,S06,FUEL-0101,51,15,128
2024-09-30,S02,FEED-0102,150,30,146
2024-09-30,S03,FEED-0102,78,36,162
2024-09-30,S06,FEED-0102,52,24,148
2024-09-30,S01,HDWR-0103,127,18,146
2024-09-30,S03,HDWR-0103,65,23,93
2024-09-30,S05,HDWR-0103,74,32,170
2024-09-30,S06,HDWR-0103,82,29,91
2024-09-30,S01,FEED-0104,186,9,165
2024-09-30,S03,FEED-0104,92,5,106
2024-09-30,S01,TIRE-0105,0,15,56
2024-09-30,S02,TIRE-0105,97,32,128
2024-09-30,S04,TIRE-0105,66,8,134
2024-09-30,S06,TIRE-0105,47,30,70
2024-09-30,S01,FEED-0106,82,37,191
2024-09-30,S02,FEED-0106,46,19,66
2024-09-30,S04,FEED-0106,90,20,144
2024-09-30,S01,HDWR-0107,85,25,126
2024-09-30,S04,HDWR-0107,57,18,167
2024-09-30,S05,HDWR-0107,81,8,144
2024-09-30,S06,HDWR-0107,70,20,136
2024-09-30,S01,SEED-0108,145,28,148
2024-09-30,S02,SEED-0108,75,32,128
2024-09-30,S04,SEED-0108,99,33,158
2024-09-30,S05,SEED-0108,48,35,131
2024-09-30,S01,FUEL-0109,33,15,59
2024-09-30,S03,FUEL-0109,18,35,148
2024-09-30,S04,FUEL-0109,147,21,177
2024-09-30,S06,FUEL-0109,65,33,173
2024-09-30,S01,HDWR-0110,74,35,111
2024-09-30,S02,HDWR-0110,40,11,126
2024-09-30,S03,HDWR-0110,157,39,172
2024-09-30,S04,HDWR-0110,71,21,146
2024-09-30,S06,HDWR-0110,61,19,89
2024-09-30,S02,SEED-0111,39,14,162
2024-09-30,S05,SEED-0111,19,6,38
2024-09-30,S06,SEED-0111,24,28,156
2024-09-30,S03,LUBE-0112,59,36,155
2024-09-30,S04,LUBE-0112,61,7,99
2024-09-30,S05,LUBE-0112,45,19,54
2024-09-30,S06,LUBE-0112,105,11,164
2024-09-30,S02,HDWR-0113,40,23,71
2024-09-30,S03,HDWR-0113,48,38,71
2024-09-30,S04,HDWR-0113,43,19,88
2024-09-30,S05,HDWR-0113,19,22,62
2024-09-30,S06,SEED-0114,110,6,153
2024-09-30,S01,FEED-0115,105,8,157
2024-09-30,S02,FEED-0115,109,19,170
2024-09-30,S03,FEED-0115,152,14,158
2024-09-30,S01,FEED-0116,44,10,51
2024-09-30,S02,FEED-0116,113,33,183
2024-09-30,S05,FEED-0116,22,8,54
2024-09-30,S06,FEED-0116,91,30,157
2024-09-30,S01,FUEL-0117,24,9,41
2024-09-30,S02,FUEL-0117,95,20,166
2024-09-30,S04,FUEL-0117,43,6,61
2024-09-30,S06,FUEL-0117,81,15,146
2024-09-30,S01,SEED-0118,27,18,58
2024-09-30,S03,SEED-0118,59,9,56
2024-09-30,S04,SEED-0118,63,17,115
2024-09-30,S05,SEED-0118,81,34,175
2024-09-30,S06,SEED-0118,99,35,81
2024-09-30,S04,TIRE-0119,96,32,120
2024-09-30,S05,TIRE-0119,73,40,108
2024-09-30,S06,TIRE-0119,32,21,85
2024-09-30,S01,LUBE-0120,87,26,185
2024-09-30,S02,LUBE-0120,28,11,57
2024-09-30,S03,LUBE-0120,58,36,71
2024-09-30,S05,LUBE-0120,68,29,139
2024-10-31,S01,LUBE-0001,64,22,92
2024-10-31,S02,LUBE-0001,61,14,127
2024-10-31,S03,LUBE-0001,34,21,63
2024-10-31,S05,LUBE-0001,50,26,56
2024-10-31,S06,LUBE-0001,84,15,120
2024-10-31,S01,LUBE-0002,90,31,116
2024-10-31,S03,LUBE-0002,33,19,78
2024-10-31,S05,LUBE-0002,20,12,91
2024-10-31,S02,FEED-0003,59,18,81
2024-10-31,S03,FEED-0003,103,33,171
2024-10-31,S04,FEED-0003,59,34,135
2024-10-31,S06,FEED-0003,76,40,72
2024-10-31,S01,SEED-0004,66,17,62
2024-10-31,S03,SEED-0004,93,7,135
2024-10-31,S04,SEED-0004,124,33,174
2024-10-31,S05,SEED-0004,118,32,141
2024-10-31,S06,SEED-0004,28,9,49
2024-10-31,S02,TIRE-0005,122,25,120
2024-10-31,S03,TIRE-0005,153,25,183
2024-10-31,S04,TIRE-0005,35,27,176
2024-10-31,S05,TIRE-0005,32,12,104
2024-10-31,S06,TIRE-0005,14,27,107
2024-10-31,S02,HDWR-0006,7,18,92
2024-10-31,S03,HDWR-0006,44,14,88
2024-10-31,S04,HDWR-0006,133,29,168
2024-10-31,S05,HDWR-0006,50,23,85
2024-10-31,S06,HDWR-0006,128,24,128
2024-10-31,S04,SEED-0007,22,6,43
2024-10-31,S02,TIRE-0008,28,25,130
2024-10-31,S03,TIRE-0008,119,40,114
2024-10-31,S04,TIRE-0008,68,18,82
2024-10-31,S05,TIRE-0008,59,20,105
2024-10-31,S01,TIRE-0009,50,15,78
2024-10-31,S02,TIRE-0009,43,31,154
2024-10-31,S03,TIRE-0009,41,28,135
2024-10-31,S04,TIRE-0009,25,19,49
2024-10-31,S01,LUBE-0010,55,30,78
2024-10-31,S02,LUBE-0010,90,34,187
2024-10-31,S03,LUBE-0010,78,11,120
2024-10-31,S05,LUBE-0010,59,38,95
2024-10-31,S06,LUBE-0010,74,14,98
2024-10-31,S02,HDWR-0011,85,12,133
2024-10-31,S03,HDWR-0011,152,30,146
2024-10-31,S04,HDWR-0011,111,33,156
2024-10-31,S06,HDWR-0011,56,13,73
2024-10-31,S02,TIRE-0012,54,40,93
2024-10-31,S04,TIRE-0012,75,21,126
2024-10-31,S05,TIRE-0012,57,19,84
2024-10-31,S06,TIRE-0012,61,29,144
2024-10-31,S01,SEED-0013,82,31,109
2024-10-31,S02,SEED-0013,62,38,112
2024-10-31,S04,SEED-0013,121,33,169
2024-10-31,S05,SEED-0013,34,11,63
2024-10-31,S02,FEED-0014,131,37,188
2024-10-31,S03,FEED-0014,45,22,79
2024-10-31,S05,FEED-0014,113,23,87
2024-10-31,S06,FEED-0014,32,6,132
2024-10-31,S01,FUEL-0015,9,12,114
2024-10-31,S02,FUEL-0015,99,37,118
2024-10-31,S03,FUEL-0015,13,9,144
2024-10-31,S04,FUEL-0015,130,13,123
2024-10-31,S05,FUEL-0015,42,23,174
2024-10-31,S01,FEED-0016,120,23,178
2024-10-31,S02,FEED-0016,61,35,106
2024-10-31,S03,FEED-0016,152,26,173
2024-10-31,S04,FEED-0016,37,16,93
2024-10-31,S05,FEED-0016,63,23,140
2024-10-31,S06,FEED-0016,71,22,90
2024-10-31,S04,FUEL-0017,89,30,90
2024-10-31,S05,FUEL-0017,138,38,150
2024-10-31,S06,FUEL-0017,21,28,111
2024-10-31,S03,HDWR-0018,70,39,166
2024-10-31,S04,HDWR-0018,7,13,153
2024-10-31,S06,HDWR-0018,24,20,52
2024-10-31,S02,FUEL-0019,65,13,131
2024-10-31,S03,FUEL-0019,0,16,140
2024-10-31,S04,FUEL-0019,121,18,164
2024-10-31,S05,FUEL-0019,24,11,85
2024-10-31,S06,FUEL-0019,31,15,124
2024-10-31,S01,SEED-0020,62,7,68
2024-10-31,S04,SEED-0020,47,9,152
2024-10-31,S05,SEED-0020,92,28,108
2024-10-31,S06,SEED-0020,68,23,98
2024-10-31,S01,TIRE-0021,89,24,133
2024-10-31,S03,TIRE-0021,221,40,191
2024-10-31,S05,TIRE-0021,116,18,137
2024-10-31,S06,TIRE-0021,94,37,88
2024-10-31,S01,HDWR-0022,30,22,96
2024-10-31,S04,HDWR-0022,93,18,156
2024-10-31,S05,HDWR-0022,51,12,152
2024-10-31,S02,FUEL-0023,46,14,151
2024-10-31,S03,FUEL-0023,48,40,145
2024-10-31,S05,FUEL-0023,113,35,149
2024-10-31,S06,FUEL-0023,39,13,55
2024-10-31,S01,TIRE-0024,131,33,153
2024-10-31,S02,TIRE-0024,46,11,73
2024-10-31,S03,TIRE-0024,152,39,149
2024-10-31,S04,TIRE-0024,61,22,126
2024-10-31,S01,FUEL-0025,46,18,73
2024-10-31,S03,FUEL-0025,79,39,150
2024-10-31,S06,FUEL-0025,22,13,68
2024-10-31,S01,LUBE-0026,47,5,97
2024-10-31,S02,LUBE-0026,100,31,124
2024-10-31,S03,LUBE-0026,146,40,153
2024-10-31,S04,LUBE-0026,25,14,66
2024-10-31,S06,LUBE-0026,98,8,150
2024-10-31,S01,LUBE-0027,153,20,162
2024-10-31,S02,LUBE-0027,97,25,124
2024-10-31,S04,LUBE-0027,13,6,37
2024-10-31,S06,LUBE-0027,120,33,188
2024-10-31,S01,FUEL-0028,43,23,84
2024-10-31,S02,FUEL-0028,42,27,82
2024-10-31,S03,FUEL-0028,79,11,143
2024-10-31,S04,FUEL-0028,116,19,111
2024-10-31,S05,FUEL-0028,26,17,57
2024-10-31,S06,FUEL-0028,160,37,164
2024-10-31,S01,FEED-0029,112,8,154
2024-10-31,S02,FEED-0029,43,26,61
2024-10-31,S03,FEED-0029,1,29,168
2024-10-31,S04,FEED-0029,55,27,61
2024-10-31,S05,FEED-0029,12,28,95
2024-10-31,S06,FEED-0029,138,31,156
2024-10-31,S02,HDWR-0030,5,18,82
2024-10-31,S03,HDWR-0030,117,11,107
2024-10-31,S05,HDWR-0030,64,5,101
2024-10-31,S01,LUBE-0031,132,25,154
2024-10-31,S05,LUBE-0031,39,14,45
2024-10-31,S06,LUBE-0031,34,18,79
2024-10-31,S01,FEED-0032,109,14,166
2024-10-31,S02,FEED-0032,51,19,76
2024-10-31,S03,FEED-0032,133,39,191
2024-10-31,S04,FEED-0032,25,5,59
2024-10-31,S05,FEED-0032,79,9,158
2024-10-31,S06,FEED-0032,32,11,171
2024-10-31,S02,FEED-0033,88,33,144
2024-10-31,S04,FEED-0033,47,10,125
2024-10-31,S06,FEED-0033,2,19,92
2024-10-31,S01,LUBE-0034,93,30,171
2024-10-31,S03,LUBE-0034,124,36,191
2024-10-31,S04,LUBE-0034,108,34,138
2024-10-31,S05,LUBE-0034,35,12,103
2024-10-31,S06,LUBE-0034,170,36,175
2024-10-31,S01,LUBE-0035,14,27,144
2024-10-31,S02,LUBE-0035,25,28,74
2024-10-31,S04,LUBE-0035,0,13,125
2024-10-31,S05,LUBE-0035,70,26,84
2024-10-31,S06,LUBE-0035,95,12,158
2024-10-31,S02,LUBE-0036,102,17,152
2024-10-31,S05,LUBE-0036,111,17,120
2024-10-31,S02,LUBE-0037,133,35,144
2024-10-31,S03,LUBE-0037,56,31,190
2024-10-31,S04,LUBE-0037,110,23,162
2024-10-31,S05,LUBE-0037,55,24,118
2024-10-31,S06,LUBE-0037,75,36,121
2024-10-31,S01,HDWR-0038,87,40,115
2024-10-31,S04,HDWR-0038,127,36,186
2024-10-31,S01,LUBE-0039,53,8,93
2024-10-31,S03,LUBE-0039,53,29,154
2024-10-31,S05,LUBE-0039,68,31,143
2024-10-31,S06,LUBE-0039,29,19,174
2024-10-31,S01,FEED-0040,114,23,175
2024-10-31,S04,FEED-0040,76,38,131
2024-10-31,S06,FEED-0040,40,6,144
2024-10-31,S01,SEED-0041,138,33,170
2024-10-31,S02,SEED-0041,106,28,165
2024-10-31,S03,SEED-0041,0,31,188
2024-10-31,S04,SEED-0041,70,20,109
2024-10-31,S05,SEED-0041,155,36,182
2024-10-31,S01,SEED-0042,64,7,101
2024-10-31,S03,SEED-0042,78,12,89
2024-10-31,S04,SEED-0042,29,8,41
2024-10-31,S06,SEED-0042,161,20,135
2024-10-31,S01,HDWR-0043,36,37,113
2024-10-31,S02,HDWR-0043,81,36,116
2024-10-31,S03,HDWR-0043,39,13,56
2024-10-31,S04,HDWR-0043,129,30,132
2024-10-31,S05,HDWR-0043,66,28,82
2024-10-31,S01,FEED-0044,63,37,194
2024-10-31,S02,FEED-0044,62,34,141
2024-10-31,S03,FEED-0044,135,36,157
2024-10-31,S04,FEED-0044,88,35,86
2024-10-31,S06,FEED-0044,144,23,159
2024-10-31,S02,TIRE-0045,0,8,134
2024-10-31,S05,TIRE-0045,33,27,81
2024-10-31,S01,FUEL-0046,52,18,82
2024-10-31,S02,FUEL-0046,30,30,168
2024-10-31,S03,FUEL-0046,95,38,145
2024-10-31,S05,FUEL-0046,50,26,71
2024-10-31,S06,FUEL-0046,88,8,119
2024-10-31,S02,HDWR-0047,59,7,150
2024-10-31,S03,HDWR-0047,67,28,82
2024-10-31,S05,HDWR-0047,85,23,148
2024-10-31,S06,HDWR-0047,44,8,101
2024-10-31,S01,LUBE-0048,10,9,46
2024-10-31,S02,LUBE-0048,173,15,167
2024-10-31,S04,LUBE-0048,137,39,182
2024-10-31,S05,LUBE-0048,46,14,158
2024-10-31,S01,FUEL-0049,94,17,132
2024-10-31,S04,FUEL-0049,80,22,110
2024-10-31,S05,FUEL-0049,74,37,115
2024-10-31,S06,FUEL-0049,87,24,146
2024-10-31,S02,LUBE-0050,56,8,46
2024-10-31,S03,LUBE-0050,32,26,66
2024-10-31,S01,FUEL-0051,119,7,92
2024-10-31,S02,FUEL-0051,92,21,97
2024-10-31,S03,FUEL-0051,23,18,67
2024-10-31,S05,FUEL-0051,138,14,123
2024-10-31,S06,FUEL-0051,154,37,190
2024-10-31,S01,HDWR-0052,87,30,101
2024-10-31,S02,HDWR-0052,38,35,140
2024-10-31,S03,HDWR-0052,51,16,71
2024-10-31,S05,HDWR-0052,73,39,103
2024-10-31,S03,HDWR-0053,41,26,61
2024-10-31,S04,HDWR-0053,25,20,70
2024-10-31,S02,FEED-0054,110,22,151
2024-10-31,S03,FEED-0054,28,25,78
2024-10-31,S04,FEED-0054,47,30,103
2024-10-31,S05,FEED-0054,90,32,143
2024-10-31,S06,FEED-0054,118,39,179
2024-10-31,S01,SEED-0055,39,18,161
2024-10-31,S02,SEED-0055,191,33,181
2024-10-31,S03,SEED-0055,57,16,62
2024-10-31,S04,SEED-0055,15,17,69
2024-10-31,S05,SEED-0055,52,36,68
2024-10-31,S02,SEED-0056,65,32,103
2024-10-31,S04,SEED-0056,40,23,103
2024-10-31,S06,SEED-0056,9,19,176
2024-10-31,S01,FEED-0057,91,23,161
2024-10-31,S02,FEED-0057,78,26,134
2024-10-31,S03,FEED-0057,87,39,175
2024-10-31,S04,FEED-0057,61,24,184
2024-10-31,S05,FEED-0057,32,16,47
2024-10-31,S01,HDWR-0058,0,15,141
2024-10-31,S02,HDWR-0058,26,6,88
2024-10-31,S03,HDWR-0058,16,28,183
2024-10-31,S05,HDWR-0058,72,29,142
2024-10-31,S01,HDWR-0059,87,21,158
2024-10-31,S02,HDWR-0059,54,19,82
2024-10-31,S05,HDWR-0059,70,6,102
2024-10-31,S06,HDWR-0059,93,20,145
2024-10-31,S01,HDWR-0060,70,5,106
2024-10-31,S02,HDWR-0060,55,33,122
2024-10-31,S04,HDWR-0060,60,14,152
2024-10-31,S05,HDWR-0060,119,36,178
2024-10-31,S06,HDWR-0060,71,17,85
2024-10-31,S02,TIRE-0061,0,8,50
2024-10-31,S05,TIRE-0061,98,38,177
2024-10-31,S06,TIRE-0061,144,20,149
2024-10-31,S01,SEED-0062,64,20,107
2024-10-31,S03,SEED-0062,22,17,161
2024-10-31,S04,SEED-0062,34,40,123
2024-10-31,S05,SEED-0062,59,38,106
2024-10-31,S02,SEED-0063,131,40,181
2024-10-31,S03,SEED-0063,62,27,103
2024-10-31,S04,SEED-0063,145,20,135
2024-10-31,S05,SEED-0063,117,20,172
2024-10-31,S06,SEED-0063,77,36,125
2024-10-31,S02,TIRE-0064,29,6,132
2024-10-31,S03,TIRE-0064,116,21,154
2024-10-31,S06,TIRE-0064,50,27,71
2024-10-31,S01,LUBE-0065,81,34,103
2024-10-31,S02,LUBE-0065,70,32,109
2024-10-31,S03,LUBE-0065,36,8,153
2024-10-31,S04,LUBE-0065,134,39,174
2024-10-31,S05,LUBE-0065,245,19,172
2024-10-31,S06,LUBE-0065,128,7,128
2024-10-31,S01,FUEL-0066,113,33,130
2024-10-31,S02,FUEL-0066,43,19,104
2024-10-31,S05,FUEL-0066,95,7,145
2024-10-31,S06,FUEL-0066,72,8,98
2024-10-31,S03,HDWR-0067,132,35,192
2024-10-31,S04,HDWR-0067,67,22,80
2024-10-31,S05,HDWR-0067,116,31,161
2024-10-31,S01,LUBE-0068,116,28,178
2024-10-31,S03,LUBE-0068,55,18,137
2024-10-31,S04,LUBE-0068,97,38,150
2024-10-31,S06,LUBE-0068,116,40,146
2024-10-31,S01,FUEL-0069,32,27,59
2024-10-31,S03,FUEL-0069,41,37,176
2024-10-31,S04,FUEL-0069,84,15,113
2024-10-31,S05,FUEL-0069,45,25,59
2024-10-31,S02,FEED-0070,72,34,121
2024-10-31,S04,FEED-0070,81,28,127
2024-10-31,S05,FEED-0070,117,20,147
2024-10-31,S06,FEED-0070,52,30,85
2024-10-31,S01,SEED-0071,51,33,179
2024-10-31,S04,SEED-0071,84,24,150
2024-10-31,S05,SEED-0071,52,20,110
2024-10-31,S06,SEED-0071,26,5,72
2024-10-31,S01,FUEL-0072,84,8,159
2024-10-31,S02,FUEL-0072,93,35,176
2024-10-31,S03,FUEL-0072,36,7,118
2024-10-31,S05,FUEL-0072,65,40,166
2024-10-31,S01,TIRE-0073,15,9,78
2024-10-31,S02,TIRE-0073,82,7,164
2024-10-31,S04,TIRE-0073,73,10,129
2024-10-31,S05,TIRE-0073,110,27,113
2024-10-31,S04,FEED-0074,24,26,102
2024-10-31,S02,FEED-0075,76,24,125
2024-10-31,S03,FEED-0075,42,28,79
2024-10-31,S04,FEED-0075,72,30,110
2024-10-31,S05,FEED-0075,110,25,166
2024-10-31,S06,FEED-0075,166,7,160
2024-10-31,S01,TIRE-0076,99,32,156
2024-10-31,S02,TIRE-0076,88,5,145
2024-10-31,S03,TIRE-0076,28,9,74
2024-10-31,S04,TIRE-0076,148,36,140
2024-10-31,S05,TIRE-0076,104,9,155
2024-10-31,S06,TIRE-0076,18,6,132
2024-10-31,S01,TIRE-0077,27,14,61
2024-10-31,S04,TIRE-0077,141,38,169
2024-10-31,S05,TIRE-0077,68,5,82
2024-10-31,S06,TIRE-0077,98,8,130
2024-10-31,S02,SEED-0078,71,8,86
2024-10-31,S03,SEED-0078,40,11,79
2024-10-31,S04,SEED-0078,88,39,159
2024-10-31,S05,SEED-0078,77,38,175
2024-10-31,S06,SEED-0078,129,40,139
2024-10-31,S03,FUEL-0079,84,39,178
2024-10-31,S05,FUEL-0079,67,36,79
2024-10-31,S06,FUEL-0079,48,28,122
2024-10-31,S01,FUEL-0080,89,26,158
2024-10-31,S02,FUEL-0080,55,19,56
2024-10-31,S04,FUEL-0080,0,5,114
2024-10-31,S06,FUEL-0080,90,11,133
2024-10-31,S01,FEED-0081,77,19,134
2024-10-31,S03,FEED-0081,78,28,154
2024-10-31,S04,FEED-0081,48,28,65
2024-10-31,S05,FEED-0081,132,6,166
2024-10-31,S06,FEED-0081,45,32,146
2024-10-31,S01,SEED-0082,0,18,169
2024-10-31,S02,SEED-0082,41,24,178
2024-10-31,S04,SEED-0082,39,7,85
2024-10-31,S05,SEED-0082,51,29,63
2024-10-31,S06,SEED-0082,0,6,71
2024-10-31,S03,HDWR-0083,77,24,101
2024-10-31,S05,HDWR-0083,64,15,65
2024-10-31,S06,HDWR-0083,134,13,154
2024-10-31,S01,TIRE-0084,38,13,103
2024-10-31,S02,TIRE-0084,69,40,97
2024-10-31,S03,TIRE-0084,13,20,51
2024-10-31,S05,TIRE-0084,19,28,99
2024-10-31,S01,FEED-0085,39,5,88
2024-10-31,S03,FEED-0085,139,37,180
2024-10-31,S06,FEED-0085,185,25,158
2024-10-31,S01,TIRE-0086,51,39,77
2024-10-31,S02,TIRE-0086,66,26,66
2024-10-31,S03,TIRE-0086,78,27,112
2024-10-31,S04,TIRE-0086,149,25,175
2024-10-31,S03,TIRE-0087,14,26,172
2024-10-31,S04,TIRE-0087,75,40,82
2024-10-31,S05,TIRE-0087,45,22,79
2024-10-31,S06,TIRE-0087,48,38,97
2024-10-31,S01,HDWR-0088,112,12,117
2024-10-31,S03,HDWR-0088,83,26,120
2024-10-31,S05,HDWR-0088,108,28,164
2024-10-31,S06,HDWR-0088,45,30,160
2024-10-31,S02,TIRE-0089,87,26,116
2024-10-31,S03,TIRE-0089,21,30,116
2024-10-31,S04,TIRE-0089,89,28,148
2024-10-31,S05,TIRE-0089,33,7,80
2024-10-31,S06,TIRE-0089,37,13,102
2024-10-31,S01,LUBE-0090,73,40,96
2024-10-31,S02,LUBE-0090,72,22,182
2024-10-31,S03,LUBE-0090,111,11,141
2024-10-31,S05,LUBE-0090,88,30,115
2024-10-31,S06,LUBE-0090,47,39,84
2024-10-31,S02,FUEL-0091,12,10,91
2024-10-31,S04,FUEL-0091,113,27,167
2024-10-31,S05,FUEL-0091,47,5,76
2024-10-31,S06,FUEL-0091,114,23,174
2024-10-31,S01,LUBE-0092,126,17,161
2024-10-31,S04,LUBE-0092,90,12,165
2024-10-31,S05,LUBE-0092,57,31,102
2024-10-31,S06,LUBE-0092,61,27,144
2024-10-31,S01,HDWR-0093,33,22,102
2024-10-31,S03,HDWR-0093,81,25,181
2024-10-31,S06,HDWR-0093,151,17,169
2024-10-31,S02,HDWR-0094,61,11,165
2024-10-31,S03,HDWR-0094,103,8,136
2024-10-31,S05,HDWR-0094,81,23,120
2024-10-31,S06,HDWR-0094,86,25,121
2024-10-31,S03,FEED-0095,127,13,117
2024-10-31,S04,FEED-0095,118,32,122
2024-10-31,S02,SEED-0096,169,10,155
2024-10-31,S03,SEED-0096,62,21,81
2024-10-31,S06,SEED-0096,99,36,155
2024-10-31,S01,FEED-0097,52,29,83
2024-10-31,S03,FEED-0097,60,11,138
2024-10-31,S05,FEED-0097,37,19,97
2024-10-31,S06,FEED-0097,133,38,137
2024-10-31,S03,SEED-0098,26,9,42
2024-10-31,S04,SEED-0098,45,36,94
2024-10-31,S06,SEED-0098,45,27,83
2024-10-31,S02,LUBE-0099,50,22,143
2024-10-31,S03,LUBE-0099,147,18,146
2024-10-31,S04,LUBE-0099,49,34,108
2024-10-31,S06,LUBE-0099,36,8,103
2024-10-31,S02,SEED-0100,89,9,136
2024-10-31,S04,SEED-0100,34,15,95
2024-10-31,S05,SEED-0100,22,6,44
2024-10-31,S01,FUEL-0101,70,22,116
2024-10-31,S04,FUEL-0101,42,29,59
2024-10-31,S06,FUEL-0101,172,8,168
2024-10-31,S02,FEED-0102,77,19,103
2024-10-31,S03,FEED-0102,80,29,120
2024-10-31,S04,FEED-0102,99,13,159
2024-10-31,S05,FEED-0102,111,32,144
2024-10-31,S01,HDWR-0103,107,14,142
2024-10-31,S03,HDWR-0103,52,27,110
2024-10-31,S06,HDWR-0103,67,28,124
2024-10-31,S01,FEED-0104,63,27,110
2024-10-31,S02,FEED-0104,78,34,112
2024-10-31,S04,FEED-0104,7,27,168
2024-10-31,S06,FEED-0104,47,29,74
2024-10-31,S01,TIRE-0105,37,34,104
2024-10-31,S02,TIRE-0105,105,5,115
2024-10-31,S04,TIRE-0105,108,29,133
2024-10-31,S01,FEED-0106,24,10,91
2024-10-31,S02,FEED-0106,93,15,137
2024-10-31,S03,FEED-0106,131,16,155
2024-10-31,S04,FEED-0106,58,16,88
2024-10-31,S01,HDWR-0107,38,34,112
2024-10-31,S02,HDWR-0107,72,24,148
2024-10-31,S03,HDWR-0107,80,40,112
2024-10-31,S04,HDWR-0107,103,36,148
2024-10-31,S01,SEED-0108,78,27,158
2024-10-31,S02,SEED-0108,107,37,152
2024-10-31,S03,SEED-0108,32,17,95
2024-10-31,S05,SEED-0108,50,18,68
2024-10-31,S06,SEED-0108,52,10,82
2024-10-31,S02,FUEL-0109,130,38,194
2024-10-31,S03,FUEL-0109,78,18,115
2024-10-31,S04,FUEL-0109,104,18,133
2024-10-31,S06,FUEL-0109,85,26,172
2024-10-31,S01,HDWR-0110,141,19,157
2024-10-31,S02,HDWR-0110,35,17,79
2024-10-31,S05,HDWR-0110,95,26,119
2024-10-31,S06,HDWR-0110,85,26,100
2024-10-31,S01,SEED-0111,77,23,150
2024-10-31,S02,SEED-0111,147,6,146
2024-10-31,S03,SEED-0111,46,14,109
2024-10-31,S04,SEED-0111,112,27,178
2024-10-31,S06,SEED-0111,15,9,48
2024-10-31,S01,LUBE-0112,46,6,77
2024-10-31,S03,LUBE-0112,64,28,85
2024-10-31,S05,LUBE-0112,85,31,118
2024-10-31,S06,LUBE-0112,56,21,76
2024-10-31,S04,HDWR-0113,77,13,148
2024-10-31,S02,SEED-0114,23,26,65
2024-10-31,S05,SEED-0114,51,36,178
2024-10-31,S01,FEED-0115,41,10,71
2024-10-31,S02,FEED-0115,67,11,94
2024-10-31,S04,FEED-0115,98,30,108
2024-10-31,S06,FEED-0115,56,31,71
2024-10-31,S01,FEED-0116,69,17,69
2024-10-31,S03,FEED-0116,143,26,169
2024-10-31,S05,FEED-0116,92,11,131
2024-10-31,S02,FUEL-0117,34,40,190
2024-10-31,S03,FUEL-0117,59,5,81
2024-10-31,S04,FUEL-0117,66,26,165
2024-10-31,S05,FUEL-0117,209,5,145
2024-10-31,S06,FUEL-0117,136,10,135
2024-10-31,S01,SEED-0118,75,30,115
2024-10-31,S02,SEED-0118,63,11,72
2024-10-31,S04,SEED-0118,53,34,133
2024-10-31,S05,SEED-0118,73,16,106
2024-10-31,S06,SEED-0118,23,5,44
2024-10-31,S04,TIRE-0119,168,25,156
2024-10-31,S05,TIRE-0119,29,18,133
2024-10-31,S02,LUBE-0120,103,13,172
2024-10-31,S03,LUBE-0120,41,32,190
2024-10-31,S04,LUBE-0120,131,39,163
2024-11-30,S01,LUBE-0001,5,9,54
2024-11-30,S02,LUBE-0001,133,30,150
2024-11-30,S04,LUBE-0001,40,34,116
2024-11-30,S05,LUBE-0001,77,30,153
2024-11-30,S02,LUBE-0002,47,36,82
2024-11-30,S03,LUBE-0002,65,18,62
2024-11-30,S04,LUBE-0002,50,31,71
2024-11-30,S05,LUBE-0002,46,39,153
2024-11-30,S06,LUBE-0002,64,26,132
2024-11-30,S02,FEED-0003,43,17,72
2024-11-30,S04,FEED-0003,105,15,133
2024-11-30,S05,FEED-0003,134,40,180
2024-11-30,S06,FEED-0003,36,5,62
2024-11-30,S01,SEED-0004,26,22,64
2024-11-30,S02,SEED-0004,5,12,123
2024-11-30,S04,SEED-0004,124,11,115
2024-11-30,S05,SEED-0004,30,5,55
2024-11-30,S06,SEED-0004,42,22,174
2024-11-30,S01,TIRE-0005,40,30,116
2024-11-30,S02,TIRE-0005,52,21,69
2024-11-30,S03,TIRE-0005,56,33,97
2024-11-30,S01,HDWR-0006,42,16,119
2024-11-30,S02,HDWR-0006,96,5,109
2024-11-30,S05,HDWR-0006,77,34,136
2024-11-30,S06,HDWR-0006,51,20,152
2024-11-30,S01,SEED-0007,19,26,103
2024-11-30,S02,SEED-0007,88,37,112
2024-11-30,S05,SEED-0007,71,11,83
2024-11-30,S06,SEED-0007,88,29,90
2024-11-30,S01,TIRE-0008,22,15,55
2024-11-30,S03,TIRE-0008,42,34,67
2024-11-30,S04,TIRE-0008,92,20,141
2024-11-30,S05,TIRE-0008,43,25,74
2024-11-30,S05,TIRE-0009,70,27,109
2024-11-30,S01,LUBE-0010,109,24,114
2024-11-30,S02,LUBE-0010,70,35,153
2024-11-30,S03,LUBE-0010,56,34,86
2024-11-30,S04,LUBE-0010,30,7,66
2024-11-30,S01,HDWR-0011,117,26,153
2024-11-30,S02,HDWR-0011,56,31,130
2024-11-30,S03,HDWR-0011,69,17,107
2024-11-30,S01,TIRE-0012,128,19,123
2024-11-30,S02,TIRE-0012,44,15,81
2024-11-30,S03,TIRE-0012,91,32,112
2024-11-30,S05,TIRE-0012,59,6,88
2024-11-30,S06,TIRE-0012,54,24,84
2024-11-30,S01,SEED-0013,91,26,106
2024-11-30,S02,SEED-0013,67,29,169
2024-11-30,S04,SEED-0013,74,17,131
2024-11-30,S06,SEED-0013,77,25,98
2024-11-30,S06,FEED-0014,161,16,160
2024-11-30,S01,FUEL-0015,38,18,113
2024-11-30,S02,FUEL-0015,67,34,144
2024-11-30,S03,FUEL-0015,104,19,137
2024-11-30,S04,FUEL-0015,128,29,134
2024-11-30,S06,FUEL-0015,54,10,76
2024-11-30,S01,FEED-0016,119,9,121
2024-11-30,S05,FEED-0016,42,18,50
2024-11-30,S03,FUEL-0017,25,6,84
2024-11-30,S04,FUEL-0017,63,12,106
2024-11-30,S06,FUEL-0017,73,30,111
2024-11-30,S01,HDWR-0018,124,31,137
2024-11-30,S02,HDWR-0018,171,16,149
2024-11-30,S03,HDWR-0018,99,21,131
2024-11-30,S04,HDWR-0018,101,37,190
2024-11-30,S05,HDWR-0018,80,32,184
2024-11-30,S06,HDWR-0018,44,16,144
2024-11-30,S01,FUEL-0019,116,31,110
2024-11-30,S02,FUEL-0019,62,18,104
2024-11-30,S04,FUEL-0019,87,40,104
2024-11-30,S06,FUEL-0019,18,31,184
2024-11-30,S02,SEED-0020,79,9,114
2024-11-30,S04,SEED-0020,42,12,120
2024-11-30,S05,SEED-0020,214,27,165
2024-11-30,S06,SEED-0020,40,18,120
2024-11-30,S01,TIRE-0021,25,25,93
2024-11-30,S02,TIRE-0021,76,16,86
2024-11-30,S03,TIRE-0021,85,34,144
2024-11-30,S04,TIRE-0021,52,5,132
2024-11-30,S05,TIRE-0021,53,28,101
2024-11-30,S06,TIRE-0021,47,33,74
2024-11-30,S01,HDWR-0022,97,37,152
2024-11-30,S02,HDWR-0022,34,17,61
2024-11-30,S03,HDWR-0022,62,19,122
2024-11-30,S04,HDWR-0022,0,9,59
2024-11-30,S02,FUEL-0023,86,13,102
2024-11-30,S03,FUEL-0023,34,26,80
2024-11-30,S04,FUEL-0023,53,13,82
2024-11-30,S01,TIRE-0024,81,20,145
2024-11-30,S02,TIRE-0024,62,14,100
2024-11-30,S03,TIRE-0024,60,9,66
2024-11-30,S04,TIRE-0024,103,20,177
2024-11-30,S05,TIRE-0024,57,39,186
2024-11-30,S06,TIRE-0024,66,33,182
2024-11-30,S01,FUEL-0025,81,15,107
2024-11-30,S02,FUEL-0025,111,40,145
2024-11-30,S03,FUEL-0025,134,31,145
2024-11-30,S01,LUBE-0026,98,26,173
2024-11-30,S02,LUBE-0026,78,6,133
2024-11-30,S03,LUBE-0026,94,24,130
2024-11-30,S05,LUBE-0026,37,33,99
2024-11-30,S01,LUBE-0027,64,37,87
2024-11-30,S04,LUBE-0027,49,18,78
2024-11-30,S05,LUBE-0027,39,10,69
2024-11-30,S06,LUBE-0027,82,33,168
2024-11-30,S03,FUEL-0028,78,5,151
2024-11-30,S04,FUEL-0028,31,8,110
2024-11-30,S06,FUEL-0028,160,15,157
2024-11-30,S02,FEED-0029,62,5,71
2024-11-30,S03,FEED-0029,71,22,119
2024-11-30,S04,FEED-0029,52,10,136
2024-11-30,S05,FEED-0029,67,31,106
2024-11-30,S06,FEED-0029,62,26,85
2024-11-30,S01,HDWR-0030,100,32,121
2024-11-30,S04,HDWR-0030,146,25,178
2024-11-30,S05,HDWR-0030,65,23,72
2024-11-30,S06,HDWR-0030,96,16,152
2024-11-30,S01,LUBE-0031,95,26,124
2024-11-30,S02,LUBE-0031,97,39,122
2024-11-30,S03,LUBE-0031,85,10,150
2024-11-30,S05,LUBE-0031,121,31,133
2024-11-30,S06,LUBE-0031,45,22,163
2024-11-30,S01,FEED-0032,66,11,89
2024-11-30,S03,FEED-0032,41,8,63
2024-11-30,S04,FEED-0032,0,11,127
2024-11-30,S05,FEED-0032,69,26,86
2024-11-30,S06,FEED-0032,18,12,55
2024-11-30,S02,FEED-0033,54,13,91
2024-11-30,S03,FEED-0033,58,30,190
2024-11-30,S05,FEED-0033,100,11,110
2024-11-30,S06,FEED-0033,66,20,136
2024-11-30,S01,LUBE-0034,32,10,142
2024-11-30,S03,LUBE-0034,68,30,106
2024-11-30,S04,LUBE-0034,117,40,140
2024-11-30,S05,LUBE-0034,44,34,86
2024-11-30,S06,LUBE-0034,45,17,105
2024-11-30,S01,LUBE-0035,121,7,126
2024-11-30,S02,LUBE-0035,0,5,100
2024-11-30,S03,LUBE-0035,64,40,77
2024-11-30,S05,LUBE-0035,62,11,96
2024-11-30,S01,LUBE-0036,55,24,77
2024-11-30,S02,LUBE-0036,118,24,113
2024-11-30,S04,LUBE-0036,99,39,144
2024-11-30,S01,LUBE-0037,42,24,58
2024-11-30,S02,LUBE-0037,7,31,118
2024-11-30,S04,LUBE-0037,80,8,104
2024-11-30,S05,LUBE-0037,45,17,58
2024-11-30,S01,HDWR-0038,97,29,158
2024-11-30,S02,HDWR-0038,77,11,140
2024-11-30,S03,HDWR-0038,96,30,128
2024-11-30,S04,HDWR-0038,23,13,50
2024-11-30,S05,HDWR-0038,146,38,193
2024-11-30,S06,HDWR-0038,49,9,66
2024-11-30,S01,LUBE-0039,65,30,95
2024-11-30,S02,LUBE-0039,94,8,121
2024-11-30,S03,LUBE-0039,28,14,123
2024-11-30,S06,LUBE-0039,83,17,150
2024-11-30,S02,FEED-0040,141,9,143
2024-11-30,S04,FEED-0040,53,23,81
2024-11-30,S05,FEED-0040,87,15,94
2024-11-30,S02,SEED-0041,119,32,158
2024-11-30,S04,SEED-0041,84,11,133
2024-11-30,S05,SEED-0041,44,37,131
2024-11-30,S06,SEED-0041,0,8,116
2024-11-30,S01,SEED-0042,63,34,86
2024-11-30,S02,SEED-0042,35,15,151
2024-11-30,S03,SEED-0042,92,22,77
2024-11-30,S04,SEED-0042,53,25,156
2024-11-30,S06,SEED-0042,49,12,63
2024-11-30,S01,HDWR-0043,34,13,52
2024-11-30,S02,HDWR-0043,61,6,122
2024-11-30,S03,HDWR-0043,35,17,141
2024-11-30,S04,HDWR-0043,61,16,150
2024-11-30,S06,HDWR-0043,45,26,91
2024-11-30,S02,FEED-0044,81,20,98
2024-11-30,S04,FEED-0044,25,37,133
2024-11-30,S05,FEED-0044,87,37,177
2024-11-30,S06,FEED-0044,77,38,116
2024-11-30,S02,TIRE-0045,0,15,171
2024-11-30,S03,TIRE-0045,54,18,81
2024-11-30,S04,TIRE-0045,40,9,100
2024-11-30,S06,TIRE-0045,26,18,50
2024-11-30,S02,FUEL-0046,77,31,149
2024-11-30,S03,FUEL-0046,38,6,63
2024-11-30,S01,HDWR-0047,100,33,188
2024-11-30,S03,HDWR-0047,47,7,120
2024-11-30,S04,HDWR-0047,42,5,104
2024-11-30,S05,HDWR-0047,58,30,77
2024-11-30,S06,HDWR-0047,33,38,117
2024-11-30,S01,LUBE-0048,39,31,129
2024-11-30,S02,LUBE-0048,88,31,167
2024-11-30,S04,LUBE-0048,74,29,172
2024-11-30,S06,LUBE-0048,52,34,145
2024-11-30,S02,FUEL-0049,48,24,100
2024-11-30,S03,FUEL-0049,32,22,170
2024-11-30,S04,FUEL-0049,58,39,91
2024-11-30,S05,FUEL-0049,51,21,134
2024-11-30,S06,FUEL-0049,121,33,183
2024-11-30,S01,LUBE-0050,95,35,151
2024-11-30,S02,LUBE-0050,36,7,119
2024-11-30,S03,LUBE-0050,69,39,89
2024-11-30,S04,LUBE-0050,1,39,167
2024-11-30,S05,LUBE-0050,50,6,61
2024-11-30,S01,FUEL-0051,193,17,165
2024-11-30,S02,FUEL-0051,93,10,116
2024-11-30,S03,FUEL-0051,35,6,61
2024-11-30,S04,FUEL-0051,162,39,148
2024-11-30,S06,FUEL-0051,53,16,65
2024-11-30,S03,HDWR-0052,62,32,112
2024-11-30,S04,HDWR-0052,79,33,110
2024-11-30,S05,HDWR-0052,106,19,108
2024-11-30,S01,HDWR-0053,32,5,96
2024-11-30,S03,HDWR-0053,119,23,116
2024-11-30,S04,HDWR-0053,75,16,62
2024-11-30,S06,HDWR-0053,65,25,130
2024-11-30,S01,FEED-0054,138,29,166
2024-11-30,S02,FEED-0054,48,17,61
2024-11-30,S03,FEED-0054,46,35,65
2024-11-30,S04,FEED-0054,81,37,138
2024-11-30,S05,FEED-0054,33,31,78
2024-11-30,S06,FEED-0054,33,10,50
2024-11-30,S02,SEED-0055,50,30,101
2024-11-30,S05,SEED-0055,70,7,73
2024-11-30,S06,SEED-0055,104,27,173
2024-11-30,S01,SEED-0056,5,26,151
2024-11-30,S03,SEED-0056,69,21,127
2024-11-30,S04,SEED-0056,101,29,119
2024-11-30,S06,SEED-0056,43,33,103
2024-11-30,S01,FEED-0057,33,16,51
2024-11-30,S03,FEED-0057,90,39,114
2024-11-30,S04,FEED-0057,18,6,118
2024-11-30,S01,HDWR-0058,96,35,165
2024-11-30,S02,HDWR-0058,66,34,111
2024-11-30,S04,HDWR-0058,18,14,115
2024-11-30,S05,HDWR-0058,53,14,102
2024-11-30,S06,HDWR-0058,55,35,158
2024-11-30,S01,HDWR-0059,116,29,158
2024-11-30,S02,HDWR-0059,76,25,107
2024-11-30,S03,HDWR-0059,65,23,182
2024-11-30,S05,HDWR-0059,204,40,200
2024-11-30,S06,HDWR-0059,82,33,154
2024-11-30,S01,HDWR-0060,108,23,164
2024-11-30,S02,HDWR-0060,46,33,158
2024-11-30,S03,HDWR-0060,139,24,147
2024-11-30,S06,HDWR-0060,119,21,149
2024-11-30,S01,TIRE-0061,105,13,135
2024-11-30,S03,TIRE-0061,93,18,131
2024-11-30,S05,TIRE-0061,108,35,165
2024-11-30,S02,SEED-0062,257,36,178
2024-11-30,S04,SEED-0062,78,17,161
2024-11-30,S05,SEED-0062,36,6,85
2024-11-30,S01,SEED-0063,26,16,173
2024-11-30,S02,SEED-0063,79,8,142
2024-11-30,S03,SEED-0063,38,37,164
2024-11-30,S05,SEED-0063,84,5,119
2024-11-30,S06,SEED-0063,0,6,119
2024-11-30,S01,TIRE-0064,45,14,61
2024-11-30,S02,TIRE-0064,61,21,155
2024-11-30,S03,TIRE-0064,75,25,84
2024-11-30,S01,LUBE-0065,33,19,81
2024-11-30,S02,LUBE-0065,38,8,148
2024-11-30,S03,LUBE-0065,106,32,142
2024-11-30,S05,LUBE-0065,0,8,64
2024-11-30,S06,LUBE-0065,46,27,117
2024-11-30,S02,FUEL-0066,57,26,150
2024-11-30,S03,FUEL-0066,45,15,92
2024-11-30,S05,FUEL-0066,95,28,143
2024-11-30,S01,HDWR-0067,0,28,182
2024-11-30,S02,HDWR-0067,36,17,128
2024-11-30,S04,HDWR-0067,34,13,44
2024-11-30,S05,HDWR-0067,59,34,95
2024-11-30,S01,LUBE-0068,63,37,79
2024-11-30,S03,LUBE-0068,59,7,102
2024-11-30,S04,LUBE-0068,45,25,140
2024-11-30,S06,LUBE-0068,78,18,86
2024-11-30,S01,FUEL-0069,61,19,66
2024-11-30,S02,FUEL-0069,144,9,100
2024-11-30,S03,FUEL-0069,44,21,114
2024-11-30,S06,FUEL-0069,102,36,118
2024-11-30,S02,FEED-0070,27,34,144
2024-11-30,S03,FEED-0070,61,35,92
2024-11-30,S04,FEED-0070,117,17,166
2024-11-30,S05,FEED-0070,86,30,130
2024-11-30,S01,SEED-0071,3,6,51
2024-11-30,S04,SEED-0071,147,8,144
2024-11-30,S06,SEED-0071,82,23,156
2024-11-30,S01,FUEL-0072,72,40,197
2024-11-30,S04,FUEL-0072,118,29,121
2024-11-30,S05,FUEL-0072,43,13,53
2024-11-30,S06,FUEL-0072,76,16,163
2024-11-30,S01,TIRE-0073,45,7,60
2024-11-30,S02,TIRE-0073,99,14,79
2024-11-30,S04,TIRE-0073,124,13,172
2024-11-30,S05,TIRE-0073,71,18,146
2024-11-30,S02,FEED-0074,61,26,98
2024-11-30,S03,FEED-0074,65,36,68
2024-11-30,S04,FEED-0074,111,36,187
2024-11-30,S05,FEED-0074,30,8,49
2024-11-30,S06,FEED-0074,109,6,157
2024-11-30,S02,FEED-0075,113,34,194
2024-11-30,S03,FEED-0075,48,21,130
2024-11-30,S04,FEED-0075,48,19,68
2024-11-30,S05,FEED-0075,3,13,98
2024-11-30,S06,FEED-0075,110,39,159
2024-11-30,S01,TIRE-0076,59,35,125
2024-11-30,S03,TIRE-0076,85,26,100
2024-11-30,S04,TIRE-0076,116,26,163
2024-11-30,S05,TIRE-0076,82,13,112
2024-11-30,S06,TIRE-0076,92,10,78
2024-11-30,S01,TIRE-0077,43,28,186
2024-11-30,S02,TIRE-0077,55,15,97
2024-11-30,S04,TIRE-0077,74,22,80
2024-11-30,S01,SEED-0078,142,8,155
2024-11-30,S02,SEED-0078,67,16,122
2024-11-30,S04,SEED-0078,150,35,148
2024-11-30,S05,SEED-0078,80,33,80
2024-11-30,S06,SEED-0078,167,31,185
2024-11-30,S02,FUEL-0079,101,13,119
2024-11-30,S04,FUEL-0079,121,32,121
2024-11-30,S05,FUEL-0079,47,22,161
2024-11-30,S03,FUEL-0080,69,17,135
2024-11-30,S04,FUEL-0080,99,27,185
2024-11-30,S01,FEED-0081,39,27,65
2024-11-30,S02,FEED-0081,47,36,84
2024-11-30,S04,FEED-0081,42,16,106
2024-11-30,S05,FEED-0081,94,33,104
2024-11-30,S06,FEED-0081,56,6,161
2024-11-30,S02,SEED-0082,174,24,180
2024-11-30,S03,SEED-0082,41,5,64
2024-11-30,S04,SEED-0082,87,30,128
2024-11-30,S05,SEED-0082,159,27,162
2024-11-30,S01,HDWR-0083,51,6,80
2024-11-30,S03,HDWR-0083,120,37,187
2024-11-30,S01,TIRE-0084,56,13,88
2024-11-30,S03,TIRE-0084,59,7,97
2024-11-30,S04,TIRE-0084,104,27,155
2024-11-30,S05,TIRE-0084,57,6,110
2024-11-30,S06,TIRE-0084,150,9,153
2024-11-30,S01,FEED-0085,163,23,173
2024-11-30,S02,FEED-0085,86,16,113
2024-11-30,S03,FEED-0085,6,11,72
2024-11-30,S04,FEED-0085,41,17,58
2024-11-30,S06,FEED-0085,63,38,196
2024-11-30,S01,TIRE-0086,64,32,71
2024-11-30,S03,TIRE-0086,167,20,139
2024-11-30,S05,TIRE-0086,19,26,59
2024-11-30,S01,TIRE-0087,131,8,127
2024-11-30,S03,TIRE-0087,51,10,149
2024-11-30,S04,TIRE-0087,72,25,165
2024-11-30,S05,TIRE-0087,64,29,165
2024-11-30,S06,TIRE-0087,119,21,156
2024-11-30,S01,HDWR-0088,82,12,113
2024-11-30,S04,HDWR-0088,53,5,63
2024-11-30,S06,HDWR-0088,95,33,130
2024-11-30,S01,TIRE-0089,40,11,45
2024-11-30,S02,TIRE-0089,112,20,179
2024-11-30,S05,TIRE-0089,65,39,126
2024-11-30,S01,LUBE-0090,58,15,81
2024-11-30,S06,LUBE-0090,71,30,154
2024-11-30,S01,FUEL-0091,165,31,172
2024-11-30,S04,FUEL-0091,55,10,71
2024-11-30,S05,FUEL-0091,52,29,100
2024-11-30,S06,FUEL-0091,44,20,105
2024-11-30,S01,LUBE-0092,24,18,125
2024-11-30,S04,LUBE-0092,70,29,116
2024-11-30,S01,HDWR-0093,38,27,69
2024-11-30,S02,HDWR-0093,52,26,173
2024-11-30,S04,HDWR-0093,14,18,76
2024-11-30,S05,HDWR-0093,69,40,104
2024-11-30,S06,HDWR-0093,48,36,79
2024-11-30,S02,HDWR-0094,29,25,59
2024-11-30,S05,HDWR-0094,0,20,179
2024-11-30,S06,HDWR-0094,145,11,120
2024-11-30,S03,FEED-0095,64,22,134
2024-11-30,S04,FEED-0095,82,33,126
2024-11-30,S06,FEED-0095,44,7,54
2024-11-30,S01,SEED-0096,89,27,132
2024-11-30,S02,SEED-0096,70,36,87
2024-11-30,S06,SEED-0096,169,35,184
2024-11-30,S02,FEED-0097,62,5,146
2024-11-30,S03,FEED-0097,36,29,61
2024-11-30,S04,FEED-0097,24,28,156
2024-11-30,S06,FEED-0097,106,40,117
2024-11-30,S01,SEED-0098,25,13,65
2024-11-30,S03,SEED-0098,0,19,141
2024-11-30,S04,SEED-0098,28,20,55
2024-11-30,S05,SEED-0098,57,29,109
2024-11-30,S02,LUBE-0099,54,13,171
2024-11-30,S03,LUBE-0099,71,38,171
2024-11-30,S05,LUBE-0099,120,30,170
2024-11-30,S06,LUBE-0099,150,29,130
2024-11-30,S01,SEED-0100,96,15,89
2024-11-30,S02,SEED-0100,84,14,130
2024-11-30,S03,SEED-0100,102,38,129
2024-11-30,S04,SEED-0100,64,39,84
2024-11-30,S05,SEED-0100,66,40,187
2024-11-30,S06,SEED-0100,108,21,125
2024-11-30,S01,FUEL-0101,0,7,166
2024-11-30,S03,FUEL-0101,78,39,130
2024-11-30,S04,FUEL-0101,82,16,158
2024-11-30,S05,FUEL-0101,81,33,192
2024-11-30,S06,FUEL-0101,17,23,65
2024-11-30,S01,FEED-0102,50,17,82
2024-11-30,S02,FEED-0102,68,37,87
2024-11-30,S03,FEED-0102,79,10,165
2024-11-30,S04,FEED-0102,57,11,71
2024-11-30,S06,FEED-0102,79,36,122
2024-11-30,S01,HDWR-0103,64,36,145
2024-11-30,S03,HDWR-0103,168,9,167
2024-11-30,S05,HDWR-0103,31,6,51
2024-11-30,S06,HDWR-0103,65,19,110
2024-11-30,S02,FEED-0104,40,15,75
2024-11-30,S04,FEED-0104,58,10,63
2024-11-30,S05,FEED-0104,82,20,91
2024-11-30,S06,FEED-0104,64,9,77
2024-11-30,S01,TIRE-0105,67,36,103
2024-11-30,S02,TIRE-0105,108,31,134
2024-11-30,S05,TIRE-0105,3,24,163
2024-11-30,S06,TIRE-0105,58,39,119
2024-11-30,S02,FEED-0106,61,26,169
2024-11-30,S03,FEED-0106,129,11,115
2024-11-30,S04,FEED-0106,39,12,89
2024-11-30,S06,FEED-0106,24,19,106
2024-11-30,S01,HDWR-0107,63,13,139
2024-11-30,S02,HDWR-0107,59,29,77
2024-11-30,S04,HDWR-0107,68,12,140
2024-11-30,S05,HDWR-0107,25,15,162
2024-11-30,S06,HDWR-0107,105,6,164
2024-11-30,S01,SEED-0108,52,27,173
2024-11-30,S02,SEED-0108,49,23,161
2024-11-30,S03,SEED-0108,147,25,173
2024-11-30,S04,SEED-0108,59,35,119
2024-11-30,S05,SEED-0108,3,6,46
2024-11-30,S06,SEED-0108,42,25,63
2024-11-30,S02,FUEL-0109,43,20,171
2024-11-30,S04,FUEL-0109,43,20,121
2024-11-30,S06,FUEL-0109,94,16,157
2024-11-30,S01,HDWR-0110,122,37,170
2024-11-30,S02,HDWR-0110,59,39,163
2024-11-30,S04,HDWR-0110,84,28,97
2024-11-30,S05,HDWR-0110,61,18,82
2024-11-30,S02,SEED-0111,81,37,179
2024-11-30,S03,SEED-0111,40,37,70
2024-11-30,S04,SEED-0111,41,15,133
2024-11-30,S05,SEED-0111,113,30,115
2024-11-30,S01,LUBE-0112,101,18,175
2024-11-30,S02,LUBE-0112,22,9,41
2024-11-30,S03,LUBE-0112,34,17,68
2024-11-30,S04,LUBE-0112,59,23,73
2024-11-30,S05,LUBE-0112,121,36,145
2024-11-30,S06,LUBE-0112,58,23,154
2024-11-30,S01,HDWR-0113,83,12,154
2024-11-30,S02,HDWR-0113,63,25,151
2024-11-30,S05,HDWR-0113,112,8,102
2024-11-30,S06,HDWR-0113,172,30,176
2024-11-30,S03,SEED-0114,195,15,171
2024-11-30,S05,SEED-0114,125,28,159
2024-11-30,S06,SEED-0114,21,8,54
2024-11-30,S01,FEED-0115,24,12,160
2024-11-30,S05,FEED-0115,30,15,56
2024-11-30,S06,FEED-0115,58,40,75
2024-11-30,S04,FEED-0116,45,30,68
2024-11-30,S01,FUEL-0117,115,10,161
2024-11-30,S04,FUEL-0117,41,21,73
2024-11-30,S02,SEED-0118,112,20,102
2024-11-30,S03,SEED-0118,51,26,149
2024-11-30,S04,SEED-0118,40,24,76
2024-11-30,S06,SEED-0118,30,17,53
2024-11-30,S02,TIRE-0119,55,24,184
2024-11-30,S03,TIRE-0119,16,6,49
2024-11-30,S06,TIRE-0119,32,5,51
2024-11-30,S01,LUBE-0120,47,10,145
2024-11-30,S02,LUBE-0120,135,30,171
2024-11-30,S03,LUBE-0120,88,35,189
2024-11-30,S04,LUBE-0120,43,21,67
2024-12-31,S02,LUBE-0001,100,40,180
2024-12-31,S03,LUBE-0001,104,25,110
2024-12-31,S02,LUBE-0002,126,9,109
2024-12-31,S03,LUBE-0002,77,14,109
2024-12-31,S04,LUBE-0002,163,30,153
2024-12-31,S06,LUBE-0002,42,8,46
2024-12-31,S02,FEED-0003,0,11,85
2024-12-31,S03,FEED-0003,98,22,112
2024-12-31,S04,FEED-0003,76,21,171
2024-12-31,S05,FEED-0003,14,15,49
2024-12-31,S06,FEED-0003,94,11,139
2024-12-31,S01,SEED-0004,42,14,106
2024-12-31,S02,SEED-0004,32,30,92
2024-12-31,S04,SEED-0004,264,28,183
2024-12-31,S05,SEED-0004,79,12,70
2024-12-31,S06,SEED-0004,47,23,80
2024-12-31,S02,TIRE-0005,40,18,48
2024-12-31,S03,TIRE-0005,54,39,97
2024-12-31,S04,TIRE-0005,41,15,113
2024-12-31,S05,TIRE-0005,146,36,181
2024-12-31,S06,TIRE-0005,28,32,64
2024-12-31,S03,HDWR-0006,61,14,104
2024-12-31,S05,HDWR-0006,55,25,86
2024-12-31,S01,SEED-0007,107,20,140
2024-12-31,S02,SEED-0007,97,39,186
2024-12-31,S03,SEED-0007,3,6,105
2024-12-31,S04,SEED-0007,97,6,100
2024-12-31,S05,SEED-0007,129,10,149
2024-12-31,S06,SEED-0007,107,39,113
2024-12-31,S02,TIRE-0008,54,15,69
2024-12-31,S03,TIRE-0008,58,29,92
2024-12-31,S04,TIRE-0008,91,23,165
2024-12-31,S05,TIRE-0008,52,14,85
2024-12-31,S02,TIRE-0009,90,33,117
2024-12-31,S03,TIRE-0009,39,10,80
2024-12-31,S06,TIRE-0009,99,36,137
2024-12-31,S01,LUBE-0010,54,5,106
2024-12-31,S03,LUBE-0010,94,18,117
2024-12-31,S06,LUBE-0010,34,24,62
2024-12-31,S01,HDWR-0011,69,18,93
2024-12-31,S02,HDWR-0011,54,13,111
2024-12-31,S03,HDWR-0011,94,19,120
2024-12-31,S04,HDWR-0011,72,12,136
2024-12-31,S05,HDWR-0011,114,33,186
2024-12-31,S01,TIRE-0012,60,36,100
2024-12-31,S02,TIRE-0012,30,33,70
2024-12-31,S03,TIRE-0012,47,32,107
2024-12-31,S05,TIRE-0012,87,16,93
2024-12-31,S02,SEED-0013,61,33,94
2024-12-31,S03,SEED-0013,119,35,107
2024-12-31,S06,SEED-0013,35,32,91
2024-12-31,S01,FEED-0014,54,20,51
2024-12-31,S03,FEED-0014,46,13,56
2024-12-31,S06,FEED-0014,42,37,68
2024-12-31,S01,FUEL-0015,78,37,113
2024-12-31,S02,FUEL-0015,70,27,102
2024-12-31,S03,FUEL-0015,57,5,105
2024-12-31,S06,FUEL-0015,29,18,60
2024-12-31,S01,FEED-0016,22,36,99
2024-12-31,S05,FEED-0016,19,15,88
2024-12-31,S06,FEED-0016,94,40,104
2024-12-31,S01,FUEL-0017,34,37,130
2024-12-31,S03,FUEL-0017,87,21,105
2024-12-31,S05,FUEL-0017,66,24,66
2024-12-31,S06,FUEL-0017,104,34,185
2024-12-31,S01,HDWR-0018,64,39,95
2024-12-31,S02,HDWR-0018,61,27,69
2024-12-31,S04,HDWR-0018,76,37,197
2024-12-31,S05,HDWR-0018,112,40,164
2024-12-31,S06,HDWR-0018,75,39,152
2024-12-31,S02,FUEL-0019,32,16,81
2024-12-31,S03,FUEL-0019,13,7,42
2024-12-31,S04,FUEL-0019,17,34,138
2024-12-31,S06,FUEL-0019,34,28,73
2024-12-31,S03,SEED-0020,35,36,129
2024-12-31,S04,SEED-0020,39,6,63
2024-12-31,S06,SEED-0020,96,32,191
2024-12-31,S04,TIRE-0021,172,33,172
2024-12-31,S05,TIRE-0021,31,9,124
2024-12-31,S06,TIRE-0021,158,16,132
2024-12-31,S01,HDWR-0022,161,25,179
2024-12-31,S02,HDWR-0022,66,36,79
2024-12-31,S04,HDWR-0022,32,10,52
2024-12-31,S05,HDWR-0022,103,19,138
2024-12-31,S06,HDWR-0022,103,12,162
2024-12-31,S01,FUEL-0023,102,10,135
2024-12-31,S03,FUEL-0023,33,39,180
2024-12-31,S05,FUEL-0023,90,22,108
2024-12-31,S06,FUEL-0023,100,8,134
2024-12-31,S02,TIRE-0024,52,12,70
2024-12-31,S03,TIRE-0024,82,38,196
2024-12-31,S05,TIRE-0024,31,12,79
2024-12-31,S06,TIRE-0024,69,29,142
2024-12-31,S01,FUEL-0025,49,19,149
2024-12-31,S02,FUEL-0025,58,32,140
2024-12-31,S04,FUEL-0025,35,21,56
2024-12-31,S05,FUEL-0025,25,5,58
2024-12-31,S02,LUBE-0026,52,20,92
2024-12-31,S04,LUBE-0026,24,20,90
2024-12-31,S05,LUBE-0026,69,25,75
2024-12-31,S06,LUBE-0026,52,37,97
2024-12-31,S01,LUBE-0027,48,26,139
2024-12-31,S03,LUBE-0027,64,12,130
2024-12-31,S04,LUBE-0027,69,7,91
2024-12-31,S06,LUBE-0027,150,21,103
2024-12-31,S01,FUEL-0028,36,8,49
2024-12-31,S02,FUEL-0028,40,9,47
2024-12-31,S04,FUEL-0028,44,10,95
2024-12-31,S06,FUEL-0028,24,17,68
2024-12-31,S01,FEED-0029,127,29,157
2024-12-31,S03,FEED-0029,39,20,62
2024-12-31,S04,FEED-0029,77,6,146
2024-12-31,S06,FEED-0029,57,8,134
2024-12-31,S02,HDWR-0030,57,28,83
2024-12-31,S04,HDWR-0030,63,25,96
2024-12-31,S05,HDWR-0030,86,18,175
2024-12-31,S02,LUBE-0031,69,39,119
2024-12-31,S03,LUBE-0031,85,32,160
2024-12-31,S04,LUBE-0031,134,26,121
2024-12-31,S06,LUBE-0031,32,37,94
2024-12-31,S01,FEED-0032,90,31,92
2024-12-31,S02,FEED-0032,105,40,166
2024-12-31,S03,FEED-0032,88,20,95
2024-12-31,S05,FEED-0032,108,6,161
2024-12-31,S06,FEED-0032,47,38,98
2024-12-31,S02,FEED-0033,91,25,140
2024-12-31,S03,FEED-0033,96,39,98
2024-12-31,S04,FEED-0033,68,12,84
2024-12-31,S05,FEED-0033,137,34,171
2024-12-31,S02,LUBE-0034,96,22,131
2024-12-31,S04,LUBE-0034,70,32,66
2024-12-31,S05,LUBE-0034,134,27,170
2024-12-31,S06,LUBE-0034,143,25,182
2024-12-31,S02,LUBE-0035,118,24,166
2024-12-31,S03,LUBE-0035,47,27,79
2024-12-31,S04,LUBE-0035,26,6,53
2024-12-31,S05,LUBE-0035,33,21,58
2024-12-31,S02,LUBE-0036,35,24,162
2024-12-31,S04,LUBE-0036,72,28,95
2024-12-31,S06,LUBE-0036,50,34,119
2024-12-31,S01,LUBE-0037,121,8,155
2024-12-31,S02,LUBE-0037,47,27,95
2024-12-31,S03,LUBE-0037,110,24,100
2024-12-31,S05,LUBE-0037,110,25,178
2024-12-31,S06,LUBE-0037,33,36,68
2024-12-31,S01,HDWR-0038,59,9,65
2024-12-31,S02,HDWR-0038,87,22,146
2024-12-31,S03,HDWR-0038,5,19,160
2024-12-31,S06,HDWR-0038,134,31,191
2024-12-31,S04,LUBE-0039,70,31,104
2024-12-31,S06,LUBE-0039,97,19,140
2024-12-31,S02,FEED-0040,93,33,107
2024-12-31,S03,FEED-0040,10,26,141
2024-12-31,S05,FEED-0040,58,32,87
2024-12-31,S01,SEED-0041,74,21,85
2024-12-31,S02,SEED-0041,0,10,72
2024-12-31,S04,SEED-0041,47,13,57
2024-12-31,S05,SEED-0041,43,19,60
2024-12-31,S01,SEED-0042,104,30,180
2024-12-31,S02,SEED-0042,93,39,164
2024-12-31,S06,SEED-0042,66,37,123
2024-12-31,S01,HDWR-0043,158,40,187
2024-12-31,S03,HDWR-0043,13,37,133
2024-12-31,S05,HDWR-0043,31,14,72
2024-12-31,S01,FEED-0044,53,31,125
2024-12-31,S02,FEED-0044,132,29,157
2024-12-31,S04,FEED-0044,65,8,91
2024-12-31,S05,FEED-0044,60,40,81
2024-12-31,S06,FEED-0044,52,11,80
2024-12-31,S01,TIRE-0045,72,26,142
2024-12-31,S02,TIRE-0045,75,10,74
2024-12-31,S05,TIRE-0045,50,17,121
2024-12-31,S01,FUEL-0046,47,35,83
2024-12-31,S02,FUEL-0046,68,26,149
2024-12-31,S03,FUEL-0046,161,32,161
2024-12-31,S04,FUEL-0046,47,27,108
2024-12-31,S05,FUEL-0046,8,11,67
2024-12-31,S02,HDWR-0047,88,35,133
2024-12-31,S04,HDWR-0047,11,33,150
2024-12-31,S05,HDWR-0047,110,16,99
2024-12-31,S06,HDWR-0047,62,8,71
2024-12-31,S02,LUBE-0048,104,33,86
2024-12-31,S03,LUBE-0048,87,29,138
2024-12-31,S04,LUBE-0048,64,27,78
2024-12-31,S05,LUBE-0048,75,33,103
2024-12-31,S01,FUEL-0049,77,15,158
2024-12-31,S02,FUEL-0049,42,5,89
2024-12-31,S03,FUEL-0049,30,21,83
2024-12-31,S05,FUEL-0049,8,12,65
2024-12-31,S06,FUEL-0049,44,20,69
2024-12-31,S03,LUBE-0050,46,6,103
2024-12-31,S05,LUBE-0050,68,7,116
2024-12-31,S06,LUBE-0050,52,29,165
2024-12-31,S03,FUEL-0051,62,27,110
2024-12-31,S04,FUEL-0051,15,16,80
2024-12-31,S05,FUEL-0051,36,16,48
2024-12-31,S01,HDWR-0052,64,16,124
2024-12-31,S02,HDWR-0052,147,6,161
2024-12-31,S03,HDWR-0052,68,31,172
2024-12-31,S04,HDWR-0052,90,24,108
2024-12-31,S05,HDWR-0052,41,15,70
2024-12-31,S01,HDWR-0053,110,23,140
2024-12-31,S02,HDWR-0053,88,21,167
2024-12-31,S03,HDWR-0053,58,9,58
2024-12-31,S04,HDWR-0053,69,37,134
2024-12-31,S05,HDWR-0053,23,12,82
2024-12-31,S02,FEED-0054,63,22,126
2024-12-31,S03,FEED-0054,139,24,131
2024-12-31,S04,FEED-0054,74,30,139
2024-12-31,S05,FEED-0054,62,16,76
2024-12-31,S06,FEED-0054,45,34,99
2024-12-31,S02,SEED-0055,37,8,160
2024-12-31,S05,SEED-0055,79,22,111
2024-12-31,S06,SEED-0055,75,23,154
2024-12-31,S02,SEED-0056,61,18,138
2024-12-31,S03,SEED-0056,104,14,129
2024-12-31,S04,SEED-0056,4,12,95
2024-12-31,S06,SEED-0056,137,34,176
2024-12-31,S01,FEED-0057,76,18,63
2024-12-31,S02,FEED-0057,24,6,97
2024-12-31,S03,FEED-0057,39,18,113
2024-12-31,S05,FEED-0057,59,18,77
2024-12-31,S06,FEED-0057,34,10,88
2024-12-31,S01,HDWR-0058,80,10,170
2024-12-31,S02,HDWR-0058,101,18,130
2024-12-31,S03,HDWR-0058,97,39,151
2024-12-31,S05,HDWR-0058,127,30,190
2024-12-31,S01,HDWR-0059,128,34,192
2024-12-31,S03,HDWR-0059,116,31,102
2024-12-31,S04,HDWR-0059,89,30,101
2024-12-31,S05,HDWR-0059,75,16,125
2024-12-31,S01,HDWR-0060,130,22,144
2024-12-31,S02,HDWR-0060,44,27,78
2024-12-31,S03,HDWR-0060,16,33,150
2024-12-31,S01,TIRE-0061,38,18,110
2024-12-31,S03,TIRE-0061,36,10,72
2024-12-31,S04,TIRE-0061,73,13,61
2024-12-31,S05,TIRE-0061,37,37,143
2024-12-31,S06,TIRE-0061,46,18,68
2024-12-31,S01,SEED-0062,45,20,64
2024-12-31,S02,SEED-0062,120,38,127
2024-12-31,S04,SEED-0062,36,14,54
2024-12-31,S06,SEED-0062,53,24,71
2024-12-31,S01,SEED-0063,40,33,74
2024-12-31,S02,SEED-0063,65,30,111
2024-12-31,S04,SEED-0063,65,33,137
2024-12-31,S06,SEED-0063,36,5,158
2024-12-31,S01,TIRE-0064,71,31,108
2024-12-31,S02,TIRE-0064,43,27,61
2024-12-31,S03,LUBE-0065,62,32,128
2024-12-31,S04,LUBE-0065,145,19,168
2024-12-31,S06,LUBE-0065,45,23,58
2024-12-31,S03,FUEL-0066,74,16,76
2024-12-31,S04,FUEL-0066,141,26,182
2024-12-31,S06,FUEL-0066,76,27,152
2024-12-31,S02,HDWR-0067,120,40,153
2024-12-31,S03,HDWR-0067,119,27,138
2024-12-31,S04,HDWR-0067,85,23,147
2024-12-31,S06,HDWR-0067,107,18,148
2024-12-31,S01,LUBE-0068,94,37,139
2024-12-31,S02,LUBE-0068,62,17,85
2024-12-31,S03,LUBE-0068,26,40,174
2024-12-31,S04,LUBE-0068,62,37,70
2024-12-31,S05,LUBE-0068,97,16,134
2024-12-31,S04,FUEL-0069,95,32,88
2024-12-31,S05,FUEL-0069,57,32,121
2024-12-31,S06,FUEL-0069,42,6,153
2024-12-31,S04,FEED-0070,35,27,70
2024-12-31,S06,FEED-0070,0,5,148
2024-12-31,S01,SEED-0071,37,33,184
2024-12-31,S02,SEED-0071,75,37,88
2024-12-31,S03,SEED-0071,79,11,130
2024-12-31,S04,SEED-0071,82,6,127
2024-12-31,S05,SEED-0071,89,40,184
2024-12-31,S06,SEED-0071,85,7,115
2024-12-31,S01,FUEL-0072,41,21,52
2024-12-31,S02,FUEL-0072,47,38,186
2024-12-31,S04,FUEL-0072,95,25,157
2024-12-31,S05,FUEL-0072,5,15,79
2024-12-31,S01,TIRE-0073,10,7,53
2024-12-31,S02,TIRE-0073,75,38,140
2024-12-31,S03,TIRE-0073,52,30,120
2024-12-31,S05,TIRE-0073,109,24,174
2024-12-31,S01,FEED-0074,24,16,174
2024-12-31,S03,FEED-0074,131,29,184
2024-12-31,S06,FEED-0074,44,22,156
2024-12-31,S01,FEED-0075,103,33,150
2024-12-31,S02,FEED-0075,60,29,134
2024-12-31,S05,FEED-0075,70,12,66
2024-12-31,S06,FEED-0075,50,28,93
2024-12-31,S02,TIRE-0076,42,12,152
2024-12-31,S03,TIRE-0076,86,25,159
2024-12-31,S04,TIRE-0076,68,22,104
2024-12-31,S02,TIRE-0077,90,40,121
2024-12-31,S03,TIRE-0077,44,22,69
2024-12-31,S06,TIRE-0077,99,34,142
2024-12-31,S01,SEED-0078,93,40,93
2024-12-31,S02,SEED-0078,59,11,111
2024-12-31,S03,SEED-0078,176,17,175
2024-12-31,S06,SEED-0078,80,14,111
2024-12-31,S01,FUEL-0079,48,35,67
2024-12-31,S02,FUEL-0079,89,16,164
2024-12-31,S03,FUEL-0079,96,28,172
2024-12-31,S04,FUEL-0079,96,15,129
2024-12-31,S06,FUEL-0079,70,34,79
2024-12-31,S01,FUEL-0080,65,25,129
2024-12-31,S02,FUEL-0080,64,32,95
2024-12-31,S03,FUEL-0080,88,16,163
2024-12-31,S05,FUEL-0080,45,20,79
2024-12-31,S06,FUEL-0080,22,6,166
2024-12-31,S01,FEED-0081,72,20,103
2024-12-31,S02,FEED-0081,49,27,116
2024-12-31,S03,FEED-0081,31,28,69
2024-12-31,S04,FEED-0081,58,17,129
2024-12-31,S05,FEED-0081,74,37,78
2024-12-31,S01,SEED-0082,69,14,159
2024-12-31,S02,SEED-0082,48,31,94
2024-12-31,S03,SEED-0082,37,22,127
2024-12-31,S05,SEED-0082,65,23,170
2024-12-31,S06,SEED-0082,50,10,128
2024-12-31,S02,HDWR-0083,87,15,147
2024-12-31,S03,HDWR-0083,35,6,69
2024-12-31,S05,HDWR-0083,38,5,39
2024-12-31,S06,HDWR-0083,56,39,71
2024-12-31,S01,TIRE-0084,51,35,100
2024-12-31,S02,TIRE-0084,24,17,48
2024-12-31,S03,TIRE-0084,64,14,90
2024-12-31,S04,TIRE-0084,70,11,143
2024-12-31,S05,TIRE-0084,102,18,129
2024-12-31,S06,TIRE-0084,12,16,84
2024-12-31,S02,FEED-0085,71,19,127
2024-12-31,S03,FEED-0085,63,30,74
2024-12-31,S04,FEED-0085,64,40,90
2024-12-31,S05,FEED-0085,88,22,94
2024-12-31,S06,FEED-0085,49,15,99
2024-12-31,S02,TIRE-0086,65,24,162
2024-12-31,S03,TIRE-0086,39,30,90
2024-12-31,S05,TIRE-0086,49,11,171
2024-12-31,S06,TIRE-0086,43,14,72
2024-12-31,S01,TIRE-0087,80,25,100
2024-12-31,S04,TIRE-0087,54,24,119
2024-12-31,S02,HDWR-0088,90,36,133
2024-12-31,S03,HDWR-0088,33,15,89
2024-12-31,S04,HDWR-0088,21,17,55
2024-12-31,S01,TIRE-0089,24,28,71
2024-12-31,S02,TIRE-0089,57,22,108
2024-12-31,S05,TIRE-0089,29,8,140
2024-12-31,S06,TIRE-0089,19,20,50
2024-12-31,S01,LUBE-0090,113,34,188
2024-12-31,S02,LUBE-0090,140,35,158
2024-12-31,S03,LUBE-0090,196,27,170
2024-12-31,S04,LUBE-0090,29,25,174
2024-12-31,S05,LUBE-0090,53,19,108
2024-12-31,S01,FUEL-0091,61,7,84
2024-12-31,S03,FUEL-0091,35,23,67
2024-12-31,S05,FUEL-0091,79,29,85
2024-12-31,S06,FUEL-0091,184,15,163
2024-12-31,S02,LUBE-0092,42,7,155
2024-12-31,S03,LUBE-0092,63,30,99
2024-12-31,S04,LUBE-0092,68,27,97
2024-12-31,S06,LUBE-0092,22,34,147
2024-12-31,S01,HDWR-0093,87,33,101
2024-12-31,S03,HDWR-0093,39,6,52
2024-12-31,S05,HDWR-0093,135,34,181
2024-12-31,S06,HDWR-0093,75,35,128
2024-12-31,S01,HDWR-0094,84,24,130
2024-12-31,S03,HDWR-0094,60,37,77
2024-12-31,S05,HDWR-0094,41,36,79
2024-12-31,S01,FEED-0095,61,23,87
2024-12-31,S03,FEED-0095,123,40,124
2024-12-31,S06,FEED-0095,49,12,123
2024-12-31,S02,SEED-0096,14,17,61
2024-12-31,S03,SEED-0096,216,19,179
2024-12-31,S05,SEED-0096,30,18,74
2024-12-31,S06,SEED-0096,88,20,162
2024-12-31,S01,FEED-0097,40,28,65
2024-12-31,S02,FEED-0097,53,22,79
2024-12-31,S03,FEED-0097,41,34,122
2024-12-31,S06,FEED-0097,49,35,74
2024-12-31,S01,SEED-0098,87,39,170
2024-12-31,S03,SEED-0098,91,7,144
2024-12-31,S04,SEED-0098,134,34,170
2024-12-31,S05,SEED-0098,0,7,93
2024-12-31,S06,SEED-0098,63,21,151
2024-12-31,S01,LUBE-0099,64,34,161
2024-12-31,S02,LUBE-0099,0,21,120
2024-12-31,S03,LUBE-0099,31,9,69
2024-12-31,S01,SEED-0100,67,16,128
2024-12-31,S03,SEED-0100,63,5,61
2024-12-31,S04,SEED-0100,67,13,129
2024-12-31,S05,SEED-0100,76,16,103
2024-12-31,S06,SEED-0100,96,16,170
2024-12-31,S01,FUEL-0101,79,28,98
2024-12-31,S02,FUEL-0101,83,36,103
2024-12-31,S04,FUEL-0101,54,22,108
2024-12-31,S05,FUEL-0101,90,19,89
2024-12-31,S06,FUEL-0101,106,33,156
2024-12-31,S01,FEED-0102,43,34,92
2024-12-31,S02,FEED-0102,61,37,137
2024-12-31,S03,FEED-0102,111,24,154
2024-12-31,S04,FEED-0102,78,26,168
2024-12-31,S06,FEED-0102,132,39,128
2024-12-31,S02,HDWR-0103,55,32,191
2024-12-31,S04,HDWR-0103,47,15,77
2024-12-31,S05,HDWR-0103,112,36,188
2024-12-31,S02,FEED-0104,12,5,51
2024-12-31,S06,FEED-0104,94,35,125
2024-12-31,S01,TIRE-0105,78,15,149
2024-12-31,S03,TIRE-0105,79,9,163
2024-12-31,S04,TIRE-0105,61,16,127
2024-12-31,S06,TIRE-0105,49,17,106
2024-12-31,S01,FEED-0106,59,21,125
2024-12-31,S02,FEED-0106,75,21,140
2024-12-31,S04,FEED-0106,47,15,158
2024-12-31,S05,FEED-0106,61,36,110
2024-12-31,S06,FEED-0106,86,34,83
2024-12-31,S01,HDWR-0107,123,6,140
2024-12-31,S02,HDWR-0107,40,21,83
2024-12-31,S03,HDWR-0107,63,29,89
2024-12-31,S04,HDWR-0107,80,15,93
2024-12-31,S05,HDWR-0107,27,10,73
2024-12-31,S06,HDWR-0107,54,18,55
2024-12-31,S01,SEED-0108,51,38,194
2024-12-31,S03,SEED-0108,32,16,67
2024-12-31,S04,SEED-0108,47,30,115
2024-12-31,S05,SEED-0108,108,40,98
2024-12-31,S06,SEED-0108,100,35,84
2024-12-31,S01,FUEL-0109,91,15,128
2024-12-31,S02,FUEL-0109,61,11,92
2024-12-31,S03,FUEL-0109,121,37,140
2024-12-31,S05,FUEL-0109,76,16,93
2024-12-31,S01,HDWR-0110,43,15,135
2024-12-31,S02,HDWR-0110,45,13,57
2024-12-31,S04,HDWR-0110,78,39,109
2024-12-31,S05,HDWR-0110,33,12,81
2024-12-31,S06,HDWR-0110,200,31,171
2024-12-31,S01,SEED-0111,146,34,116
2024-12-31,S02,SEED-0111,49,22,64
2024-12-31,S03,SEED-0111,72,18,169
2024-12-31,S04,SEED-0111,104,39,135
2024-12-31,S05,SEED-0111,44,24,80
2024-12-31,S06,SEED-0111,7,11,115
2024-12-31,S01,LUBE-0112,80,9,78
2024-12-31,S03,LUBE-0112,92,32,151
2024-12-31,S05,LUBE-0112,132,10,107
2024-12-31,S06,LUBE-0112,85,27,111
2024-12-31,S01,HDWR-0113,55,8,63
2024-12-31,S02,HDWR-0113,128,40,185
2024-12-31,S03,HDWR-0113,110,35,107
2024-12-31,S05,HDWR-0113,73,25,67
2024-12-31,S02,SEED-0114,58,12,82
2024-12-31,S03,SEED-0114,63,28,126
2024-12-31,S04,SEED-0114,63,28,138
2024-12-31,S06,SEED-0114,59,39,102
2024-12-31,S02,FEED-0115,145,35,177
2024-12-31,S03,FEED-0115,104,36,114
2024-12-31,S04,FEED-0115,118,33,144
2024-12-31,S05,FEED-0115,70,30,169
2024-12-31,S01,FEED-0116,29,24,57
2024-12-31,S02,FEED-0116,39,7,154
2024-12-31,S04,FEED-0116,28,15,73
2024-12-31,S06,FEED-0116,83,23,144
2024-12-31,S03,FUEL-0117,65,10,132
2024-12-31,S04,FUEL-0117,92,38,139
2024-12-31,S05,FUEL-0117,4,9,108
2024-12-31,S06,FUEL-0117,56,25,157
2024-12-31,S03,SEED-0118,93,19,140
2024-12-31,S04,SEED-0118,91,24,184
2024-12-31,S05,SEED-0118,10,17,153
2024-12-31,S06,SEED-0118,24,27,121
2024-12-31,S01,TIRE-0119,203,7,158
2024-12-31,S02,TIRE-0119,80,19,135
2024-12-31,S03,TIRE-0119,64,11,165
2024-12-31,S04,TIRE-0119,62,32,78
2024-12-31,S05,TIRE-0119,45,7,104
2024-12-31,S06,TIRE-0119,121,21,165
2024-12-31,S01,LUBE-0120,60,30,86
2024-12-31,S03,LUBE-0120,54,36,158
2024-12-31,S04,LUBE-0120,106,37,148
2024-12-31,S05,LUBE-0120,171,35,195
2024-12-31,S06,LUBE-0120,86,32,169
2025-01-31,S01,LUBE-0001,36,9,65
2025-01-31,S02,LUBE-0001,99,37,181
2025-01-31,S03,LUBE-0001,55,16,67
2025-01-31,S04,LUBE-0001,117,33,193
2025-01-31,S05,LUBE-0001,68,35,183
2025-01-31,S02,LUBE-0002,40,26,142
2025-01-31,S04,LUBE-0002,78,28,164
2025-01-31,S06,LUBE-0002,77,19,91
2025-01-31,S02,FEED-0003,18,9,121
2025-01-31,S03,FEED-0003,0,14,165
2025-01-31,S04,FEED-0003,117,27,155
2025-01-31,S06,FEED-0003,33,39,89
2025-01-31,S02,SEED-0004,26,14,50
2025-01-31,S05,SEED-0004,64,11,149
2025-01-31,S06,SEED-0004,28,31,71
2025-01-31,S01,TIRE-0005,62,30,139
2025-01-31,S03,TIRE-0005,60,26,109
2025-01-31,S04,TIRE-0005,62,17,104
2025-01-31,S05,TIRE-0005,91,14,135
2025-01-31,S06,TIRE-0005,145,37,150
2025-01-31,S01,HDWR-0006,25,16,48
2025-01-31,S02,HDWR-0006,70,30,169
2025-01-31,S03,HDWR-0006,63,33,85
2025-01-31,S01,SEED-0007,31,10,40
2025-01-31,S03,SEED-0007,60,31,84
2025-01-31,S04,SEED-0007,64,5,165
2025-01-31,S05,SEED-0007,18,24,71
2025-01-31,S06,SEED-0007,61,14,170
2025-01-31,S03,TIRE-0008,19,23,94
2025-01-31,S04,TIRE-0008,76,10,79
2025-01-31,S06,TIRE-0008,109,28,109
2025-01-31,S01,TIRE-0009,152,15,168
2025-01-31,S02,TIRE-0009,71,30,89
2025-01-31,S03,TIRE-0009,25,23,87
2025-01-31,S06,TIRE-0009,28,8,159
2025-01-31,S01,LUBE-0010,5,7,66
2025-01-31,S02,LUBE-0010,117,24,155
2025-01-31,S05,LUBE-0010,44,29,126
2025-01-31,S01,HDWR-0011,34,17,71
2025-01-31,S02,HDWR-0011,79,18,104
2025-01-31,S03,HDWR-0011,130,22,179
2025-01-31,S04,HDWR-0011,71,11,166
2025-01-31,S05,HDWR-0011,158,19,164
2025-01-31,S02,TIRE-0012,88,40,174
2025-01-31,S03,TIRE-0012,25,16,94
2025-01-31,S04,TIRE-0012,86,34,113
2025-01-31,S05,TIRE-0012,38,7,77
2025-01-31,S06,TIRE-0012,99,23,158
2025-01-31,S01,SEED-0013,43,6,53
2025-01-31,S03,SEED-0013,97,10,107
2025-01-31,S04,SEED-0013,46,13,125
2025-01-31,S06,SEED-0013,84,28,118
2025-01-31,S01,FEED-0014,72,28,127
2025-01-31,S02,FEED-0014,38,36,80
2025-01-31,S03,FEED-0014,171,21,143
2025-01-31,S04,FEED-0014,37,11,107
2025-01-31,S01,FUEL-0015,181,18,177
2025-01-31,S02,FUEL-0015,47,35,65
2025-01-31,S03,FUEL-0015,46,32,67
2025-01-31,S04,FUEL-0015,58,13,60
2025-01-31,S05,FUEL-0015,45,5,43
2025-01-31,S01,FEED-0016,102,35,155
2025-01-31,S04,FEED-0016,66,24,98
2025-01-31,S06,FEED-0016,106,32,160
2025-01-31,S01,FUEL-0017,54,25,123
2025-01-31,S06,FUEL-0017,65,36,120
2025-01-31,S02,HDWR-0018,45,31,69
2025-01-31,S03,HDWR-0018,68,5,132
2025-01-31,S04,HDWR-0018,123,20,135
2025-01-31,S05,HDWR-0018,142,17,132
2025-01-31,S06,HDWR-0018,97,8,115
2025-01-31,S01,FUEL-0019,22,6,46
2025-01-31,S03,FUEL-0019,74,30,93
2025-01-31,S04,FUEL-0019,45,20,93
2025-01-31,S06,FUEL-0019,81,24,109
2025-01-31,S01,SEED-0020,81,14,145
2025-01-31,S04,SEED-0020,50,18,125
2025-01-31,S05,SEED-0020,115,34,124
2025-01-31,S01,TIRE-0021,14,5,53
2025-01-31,S03,TIRE-0021,0,21,159
2025-01-31,S04,TIRE-0021,45,20,64
2025-01-31,S05,TIRE-0021,89,25,130
2025-01-31,S03,HDWR-0022,32,7,67
2025-01-31,S04,HDWR-0022,56,6,106
2025-01-31,S06,HDWR-0022,50,39,82
2025-01-31,S01,FUEL-0023,107,20,115
2025-01-31,S02,FUEL-0023,32,6,50
2025-01-31,S03,FUEL-0023,35,35,168
2025-01-31,S04,FUEL-0023,77,25,132
2025-01-31,S06,FUEL-0023,71,34,176
2025-01-31,S02,TIRE-0024,99,23,132
2025-01-31,S03,TIRE-0024,82,16,172
2025-01-31,S04,TIRE-0024,75,14,136
2025-01-31,S06,TIRE-0024,72,33,142
2025-01-31,S02,FUEL-0025,63,10,148
2025-01-31,S03,FUEL-0025,79,27,101
2025-01-31,S04,FUEL-0025,192,40,185
2025-01-31,S01,LUBE-0026,32,19,130
2025-01-31,S02,LUBE-0026,57,12,87
2025-01-31,S06,LUBE-0026,99,18,144
2025-01-31,S02,LUBE-0027,83,27,109
2025-01-31,S04,LUBE-0027,173,24,177
2025-01-31,S06,LUBE-0027,81,32,143
2025-01-31,S01,FUEL-0028,175,27,187
2025-01-31,S02,FUEL-0028,137,27,133
2025-01-31,S03,FUEL-0028,39,29,76
2025-01-31,S04,FUEL-0028,112,36,122
2025-01-31,S05,FUEL-0028,99,20,175
2025-01-31,S06,FUEL-0028,0,11,109
2025-01-31,S01,FEED-0029,78,24,86
2025-01-31,S02,FEED-0029,84,31,180
2025-01-31,S03,FEED-0029,62,6,153
2025-01-31,S05,FEED-0029,119,27,147
2025-01-31,S06,FEED-0029,19,11,52
2025-01-31,S01,HDWR-0030,70,39,100
2025-01-31,S02,HDWR-0030,107,30,157
2025-01-31,S03,HDWR-0030,24,6,52
2025-01-31,S04,HDWR-0030,139,37,179
2025-01-31,S05,HDWR-0030,18,10,87
2025-01-31,S06,HDWR-0030,62,37,121
2025-01-31,S01,LUBE-0031,40,21,98
2025-01-31,S04,LUBE-0031,10,9,63
2025-01-31,S05,LUBE-0031,101,5,122
2025-01-31,S03,FEED-0032,67,40,102
2025-01-31,S04,FEED-0032,13,24,168
2025-01-31,S06,FEED-0032,82,13,106
2025-01-31,S02,FEED-0033,124,35,128
2025-01-31,S04,FEED-0033,70,28,93
2025-01-31,S05,FEED-0033,85,17,123
2025-01-31,S06,FEED-0033,40,8,121
2025-01-31,S01,LUBE-0034,100,10,153
2025-01-31,S03,LUBE-0034,76,8,109
2025-01-31,S04,LUBE-0034,19,9,57
2025-01-31,S05,LUBE-0034,150,29,175
2025-01-31,S06,LUBE-0034,48,36,119
2025-01-31,S02,LUBE-0035,61,24,129
2025-01-31,S03,LUBE-0035,54,19,73
2025-01-31,S06,LUBE-0035,75,36,115
2025-01-31,S01,LUBE-0036,82,6,123
2025-01-31,S04,LUBE-0036,78,31,126
2025-01-31,S05,LUBE-0036,36,29,92
2025-01-31,S06,LUBE-0036,27,22,101
2025-01-31,S04,LUBE-0037,98,19,121
2025-01-31,S05,LUBE-0037,121,5,154
2025-01-31,S06,LUBE-0037,32,33,127
2025-01-31,S01,HDWR-0038,63,27,127
2025-01-31,S04,HDWR-0038,52,29,60
2025-01-31,S06,HDWR-0038,81,8,146
2025-01-31,S03,LUBE-0039,6,23,118
2025-01-31,S04,LUBE-0039,51,27,88
2025-01-31,S05,LUBE-0039,43,36,142
2025-01-31,S06,LUBE-0039,40,9,40
2025-01-31,S02,FEED-0040,0,22,127
2025-01-31,S04,FEED-0040,22,11,45
2025-01-31,S06,FEED-0040,40,27,126
2025-01-31,S03,SEED-0041,54,26,109
2025-01-31,S04,SEED-0041,37,24,161
2025-01-31,S05,SEED-0041,104,37,116
2025-01-31,S06,SEED-0041,148,19,135
2025-01-31,S02,SEED-0042,122,16,160
2025-01-31,S03,SEED-0042,36,5,84
2025-01-31,S06,SEED-0042,129,19,171
2025-01-31,S01,HDWR-0043,70,36,151
2025-01-31,S05,HDWR-0043,46,15,56
2025-01-31,S06,HDWR-0043,74,18,119
2025-01-31,S02,FEED-0044,54,8,86
2025-01-31,S03,FEED-0044,137,18,125
2025-01-31,S04,FEED-0044,115,18,139
2025-01-31,S01,TIRE-0045,19,20,100
2025-01-31,S02,TIRE-0045,67,31,132
2025-01-31,S03,TIRE-0045,79,37,163
2025-01-31,S04,TIRE-0045,33,24,72
2025-01-31,S05,TIRE-0045,40,25,84
2025-01-31,S06,TIRE-0045,94,24,129
2025-01-31,S03,FUEL-0046,35,36,114
2025-01-31,S04,FUEL-0046,94,25,134
2025-01-31,S06,FUEL-0046,85,39,169
2025-01-31,S02,HDWR-0047,74,30,118
2025-01-31,S03,HDWR-0047,46,7,57
2025-01-31,S01,LUBE-0048,17,23,171
2025-01-31,S02,LUBE-0048,59,21,80
2025-01-31,S04,LUBE-0048,52,21,59
2025-01-31,S05,LUBE-0048,85,36,167
2025-01-31,S06,LUBE-0048,19,16,154
2025-01-31,S01,FUEL-0049,40,22,56
2025-01-31,S02,FUEL-0049,116,19,138
2025-01-31,S04,FUEL-0049,77,15,100
2025-01-31,S06,FUEL-0049,106,25,163
2025-01-31,S01,LUBE-0050,39,14,83
2025-01-31,S02,LUBE-0050,4,18,61
2025-01-31,S03,LUBE-0050,1,7,124
2025-01-31,S04,LUBE-0050,181,33,167
2025-01-31,S05,LUBE-0050,53,32,83
2025-01-31,S01,FUEL-0051,90,40,125
2025-01-31,S04,FUEL-0051,131,29,111
2025-01-31,S05,FUEL-0051,38,14,139
2025-01-31,S02,HDWR-0052,29,35,119
2025-01-31,S03,HDWR-0052,26,15,57
2025-01-31,S04,HDWR-0052,71,10,140
2025-01-31,S05,HDWR-0052,71,37,174
2025-01-31,S06,HDWR-0052,115,33,174
2025-01-31,S01,HDWR-0053,93,33,114
2025-01-31,S02,HDWR-0053,113,11,144
2025-01-31,S03,HDWR-0053,20,21,80
2025-01-31,S04,HDWR-0053,19,36,87
2025-01-31,S05,HDWR-0053,52,34,78
2025-01-31,S06,HDWR-0053,69,40,188
2025-01-31,S02,FEED-0054,87,27,126
2025-01-31,S03,FEED-0054,85,24,135
2025-01-31,S04,FEED-0054,56,12,73
2025-01-31,S05,FEED-0054,46,24,87
2025-01-31,S01,SEED-0055,0,6,111
2025-01-31,S02,SEED-0055,181,38,152
2025-01-31,S03,SEED-0055,75,37,122
2025-01-31,S05,SEED-0055,89,27,172
2025-01-31,S06,SEED-0055,0,19,71
2025-01-31,S03,SEED-0056,32,16,111
2025-01-31,S04,SEED-0056,25,12,80
2025-01-31,S05,SEED-0056,65,34,109
2025-01-31,S06,SEED-0056,43,19,74
2025-01-31,S02,FEED-0057,90,32,175
2025-01-31,S03,FEED-0057,51,22,85
2025-01-31,S04,FEED-0057,21,6,90
2025-01-31,S06,FEED-0057,106,29,128
2025-01-31,S02,HDWR-0058,127,37,138
2025-01-31,S03,HDWR-0058,56,37,191
2025-01-31,S05,HDWR-0058,110,31,133
2025-01-31,S06,HDWR-0058,107,38,140
2025-01-31,S03,HDWR-0059,75,27,109
2025-01-31,S04,HDWR-0059,86,7,137
2025-01-31,S06,HDWR-0059,100,18,145
2025-01-31,S03,HDWR-0060,154,38,189
2025-01-31,S05,HDWR-0060,111,15,174
2025-01-31,S01,TIRE-0061,87,24,182
2025-01-31,S02,TIRE-0061,79,32,127
2025-01-31,S03,TIRE-0061,54,22,148
2025-01-31,S05,TIRE-0061,82,37,157
2025-01-31,S06,TIRE-0061,17,7,68
2025-01-31,S02,SEED-0062,124,31,177
2025-01-31,S03,SEED-0062,93,33,148
2025-01-31,S04,SEED-0062,83,26,111
2025-01-31,S05,SEED-0062,8,7,95
2025-01-31,S06,SEED-0062,11,18,80
2025-01-31,S01,SEED-0063,67,6,99
2025-01-31,S02,SEED-0063,15,30,88
2025-01-31,S03,SEED-0063,153,33,136
2025-01-31,S04,SEED-0063,73,17,147
2025-01-31,S05,SEED-0063,43,33,65
2025-01-31,S06,SEED-0063,64,40,180
2025-01-31,S02,TIRE-0064,68,6,152
2025-01-31,S06,TIRE-0064,117,24,137
2025-01-31,S01,LUBE-0065,104,32,161
2025-01-31,S02,LUBE-0065,95,30,109
2025-01-31,S03,LUBE-0065,76,40,99
2025-01-31,S04,LUBE-0065,84,13,88
2025-01-31,S02,FUEL-0066,35,11,55
2025-01-31,S03,FUEL-0066,112,40,117
2025-01-31,S04,FUEL-0066,25,24,168
2025-01-31,S06,FUEL-0066,31,10,84
2025-01-31,S03,HDWR-0067,40,18,174
2025-01-31,S02,LUBE-0068,21,13,82
2025-01-31,S03,LUBE-0068,54,9,98
2025-01-31,S05,LUBE-0068,39,22,53
2025-01-31,S06,LUBE-0068,75,25,67
2025-01-31,S01,FUEL-0069,16,10,60
2025-01-31,S02,FUEL-0069,66,14,78
2025-01-31,S03,FUEL-0069,151,24,115
2025-01-31,S04,FUEL-0069,65,14,154
2025-01-31,S05,FUEL-0069,43,6,91
2025-01-31,S06,FUEL-0069,108,40,120
2025-01-31,S01,FEED-0070,0,17,150
2025-01-31,S03,FEED-0070,23,8,110
2025-01-31,S04,FEED-0070,96,28,165
2025-01-31,S06,FEED-0070,26,25,82
2025-01-31,S02,SEED-0071,55,23,91
2025-01-31,S03,SEED-0071,59,16,88
2025-01-31,S04,SEED-0071,89,37,154
2025-01-31,S05,SEED-0071,69,38,121
2025-01-31,S01,FUEL-0072,57,40,89
2025-01-31,S02,FUEL-0072,74,35,105
2025-01-31,S04,FUEL-0072,145,36,142
2025-01-31,S05,FUEL-0072,82,33,123
2025-01-31,S06,FUEL-0072,59,24,122
2025-01-31,S02,TIRE-0073,57,39,121
2025-01-31,S05,TIRE-0073,134,13,111
2025-01-31,S06,TIRE-0073,57,24,77
2025-01-31,S01,FEED-0074,55,35,192
2025-01-31,S05,FEED-0074,47,17,67
2025-01-31,S06,FEED-0074,37,9,62
2025-01-31,S02,FEED-0075,86,33,107
2025-01-31,S05,FEED-0075,56,14,121
2025-01-31,S02,TIRE-0076,117,29,111
2025-01-31,S03,TIRE-0076,132,32,137
2025-01-31,S06,TIRE-0076,156,34,174
2025-01-31,S01,TIRE-0077,0,10,160
2025-01-31,S02,TIRE-0077,91,39,181
2025-01-31,S03,TIRE-0077,15,6,113
2025-01-31,S05,TIRE-0077,61,28,80
2025-01-31,S06,TIRE-0077,49,24,70
2025-01-31,S03,SEED-0078,122,14,132
2025-01-31,S05,SEED-0078,27,11,70
2025-01-31,S06,SEED-0078,87,40,111
2025-01-31,S02,FUEL-0079,46,37,73
2025-01-31,S03,FUEL-0079,170,24,160
2025-01-31,S05,FUEL-0079,39,28,69
2025-01-31,S06,FUEL-0079,13,26,78
2025-01-31,S01,FUEL-0080,38,13,55
2025-01-31,S02,FUEL-0080,107,35,118
2025-01-31,S03,FUEL-0080,26,40,182
2025-01-31,S02,FEED-0081,92,21,126
2025-01-31,S04,FEED-0081,56,8,82
2025-01-31,S05,FEED-0081,36,9,54
2025-01-31,S02,SEED-0082,92,25,90
2025-01-31,S04,SEED-0082,95,6,147
2025-01-31,S06,SEED-0082,142,28,179
2025-01-31,S01,HDWR-0083,121,37,118
2025-01-31,S02,HDWR-0083,99,21,75
2025-01-31,S03,HDWR-0083,54,24,111
2025-01-31,S04,HDWR-0083,66,24,82
2025-01-31,S05,HDWR-0083,93,37,105
2025-01-31,S06,HDWR-0083,30,33,136
2025-01-31,S01,TIRE-0084,74,23,112
2025-01-31,S04,TIRE-0084,91,7,123
2025-01-31,S05,TIRE-0084,146,10,168
2025-01-31,S06,TIRE-0084,117,20,137
2025-01-31,S02,FEED-0085,19,13,81
2025-01-31,S03,FEED-0085,67,22,68
2025-01-31,S04,FEED-0085,47,21,112
2025-01-31,S01,TIRE-0086,91,18,145
2025-01-31,S02,TIRE-0086,44,27,143
2025-01-31,S03,TIRE-0086,59,8,78
2025-01-31,S04,TIRE-0086,12,5,39
2025-01-31,S06,TIRE-0086,129,14,159
2025-01-31,S01,TIRE-0087,95,9,93
2025-01-31,S02,TIRE-0087,13,30,143
2025-01-31,S05,TIRE-0087,17,11,106
2025-01-31,S01,HDWR-0088,107,7,153
2025-01-31,S02,HDWR-0088,80,37,124
2025-01-31,S03,HDWR-0088,82,9,146
2025-01-31,S04,HDWR-0088,8,11,48
2025-01-31,S01,TIRE-0089,49,20,129
2025-01-31,S02,TIRE-0089,84,32,113
2025-01-31,S04,TIRE-0089,121,34,146
2025-01-31,S06,TIRE-0089,76,25,88
2025-01-31,S01,LUBE-0090,0,11,88
2025-01-31,S02,LUBE-0090,130,15,110
2025-01-31,S03,LUBE-0090,26,8,46
2025-01-31,S05,LUBE-0090,103,36,151
2025-01-31,S04,FUEL-0091,34,22,55
2025-01-31,S05,FUEL-0091,63,38,193
2025-01-31,S06,FUEL-0091,119,38,134
2025-01-31,S01,LUBE-0092,122,19,137
2025-01-31,S02,LUBE-0092,114,15,156
2025-01-31,S01,HDWR-0093,140,37,143
2025-01-31,S02,HDWR-0093,97,22,125
2025-01-31,S03,HDWR-0093,59,16,170
2025-01-31,S04,HDWR-0093,32,17,85
2025-01-31,S06,HDWR-0093,68,10,133
2025-01-31,S01,HDWR-0094,36,27,105
2025-01-31,S02,HDWR-0094,33,19,51
2025-01-31,S05,HDWR-0094,159,40,200
2025-01-31,S06,HDWR-0094,94,29,179
2025-01-31,S01,FEED-0095,60,18,76
2025-01-31,S02,FEED-0095,25,5,71
2025-01-31,S04,FEED-0095,34,5,91
2025-01-31,S05,FEED-0095,36,9,68
2025-01-31,S01,SEED-0096,98,34,175
2025-01-31,S03,SEED-0096,13,18,112
2025-01-31,S04,SEED-0096,40,19,64
2025-01-31,S02,FEED-0097,99,35,151
2025-01-31,S03,FEED-0097,49,19,86
2025-01-31,S04,FEED-0097,72,39,93
2025-01-31,S05,FEED-0097,59,10,123
2025-01-31,S06,FEED-0097,35,39,76
2025-01-31,S01,SEED-0098,68,36,97
2025-01-31,S01,LUBE-0099,75,31,115
2025-01-31,S02,LUBE-0099,43,39,182
2025-01-31,S05,LUBE-0099,64,17,104
2025-01-31,S06,LUBE-0099,18,24,120
2025-01-31,S02,SEED-0100,120,35,139
2025-01-31,S06,SEED-0100,48,8,80
2025-01-31,S02,FUEL-0101,15,12,49
2025-01-31,S03,FUEL-0101,56,39,75
2025-01-31,S04,FUEL-0101,60,10,104
2025-01-31,S05,FUEL-0101,113,35,122
2025-01-31,S06,FUEL-0101,33,22,63
2025-01-31,S02,FEED-0102,55,39,85
2025-01-31,S03,FEED-0102,68,14,119
2025-01-31,S04,FEED-0102,44,23,157
2025-01-31,S03,HDWR-0103,70,35,80
2025-01-31,S05,HDWR-0103,107,30,108
2025-01-31,S01,FEED-0104,67,21,80
2025-01-31,S02,FEED-0104,40,34,92
2025-01-31,S03,FEED-0104,134,8,153
2025-01-31,S05,FEED-0104,56,17,156
2025-01-31,S06,FEED-0104,57,13,136
2025-01-31,S03,TIRE-0105,22,16,160
2025-01-31,S05,TIRE-0105,14,22,147
2025-01-31,S06,TIRE-0105,119,14,139
2025-01-31,S02,FEED-0106,16,17,105
2025-01-31,S05,FEED-0106,79,28,117
2025-01-31,S06,FEED-0106,39,16,71
2025-01-31,S01,HDWR-0107,92,8,122
2025-01-31,S02,HDWR-0107,78,6,101
2025-01-31,S03,HDWR-0107,114,30,115
2025-01-31,S01,SEED-0108,95,25,182
2025-01-31,S04,SEED-0108,104,19,132
2025-01-31,S05,SEED-0108,109,11,143
2025-01-31,S01,FUEL-0109,113,37,183
2025-01-31,S02,FUEL-0109,50,5,89
2025-01-31,S04,FUEL-0109,29,30,131
2025-01-31,S05,FUEL-0109,91,17,140
2025-01-31,S06,FUEL-0109,101,29,100
2025-01-31,S01,HDWR-0110,113,25,129
2025-01-31,S03,HDWR-0110,78,10,80
2025-01-31,S04,HDWR-0110,70,35,80
2025-01-31,S05,HDWR-0110,119,31,160
2025-01-31,S06,HDWR-0110,75,16,82
2025-01-31,S01,SEED-0111,136,33,152
2025-01-31,S02,SEED-0111,58,9,115
2025-01-31,S04,SEED-0111,102,26,113
2025-01-31,S05,SEED-0111,8,33,162
2025-01-31,S06,SEED-0111,36,32,97
2025-01-31,S01,LUBE-0112,64,14,113
2025-01-31,S02,LUBE-0112,102,30,116
2025-01-31,S04,LUBE-0112,79,38,112
2025-01-31,S05,LUBE-0112,75,40,89
2025-01-31,S06,LUBE-0112,63,36,118
2025-01-31,S01,HDWR-0113,27,16,65
2025-01-31,S03,HDWR-0113,67,40,96
2025-01-31,S04,HDWR-0113,85,38,190
2025-01-31,S05,HDWR-0113,72,26,85
2025-01-31,S06,HDWR-0113,64,34,118
2025-01-31,S02,SEED-0114,90,31,148
2025-01-31,S03,SEED-0114,79,33,129
2025-01-31,S04,SEED-0114,77,15,104
2025-01-31,S05,SEED-0114,40,11,140
2025-01-31,S06,SEED-0114,17,14,54
2025-01-31,S01,FEED-0115,78,30,158
2025-01-31,S03,FEED-0115,57,32,187
2025-01-31,S04,FEED-0115,82,29,117
2025-01-31,S05,FEED-0115,89,13,164
2025-01-31,S06,FEED-0115,100,33,155
2025-01-31,S01,FEED-0116,32,21,53
2025-01-31,S02,FEED-0116,62,37,126
2025-01-31,S03,FEED-0116,50,8,63
2025-01-31,S05,FEED-0116,32,13,44
2025-01-31,S06,FEED-0116,64,35,68
2025-01-31,S01,FUEL-0117,98,37,169
2025-01-31,S03,FUEL-0117,83,28,164
2025-01-31,S05,FUEL-0117,45,40,70
2025-01-31,S01,SEED-0118,66,6,73
2025-01-31,S02,SEED-0118,184,23,152
2025-01-31,S03,SEED-0118,136,31,144
2025-01-31,S04,SEED-0118,134,32,163
2025-01-31,S05,SEED-0118,50,16,149
2025-01-31,S01,TIRE-0119,104,39,120
2025-01-31,S03,TIRE-0119,107,17,114
2025-01-31,S05,TIRE-0119,92,9,155
2025-01-31,S06,TIRE-0119,0,21,144
2025-01-31,S02,LUBE-0120,101,25,122
2025-01-31,S03,LUBE-0120,47,34,70
2025-01-31,S06,LUBE-0120,0,13,153
2025-02-28,S02,LUBE-0001,38,25,91
2025-02-28,S03,LUBE-0001,69,21,171
2025-02-28,S05,LUBE-0001,66,9,148
2025-02-28,S01,LUBE-0002,27,7,44
2025-02-28,S02,LUBE-0002,59,33,183
2025-02-28,S03,LUBE-0002,50,8,83
2025-02-28,S06,LUBE-0002,89,32,140
2025-02-28,S05,FEED-0003,30,11,83
2025-02-28,S06,FEED-0003,116,26,158
2025-02-28,S02,SEED-0004,73,6,79
2025-02-28,S03,SEED-0004,104,6,100
2025-02-28,S04,SEED-0004,136,30,145
2025-02-28,S01,TIRE-0005,89,11,154
2025-02-28,S02,TIRE-0005,58,40,126
2025-02-28,S03,TIRE-0005,51,25,61
2025-02-28,S06,TIRE-0005,43,35,159
2025-02-28,S01,HDWR-0006,105,36,105
2025-02-28,S02,HDWR-0006,82,11,114
2025-02-28,S03,HDWR-0006,97,5,138
2025-02-28,S05,HDWR-0006,95,28,132
2025-02-28,S06,HDWR-0006,14,6,142
2025-02-28,S01,SEED-0007,51,40,102
2025-02-28,S03,SEED-0007,30,9,54
2025-02-28,S04,SEED-0007,92,11,98
2025-02-28,S05,SEED-0007,28,21,159
2025-02-28,S06,SEED-0007,86,29,178
2025-02-28,S01,TIRE-0008,59,39,75
2025-02-28,S02,TIRE-0008,132,34,187
2025-02-28,S03,TIRE-0008,85,7,123
2025-02-28,S04,TIRE-0008,73,26,75
2025-02-28,S05,TIRE-0008,110,37,154
2025-02-28,S06,TIRE-0008,78,33,76
2025-02-28,S02,TIRE-0009,148,34,190
2025-02-28,S05,TIRE-0009,120,21,100
2025-02-28,S01,LUBE-0010,73,31,140
2025-02-28,S02,HDWR-0011,87,40,169
2025-02-28,S03,HDWR-0011,53,29,103
2025-02-28,S04,HDWR-0011,23,21,175
2025-02-28,S05,HDWR-0011,119,19,125
2025-02-28,S02,TIRE-0012,22,30,179
2025-02-28,S04,TIRE-0012,52,19,92
2025-02-28,S05,TIRE-0012,53,11,126
2025-02-28,S06,TIRE-0012,169,9,155
2025-02-28,S04,SEED-0013,34,14,108
2025-02-28,S05,SEED-0013,53,30,89
2025-02-28,S01,FEED-0014,27,7,47
2025-02-28,S02,FEED-0014,104,29,128
2025-02-28,S03,FEED-0014,55,22,66
2025-02-28,S04,FEED-0014,90,36,150
2025-02-28,S05,FEED-0014,87,29,108
2025-02-28,S06,FEED-0014,44,5,61
2025-02-28,S01,FUEL-0015,34,40,103
2025-02-28,S03,FUEL-0015,64,7,75
2025-02-28,S05,FUEL-0015,127,21,133
2025-02-28,S06,FUEL-0015,29,7,92
2025-02-28,S01,FEED-0016,48,36,108
2025-02-28,S02,FEED-0016,23,17,55
2025-02-28,S06,FEED-0016,113,12,155
2025-02-28,S01,FUEL-0017,52,14,129
2025-02-28,S02,FUEL-0017,67,20,80
2025-02-28,S03,FUEL-0017,17,7,76
2025-02-28,S04,FUEL-0017,102,23,165
2025-02-28,S05,FUEL-0017,163,28,158
2025-02-28,S01,HDWR-0018,80,31,150
2025-02-28,S02,HDWR-0018,70,15,76
2025-02-28,S03,HDWR-0018,94,26,110
2025-02-28,S05,HDWR-0018,106,26,153
2025-02-28,S06,HDWR-0018,47,26,169
2025-02-28,S01,FUEL-0019,168,18,116
2025-02-28,S02,FUEL-0019,61,14,61
2025-02-28,S06,FUEL-0019,62,25,101
2025-02-28,S02,SEED-0020,138,23,143
2025-02-28,S04,SEED-0020,8,25,121
2025-02-28,S05,SEED-0020,48,7,136
2025-02-28,S06,SEED-0020,35,24,115
2025-02-28,S01,TIRE-0021,69,39,142
2025-02-28,S02,TIRE-0021,100,39,146
2025-02-28,S03,TIRE-0021,0,14,143
2025-02-28,S04,TIRE-0021,57,7,130
2025-02-28,S05,TIRE-0021,37,13,69
2025-02-28,S06,TIRE-0021,55,38,72
2025-02-28,S01,HDWR-0022,114,34,191
2025-02-28,S03,HDWR-0022,61,37,90
2025-02-28,S04,HDWR-0022,64,19,101
2025-02-28,S06,HDWR-0022,130,34,178
2025-02-28,S01,FUEL-0023,81,13,133
2025-02-28,S04,FUEL-0023,66,14,158
2025-02-28,S06,FUEL-0023,47,20,85
2025-02-28,S01,TIRE-0024,136,38,198
2025-02-28,S02,TIRE-0024,0,6,113
2025-02-28,S03,TIRE-0024,53,32,106
2025-02-28,S05,TIRE-0024,38,12,64
2025-02-28,S06,TIRE-0024,60,25,132
2025-02-28,S01,FUEL-0025,35,27,60
2025-02-28,S04,FUEL-0025,24,9,43
2025-02-28,S05,FUEL-0025,21,10,40
2025-02-28,S06,FUEL-0025,29,20,173
2025-02-28,S01,LUBE-0026,36,19,52
2025-02-28,S02,LUBE-0026,45,26,80
2025-02-28,S03,LUBE-0026,11,5,149
2025-02-28,S05,LUBE-0026,111,8,116
2025-02-28,S06,LUBE-0026,43,24,56
2025-02-28,S02,LUBE-0027,72,11,81
2025-02-28,S03,LUBE-0027,93,18,127
2025-02-28,S01,FUEL-0028,30,10,80
2025-02-28,S04,FUEL-0028,87,39,177
2025-02-28,S05,FUEL-0028,62,33,151
2025-02-28,S06,FUEL-0028,95,37,118
2025-02-28,S01,FEED-0029,70,18,86
2025-02-28,S02,FEED-0029,119,31,190
2025-02-28,S03,FEED-0029,69,17,68
2025-02-28,S04,FEED-0029,8,5,155
2025-02-28,S05,FEED-0029,31,7,54
2025-02-28,S06,FEED-0029,42,35,79
2025-02-28,S01,HDWR-0030,78,15,166
2025-02-28,S02,HDWR-0030,57,22,151
2025-02-28,S03,HDWR-0030,36,19,71
2025-02-28,S04,HDWR-0030,127,15,130
2025-02-28,S05,HDWR-0030,77,37,111
2025-02-28,S06,HDWR-0030,181,31,171
2025-02-28,S01,LUBE-0031,71,24,168
2025-02-28,S02,LUBE-0031,43,20,175
2025-02-28,S04,LUBE-0031,40,15,87
2025-02-28,S06,LUBE-0031,44,30,78
2025-02-28,S01,FEED-0032,133,23,156
2025-02-28,S02,FEED-0032,92,14,158
2025-02-28,S04,FEED-0032,46,28,162
2025-02-28,S01,FEED-0033,41,32,86
2025-02-28,S03,FEED-0033,70,38,86
2025-02-28,S04,FEED-0033,99,16,127
2025-02-28,S05,FEED-0033,29,15,66
2025-02-28,S06,FEED-0033,60,24,130
2025-02-28,S05,LUBE-0034,97,25,151
2025-02-28,S06,LUBE-0034,101,21,154
2025-02-28,S03,LUBE-0035,51,33,104
2025-02-28,S04,LUBE-0035,146,5,126
2025-02-28,S05,LUBE-0035,53,18,66
2025-02-28,S06,LUBE-0035,47,38,121
2025-02-28,S01,LUBE-0036,49,35,161
2025-02-28,S02,LUBE-0036,165,36,186
2025-02-28,S03,LUBE-0036,73,16,124
2025-02-28,S05,LUBE-0036,38,24,72
2025-02-28,S01,LUBE-0037,118,36,171
2025-02-28,S03,LUBE-0037,12,37,104
2025-02-28,S04,LUBE-0037,39,11,81
2025-02-28,S05,LUBE-0037,190,40,188
2025-02-28,S06,LUBE-0037,143,23,182
2025-02-28,S01,HDWR-0038,69,31,92
2025-02-28,S03,HDWR-0038,54,30,83
2025-02-28,S05,HDWR-0038,31,17,83
2025-02-28,S01,LUBE-0039,170,30,188
2025-02-28,S03,LUBE-0039,81,22,169
2025-02-28,S05,LUBE-0039,46,27,157
2025-02-28,S06,LUBE-0039,64,39,176
2025-02-28,S01,FEED-0040,66,9,85
2025-02-28,S02,FEED-0040,98,13,171
2025-02-28,S04,FEED-0040,44,31,137
2025-02-28,S06,FEED-0040,66,29,94
2025-02-28,S01,SEED-0041,64,14,105
2025-02-28,S02,SEED-0041,112,30,155
2025-02-28,S03,SEED-0041,68,40,88
2025-02-28,S04,SEED-0041,85,29,94
2025-02-28,S05,SEED-0041,99,25,130
2025-02-28,S06,SEED-0041,23,15,49
2025-02-28,S02,SEED-0042,66,31,117
2025-02-28,S03,SEED-0042,40,28,93
2025-02-28,S05,SEED-0042,69,26,66
2025-02-28,S06,SEED-0042,101,6,138
2025-02-28,S01,HDWR-0043,38,31,64
2025-02-28,S02,HDWR-0043,90,15,111
2025-02-28,S04,HDWR-0043,51,37,88
2025-02-28,S05,HDWR-0043,73,15,84
2025-02-28,S06,HDWR-0043,61,36,80
2025-02-28,S01,FEED-0044,113,29,162
2025-02-28,S02,FEED-0044,55,7,78
2025-02-28,S03,FEED-0044,20,16,69
2025-02-28,S05,FEED-0044,149,30,149
2025-02-28,S06,FEED-0044,22,11,164
2025-02-28,S01,TIRE-0045,57,28,124
2025-02-28,S03,TIRE-0045,15,10,57
2025-02-28,S05,TIRE-0045,36,19,145
2025-02-28,S06,TIRE-0045,87,23,103
2025-02-28,S02,FUEL-0046,42,19,62
2025-02-28,S03,FUEL-0046,129,34,132
2025-02-28,S04,FUEL-0046,89,30,171
2025-02-28,S01,HDWR-0047,31,40,89
2025-02-28,S02,HDWR-0047,63,5,133
2025-02-28,S03,HDWR-0047,120,36,175
2025-02-28,S04,HDWR-0047,110,9,159
2025-02-28,S05,HDWR-0047,51,29,83
2025-02-28,S06,HDWR-0047,105,23,173
2025-02-28,S01,LUBE-0048,64,6,74
2025-02-28,S02,LUBE-0048,111,36,100
2025-02-28,S05,LUBE-0048,59,32,140
2025-02-28,S06,LUBE-0048,77,28,97
2025-02-28,S01,FUEL-0049,103,30,140
2025-02-28,S02,FUEL-0049,101,39,137
2025-02-28,S03,FUEL-0049,102,24,111
2025-02-28,S04,FUEL-0049,96,6,136
2025-02-28,S05,FUEL-0049,75,28,177
2025-02-28,S06,FUEL-0049,154,27,145
2025-02-28,S01,LUBE-0050,58,34,114
2025-02-28,S02,LUBE-0050,26,9,126
2025-02-28,S03,LUBE-0050,41,35,98
2025-02-28,S04,LUBE-0050,153,27,165
2025-02-28,S06,LUBE-0050,71,19,90
2025-02-28,S01,FUEL-0051,62,30,115
2025-02-28,S02,FUEL-0051,88,23,180
2025-02-28,S04,FUEL-0051,33,33,163
2025-02-28,S05,FUEL-0051,75,31,136
2025-02-28,S06,FUEL-0051,28,36,93
2025-02-28,S01,HDWR-0052,79,35,156
2025-02-28,S02,HDWR-0052,36,22,61
2025-02-28,S03,HDWR-0052,82,33,151
2025-02-28,S05,HDWR-0052,174,25,162
2025-02-28,S02,HDWR-0053,32,14,74
2025-02-28,S05,HDWR-0053,37,16,156
2025-02-28,S06,HDWR-0053,48,35,106
2025-02-28,S01,FEED-0054,80,34,193
2025-02-28,S04,FEED-0054,21,29,112
2025-02-28,S05,FEED-0054,14,17,63
2025-02-28,S02,SEED-0055,25,9,71
2025-02-28,S03,SEED-0055,6,7,147
2025-02-28,S04,SEED-0055,118,32,179
2025-02-28,S06,SEED-0055,40,32,84
2025-02-28,S01,SEED-0056,9,5,53
2025-02-28,S03,SEED-0056,126,39,123
2025-02-28,S04,SEED-0056,61,21,142
2025-02-28,S06,SEED-0056,49,29,129
2025-02-28,S03,FEED-0057,118,30,148
2025-02-28,S04,FEED-0057,107,40,154
2025-02-28,S06,FEED-0057,95,37,169
2025-02-28,S01,HDWR-0058,93,26,102
2025-02-28,S02,HDWR-0058,43,8,42
2025-02-28,S03,HDWR-0058,76,27,179
2025-02-28,S06,HDWR-0058,53,10,169
2025-02-28,S01,HDWR-0059,104,5,88
2025-02-28,S03,HDWR-0059,56,40,189
2025-02-28,S04,HDWR-0059,42,16,63
2025-02-28,S05,HDWR-0059,95,32,168
2025-02-28,S06,HDWR-0059,75,35,72
2025-02-28,S01,HDWR-0060,60,40,100
2025-02-28,S02,HDWR-0060,100,29,95
2025-02-28,S03,HDWR-0060,111,14,104
2025-02-28,S05,HDWR-0060,121,26,185
2025-02-28,S06,HDWR-0060,74,39,69
2025-02-28,S01,TIRE-0061,57,11,145
2025-02-28,S02,TIRE-0061,30,11,98
2025-02-28,S03,TIRE-0061,96,31,102
2025-02-28,S04,TIRE-0061,162,7,133
2025-02-28,S05,TIRE-0061,73,6,71
2025-02-28,S06,TIRE-0061,59,28,64
2025-02-28,S01,SEED-0062,55,29,119
2025-02-28,S02,SEED-0062,39,23,71
2025-02-28,S03,SEED-0062,46,30,61
2025-02-28,S04,SEED-0062,0,21,164
2025-02-28,S06,SEED-0062,114,34,141
2025-02-28,S03,SEED-0063,74,28,154
2025-02-28,S04,SEED-0063,66,29,81
2025-02-28,S01,TIRE-0064,28,20,96
2025-02-28,S02,TIRE-0064,76,5,64
2025-02-28,S03,TIRE-0064,33,29,80
2025-02-28,S06,TIRE-0064,115,30,146
2025-02-28,S02,LUBE-0065,37,14,140
2025-02-28,S03,LUBE-0065,30,7,121
2025-02-28,S04,LUBE-0065,41,38,122
2025-02-28,S05,LUBE-0065,22,8,42
2025-02-28,S01,FUEL-0066,109,35,112
2025-02-28,S02,FUEL-0066,72,10,102
2025-02-28,S03,FUEL-0066,72,10,133
2025-02-28,S04,FUEL-0066,50,27,97
2025-02-28,S05,FUEL-0066,100,33,163
2025-02-28,S06,FUEL-0066,137,31,186
2025-02-28,S02,HDWR-0067,40,26,62
2025-02-28,S03,HDWR-0067,104,38,147
2025-02-28,S04,HDWR-0067,73,27,104
2025-02-28,S02,LUBE-0068,121,21,118
2025-02-28,S03,LUBE-0068,80,10,128
2025-02-28,S04,LUBE-0068,75,16,78
2025-02-28,S05,LUBE-0068,130,29,130
2025-02-28,S06,LUBE-0068,27,29,75
2025-02-28,S01,FUEL-0069,64,27,143
2025-02-28,S02,FUEL-0069,76,12,117
2025-02-28,S03,FUEL-0069,114,35,108
2025-02-28,S05,FUEL-0069,88,8,126
2025-02-28,S06,FUEL-0069,87,7,142
2025-02-28,S02,FEED-0070,29,37,67
2025-02-28,S05,FEED-0070,77,24,167
2025-02-28,S06,FEED-0070,68,14,111
2025-02-28,S01,SEED-0071,115,27,175
2025-02-28,S04,SEED-0071,64,28,105
2025-02-28,S05,SEED-0071,74,35,105
2025-02-28,S06,SEED-0071,88,21,161
2025-02-28,S01,FUEL-0072,0,9,56
2025-02-28,S02,FUEL-0072,32,14,65
2025-02-28,S04,FUEL-0072,48,9,137
2025-02-28,S05,FUEL-0072,129,29,180
2025-02-28,S01,TIRE-0073,43,10,49
2025-02-28,S02,TIRE-0073,90,31,102
2025-02-28,S06,TIRE-0073,88,10,117
2025-02-28,S01,FEED-0074,1,12,102
2025-02-28,S05,FEED-0074,26,10,57
2025-02-28,S06,FEED-0074,77,38,110
2025-02-28,S03,FEED-0075,170,39,189
2025-02-28,S04,FEED-0075,127,38,183
2025-02-28,S05,FEED-0075,54,7,114
2025-02-28,S02,TIRE-0076,178,30,189
2025-02-28,S04,TIRE-0076,59,35,182
2025-02-28,S05,TIRE-0076,48,23,93
2025-02-28,S06,TIRE-0076,13,34,158
2025-02-28,S03,TIRE-0077,67,9,87
2025-02-28,S01,SEED-0078,53,21,115
2025-02-28,S02,SEED-0078,61,26,87
2025-02-28,S02,FUEL-0079,71,40,199
2025-02-28,S03,FUEL-0079,67,26,72
2025-02-28,S05,FUEL-0079,61,33,87
2025-02-28,S06,FUEL-0079,104,38,183
2025-02-28,S02,FUEL-0080,113,32,135
2025-02-28,S03,FUEL-0080,35,30,62
2025-02-28,S05,FUEL-0080,78,21,178
2025-02-28,S06,FUEL-0080,96,36,150
2025-02-28,S01,FEED-0081,142,12,157
2025-02-28,S02,FEED-0081,72,39,126
2025-02-28,S03,FEED-0081,46,10,68
2025-02-28,S05,FEED-0081,154,12,151
2025-02-28,S06,FEED-0081,152,35,130
2025-02-28,S01,SEED-0082,0,23,160
2025-02-28,S03,SEED-0082,13,10,128
2025-02-28,S04,SEED-0082,68,9,138
2025-02-28,S05,SEED-0082,63,36,78
2025-02-28,S06,SEED-0082,125,22,139
2025-02-28,S02,HDWR-0083,92,16,107
2025-02-28,S03,HDWR-0083,174,29,167
2025-02-28,S04,HDWR-0083,124,12,164
2025-02-28,S05,HDWR-0083,106,38,143
2025-02-28,S01,TIRE-0084,79,34,94
2025-02-28,S02,TIRE-0084,46,8,135
2025-02-28,S03,TIRE-0084,6,36,116
2025-02-28,S04,TIRE-0084,54,6,158
2025-02-28,S05,TIRE-0084,100,40,122
2025-02-28,S03,FEED-0085,58,28,87
2025-02-28,S04,FEED-0085,123,31,156
2025-02-28,S05,FEED-0085,49,17,81
2025-02-28,S06,FEED-0085,119,27,148
2025-02-28,S02,TIRE-0086,62,40,119
2025-02-28,S03,TIRE-0086,47,35,105
2025-02-28,S04,TIRE-0086,157,24,112
2025-02-28,S05,TIRE-0086,34,37,136
2025-02-28,S01,TIRE-0087,82,29,167
2025-02-28,S02,TIRE-0087,71,18,89
2025-02-28,S03,TIRE-0087,76,6,88
2025-02-28,S04,TIRE-0087,69,30,136
2025-02-28,S05,TIRE-0087,111,22,130
2025-02-28,S06,TIRE-0087,58,24,92
2025-02-28,S04,HDWR-0088,39,5,42
2025-02-28,S05,HDWR-0088,88,36,110
2025-02-28,S02,TIRE-0089,36,17,51
2025-02-28,S04,TIRE-0089,85,32,149
2025-02-28,S05,TIRE-0089,16,15,96
2025-02-28,S06,TIRE-0089,26,8,57
2025-02-28,S01,LUBE-0090,27,32,79
2025-02-28,S03,LUBE-0090,47,32,131
2025-02-28,S04,LUBE-0090,97,31,146
2025-02-28,S05,LUBE-0090,60,9,118
2025-02-28,S01,FUEL-0091,67,36,127
2025-02-28,S03,FUEL-0091,125,24,171
2025-02-28,S04,FUEL-0091,77,9,138
2025-02-28,S05,FUEL-0091,120,27,161
2025-02-28,S06,FUEL-0091,14,19,107
2025-02-28,S01,LUBE-0092,65,5,82
2025-02-28,S04,LUBE-0092,36,10,167
2025-02-28,S05,LUBE-0092,19,11,71
2025-02-28,S06,LUBE-0092,39,16,63
2025-02-28,S03,HDWR-0093,139,6,126
2025-02-28,S04,HDWR-0093,58,38,90
2025-02-28,S05,HDWR-0093,103,31,74
2025-02-28,S06,HDWR-0093,63,29,94
2025-02-28,S03,HDWR-0094,195,33,166
2025-02-28,S04,HDWR-0094,92,38,154
2025-02-28,S05,HDWR-0094,57,29,129
2025-02-28,S03,FEED-0095,103,18,170
2025-02-28,S01,SEED-0096,125,29,162
2025-02-28,S02,SEED-0096,49,14,104
2025-02-28,S03,SEED-0096,65,7,67
2025-02-28,S04,SEED-0096,61,38,90
2025-02-28,S01,FEED-0097,33,13,56
2025-02-28,S02,FEED-0097,35,37,93
2025-02-28,S06,FEED-0097,75,20,165
2025-02-28,S04,SEED-0098,77,35,114
2025-02-28,S05,SEED-0098,33,21,111
2025-02-28,S06,SEED-0098,58,20,132
2025-02-28,S01,LUBE-0099,61,13,82
2025-02-28,S02,LUBE-0099,101,24,171
2025-02-28,S04,LUBE-0099,28,24,54
2025-02-28,S05,LUBE-0099,21,10,79
2025-02-28,S06,LUBE-0099,111,11,135
2025-02-28,S03,SEED-0100,109,28,134
2025-02-28,S04,SEED-0100,99,30,145
2025-02-28,S05,SEED-0100,64,40,134
2025-02-28,S06,SEED-0100,114,25,151
2025-02-28,S01,FUEL-0101,74,34,182
2025-02-28,S02,FUEL-0101,63,9,80
2025-02-28,S05,FUEL-0101,59,25,89
2025-02-28,S01,FEED-0102,47,27,63
2025-02-28,S02,FEED-0102,71,15,114
2025-02-28,S03,FEED-0102,74,34,98
2025-02-28,S04,FEED-0102,63,7,113
2025-02-28,S06,FEED-0102,59,24,75
2025-02-28,S01,HDWR-0103,37,40,162
2025-02-28,S02,HDWR-0103,59,23,81
2025-02-28,S03,HDWR-0103,100,20,164
2025-02-28,S04,HDWR-0103,82,19,129
2025-02-28,S05,HDWR-0103,77,18,147
2025-02-28,S06,HDWR-0103,49,36,158
2025-02-28,S02,FEED-0104,54,28,99
2025-02-28,S05,FEED-0104,71,26,86
2025-02-28,S03,TIRE-0105,62,8,111
2025-02-28,S04,TIRE-0105,46,20,50
2025-02-28,S05,TIRE-0105,56,37,142
2025-02-28,S01,FEED-0106,52,12,118
2025-02-28,S04,FEED-0106,43,8,135
2025-02-28,S05,FEED-0106,51,36,78
2025-02-28,S01,HDWR-0107,25,6,36
2025-02-28,S01,SEED-0108,59,16,145
2025-02-28,S03,SEED-0108,46,21,172
2025-02-28,S05,SEED-0108,93,30,120
2025-02-28,S06,SEED-0108,107,8,128
2025-02-28,S02,FUEL-0109,124,16,163
2025-02-28,S03,FUEL-0109,86,21,176
2025-02-28,S05,FUEL-0109,38,26,61
2025-02-28,S02,HDWR-0110,67,29,116
2025-02-28,S06,HDWR-0110,65,38,78
2025-02-28,S01,SEED-0111,127,23,152
2025-02-28,S02,SEED-0111,37,18,53
2025-02-28,S03,SEED-0111,128,31,172
2025-02-28,S04,SEED-0111,79,31,157
2025-02-28,S05,SEED-0111,0,28,140
2025-02-28,S06,SEED-0111,58,7,103
2025-02-28,S01,LUBE-0112,47,23,102
2025-02-28,S04,LUBE-0112,47,18,66
2025-02-28,S05,LUBE-0112,23,9,50
2025-02-28,S06,LUBE-0112,44,7,92
2025-02-28,S01,HDWR-0113,135,35,113
2025-02-28,S02,HDWR-0113,10,6,44
2025-02-28,S03,HDWR-0113,80,36,90
2025-02-28,S04,HDWR-0113,36,33,65
2025-02-28,S05,HDWR-0113,142,31,159
2025-02-28,S06,HDWR-0113,45,17,97
2025-02-28,S01,SEED-0114,133,32,144
2025-02-28,S03,SEED-0114,106,16,171
2025-02-28,S06,SEED-0114,86,11,109
2025-02-28,S01,FEED-0115,79,19,120
2025-02-28,S02,FEED-0115,62,38,135
2025-02-28,S03,FEED-0115,79,20,131
2025-02-28,S04,FEED-0115,113,36,111
2025-02-28,S06,FEED-0115,64,26,115
2025-02-28,S01,FEED-0116,61,28,130
2025-02-28,S04,FEED-0116,36,7,78
2025-02-28,S06,FEED-0116,16,13,140
2025-02-28,S01,FUEL-0117,0,8,66
2025-02-28,S02,FUEL-0117,80,37,157
2025-02-28,S03,FUEL-0117,69,27,81
2025-02-28,S04,FUEL-0117,149,10,159
2025-02-28,S05,FUEL-0117,0,10,117
2025-02-28,S01,SEED-0118,53,13,118
2025-02-28,S02,SEED-0118,83,5,100
2025-02-28,S03,SEED-0118,40,10,62
2025-02-28,S04,SEED-0118,82,16,146
2025-02-28,S05,SEED-0118,86,11,92
2025-02-28,S06,SEED-0118,72,38,159
2025-02-28,S01,TIRE-0119,37,22,87
2025-02-28,S02,TIRE-0119,121,10,153
2025-02-28,S03,TIRE-0119,19,9,40
2025-02-28,S05,TIRE-0119,114,27,155
2025-02-28,S04,LUBE-0120,60,39,87
2025-02-28,S05,LUBE-0120,22,6,42
2025-03-31,S02,LUBE-0001,21,9,72
2025-03-31,S04,LUBE-0001,88,13,138
2025-03-31,S05,LUBE-0001,62,28,178
2025-03-31,S02,LUBE-0002,80,37,140
2025-03-31,S04,LUBE-0002,90,16,170
2025-03-31,S05,LUBE-0002,124,9,104
2025-03-31,S01,FEED-0003,37,23,174
2025-03-31,S02,FEED-0003,38,10,91
2025-03-31,S03,FEED-0003,126,12,153
2025-03-31,S04,FEED-0003,68,37,86
2025-03-31,S05,FEED-0003,57,29,119
2025-03-31,S01,SEED-0004,25,24,76
2025-03-31,S03,SEED-0004,35,27,57
2025-03-31,S04,SEED-0004,32,17,58
2025-03-31,S05,SEED-0004,209,38,190
2025-03-31,S06,SEED-0004,72,22,95
2025-03-31,S01,TIRE-0005,99,39,161
2025-03-31,S03,TIRE-0005,30,19,120
2025-03-31,S06,TIRE-0005,40,18,123
2025-03-31,S01,HDWR-0006,72,26,87
2025-03-31,S05,HDWR-0006,36,13,85
2025-03-31,S06,HDWR-0006,0,10,129
2025-03-31,S01,SEED-0007,59,27,75
2025-03-31,S02,SEED-0007,148,40,175
2025-03-31,S03,SEED-0007,76,37,111
2025-03-31,S04,SEED-0007,78,9,102
2025-03-31,S05,SEED-0007,79,26,98
2025-03-31,S06,SEED-0007,141,23,145
2025-03-31,S01,TIRE-0008,22,18,68
2025-03-31,S03,TIRE-0008,58,10,94
2025-03-31,S04,TIRE-0008,151,22,172
2025-03-31,S04,TIRE-0009,95,22,139
2025-03-31,S05,TIRE-0009,80,28,89
2025-03-31,S06,TIRE-0009,32,17,48
2025-03-31,S03,LUBE-0010,68,37,183
2025-03-31,S05,LUBE-0010,108,9,146
2025-03-31,S06,LUBE-0010,26,27,142
2025-03-31,S01,HDWR-0011,4,14,143
2025-03-31,S01,TIRE-0012,126,24,177
2025-03-31,S02,TIRE-0012,53,13,115
2025-03-31,S04,TIRE-0012,111,30,141
2025-03-31,S06,TIRE-0012,60,40,73
2025-03-31,S01,SEED-0013,47,22,54
2025-03-31,S03,SEED-0013,59,5,104
2025-03-31,S04,SEED-0013,83,6,155
2025-03-31,S06,SEED-0013,31,7,155
2025-03-31,S01,FEED-0014,84,32,146
2025-03-31,S04,FEED-0014,4,6,153
2025-03-31,S05,FEED-0014,38,9,124
2025-03-31,S06,FEED-0014,92,12,150
2025-03-31,S01,FUEL-0015,114,9,147
2025-03-31,S03,FUEL-0015,68,32,172
2025-03-31,S04,FUEL-0015,125,39,153
2025-03-31,S01,FEED-0016,77,28,95
2025-03-31,S02,FEED-0016,33,28,177
2025-03-31,S04,FEED-0016,28,23,74
2025-03-31,S05,FEED-0016,13,6,138
2025-03-31,S02,FUEL-0017,33,10,60
2025-03-31,S03,FUEL-0017,132,36,191
2025-03-31,S05,FUEL-0017,94,12,106
2025-03-31,S06,FUEL-0017,49,30,165
2025-03-31,S02,HDWR-0018,88,25,129
2025-03-31,S05,HDWR-0018,119,17,120
2025-03-31,S06,HDWR-0018,74,29,147
2025-03-31,S01,FUEL-0019,67,19,139
2025-03-31,S02,FUEL-0019,84,23,141
2025-03-31,S05,FUEL-0019,52,8,82
2025-03-31,S06,FUEL-0019,121,39,117
2025-03-31,S02,SEED-0020,25,23,172
2025-03-31,S04,SEED-0020,138,16,154
2025-03-31,S06,SEED-0020,16,15,83
2025-03-31,S01,TIRE-0021,120,27,108
2025-03-31,S02,TIRE-0021,65,15,75
2025-03-31,S03,TIRE-0021,34,28,109
2025-03-31,S05,TIRE-0021,66,33,97
2025-03-31,S06,TIRE-0021,68,28,128
2025-03-31,S01,HDWR-0022,111,5,128
2025-03-31,S02,HDWR-0022,71,20,166
2025-03-31,S05,HDWR-0022,74,28,73
2025-03-31,S06,HDWR-0022,46,5,137
2025-03-31,S01,FUEL-0023,0,13,109
2025-03-31,S02,FUEL-0023,51,8,109
2025-03-31,S03,FUEL-0023,133,31,185
2025-03-31,S04,FUEL-0023,44,10,57
2025-03-31,S05,FUEL-0023,70,18,163
2025-03-31,S06,FUEL-0023,18,7,105
2025-03-31,S01,TIRE-0024,100,33,100
2025-03-31,S02,TIRE-0024,75,39,112
2025-03-31,S03,TIRE-0024,175,33,187
2025-03-31,S04,TIRE-0024,54,35,74
2025-03-31,S05,TIRE-0024,77,25,98
2025-03-31,S04,FUEL-0025,39,18,84
2025-03-31,S06,FUEL-0025,82,30,180
2025-03-31,S02,LUBE-0026,53,26,123
2025-03-31,S05,LUBE-0026,38,18,75
2025-03-31,S01,LUBE-0027,32,20,121
2025-03-31,S03,LUBE-0027,92,11,118
2025-03-31,S04,LUBE-0027,4,7,121
2025-03-31,S05,LUBE-0027,160,24,142
2025-03-31,S06,LUBE-0027,109,36,157
2025-03-31,S01,FUEL-0028,0,39,170
2025-03-31,S03,FUEL-0028,78,22,181
2025-03-31,S04,FUEL-0028,72,24,160
2025-03-31,S05,FUEL-0028,37,15,93
2025-03-31,S01,FEED-0029,58,21,93
2025-03-31,S02,FEED-0029,58,34,87
2025-03-31,S03,FEED-0029,109,36,140
2025-03-31,S04,FEED-0029,117,39,145
2025-03-31,S05,FEED-0029,129,31,172
2025-03-31,S03,HDWR-0030,0,11,81
2025-03-31,S04,HDWR-0030,56,22,81
2025-03-31,S05,HDWR-0030,61,8,154
2025-03-31,S06,HDWR-0030,9,11,46
2025-03-31,S01,LUBE-0031,40,15,149
2025-03-31,S02,LUBE-0031,29,10,136
2025-03-31,S03,LUBE-0031,30,15,57
2025-03-31,S04,LUBE-0031,72,9,118
2025-03-31,S05,LUBE-0031,72,22,117
2025-03-31,S01,FEED-0032,30,24,55
2025-03-31,S02,FEED-0032,27,29,132
2025-03-31,S04,FEED-0032,54,30,91
2025-03-31,S05,FEED-0032,42,34,99
2025-03-31,S06,FEED-0032,21,18,65
2025-03-31,S01,FEED-0033,50,32,74
2025-03-31,S03,FEED-0033,0,6,89
2025-03-31,S04,FEED-0033,71,35,83
2025-03-31,S05,FEED-0033,66,9,150
2025-03-31,S06,FEED-0033,37,9,104
2025-03-31,S04,LUBE-0034,92,40,89
2025-03-31,S05,LUBE-0034,14,24,87
2025-03-31,S06,LUBE-0034,141,5,161
2025-03-31,S02,LUBE-0035,110,16,164
2025-03-31,S04,LUBE-0035,51,21,87
2025-03-31,S05,LUBE-0035,62,24,88
2025-03-31,S02,LUBE-0036,73,11,148
2025-03-31,S03,LUBE-0036,57,22,180
2025-03-31,S04,LUBE-0036,61,28,99
2025-03-31,S05,LUBE-0036,133,28,167
2025-03-31,S01,LUBE-0037,147,18,171
2025-03-31,S02,LUBE-0037,41,13,54
2025-03-31,S03,LUBE-0037,122,20,140
2025-03-31,S04,LUBE-0037,68,35,134
2025-03-31,S05,LUBE-0037,46,25,158
2025-03-31,S06,LUBE-0037,123,32,188
2025-03-31,S01,HDWR-0038,129,33,128
2025-03-31,S03,HDWR-0038,60,11,141
2025-03-31,S04,HDWR-0038,40,22,55
2025-03-31,S01,LUBE-0039,113,21,141
2025-03-31,S04,LUBE-0039,70,23,87
2025-03-31,S01,FEED-0040,54,25,65
2025-03-31,S02,FEED-0040,164,26,184
2025-03-31,S03,FEED-0040,127,32,155
2025-03-31,S06,FEED-0040,38,25,76
2025-03-31,S01,SEED-0041,83,18,165
2025-03-31,S02,SEED-0041,9,7,46
2025-03-31,S01,SEED-0042,89,26,71
2025-03-31,S02,SEED-0042,60,18,130
2025-03-31,S04,SEED-0042,74,22,61
2025-03-31,S06,SEED-0042,74,24,98
2025-03-31,S01,HDWR-0043,93,40,155
2025-03-31,S02,HDWR-0043,55,5,83
2025-03-31,S03,HDWR-0043,70,11,133
2025-03-31,S05,HDWR-0043,73,28,102
2025-03-31,S06,HDWR-0043,72,12,152
2025-03-31,S01,FEED-0044,61,25,110
2025-03-31,S02,FEED-0044,96,11,161
2025-03-31,S03,FEED-0044,19,18,81
2025-03-31,S05,FEED-0044,67,39,120
2025-03-31,S06,FEED-0044,121,23,121
2025-03-31,S01,TIRE-0045,64,35,104
2025-03-31,S02,TIRE-0045,154,31,147
2025-03-31,S03,TIRE-0045,47,12,58
2025-03-31,S05,TIRE-0045,0,23,157
2025-03-31,S06,TIRE-0045,48,12,168
2025-03-31,S05,FUEL-0046,106,21,140
2025-03-31,S01,HDWR-0047,112,30,178
2025-03-31,S06,HDWR-0047,40,9,86
2025-03-31,S01,LUBE-0048,124,29,158
2025-03-31,S03,LUBE-0048,96,17,143
2025-03-31,S06,LUBE-0048,66,5,133
2025-03-31,S02,FUEL-0049,81,23,160
2025-03-31,S04,FUEL-0049,39,40,140
2025-03-31,S05,FUEL-0049,98,23,118
2025-03-31,S06,FUEL-0049,48,32,77
2025-03-31,S05,LUBE-0050,84,28,118
2025-03-31,S06,LUBE-0050,67,22,68
2025-03-31,S01,FUEL-0051,27,27,85
2025-03-31,S02,FUEL-0051,90,27,155
2025-03-31,S03,FUEL-0051,101,14,130
2025-03-31,S04,FUEL-0051,97,37,176
2025-03-31,S05,FUEL-0051,78,29,81
2025-03-31,S06,FUEL-0051,198,38,192
2025-03-31,S01,HDWR-0052,34,26,57
2025-03-31,S02,HDWR-0052,88,8,161
2025-03-31,S03,HDWR-0052,26,21,131
2025-03-31,S04,HDWR-0052,157,30,173
2025-03-31,S06,HDWR-0052,83,18,151
2025-03-31,S01,HDWR-0053,16,18,165
2025-03-31,S03,HDWR-0053,42,12,62
2025-03-31,S04,HDWR-0053,85,27,105
2025-03-31,S05,HDWR-0053,85,19,115
2025-03-31,S01,FEED-0054,143,14,174
2025-03-31,S03,FEED-0054,90,31,155
2025-03-31,S04,FEED-0054,20,23,66
2025-03-31,S06,FEED-0054,0,23,131
2025-03-31,S01,SEED-0055,73,39,89
2025-03-31,S04,SEED-0055,45,15,84
2025-03-31,S05,SEED-0055,137,19,132
2025-03-31,S06,SEED-0055,95,30,139
2025-03-31,S01,SEED-0056,139,19,148
2025-03-31,S03,SEED-0056,57,32,112
2025-03-31,S04,SEED-0056,60,13,118
2025-03-31,S05,SEED-0056,96,37,187
2025-03-31,S06,SEED-0056,66,31,64
2025-03-31,S01,FEED-0057,0,12,147
2025-03-31,S02,FEED-0057,88,16,167
2025-03-31,S03,FEED-0057,58,24,83
2025-03-31,S04,FEED-0057,57,23,135
2025-03-31,S05,FEED-0057,43,23,86
2025-03-31,S06,FEED-0057,54,27,77
2025-03-31,S01,HDWR-0058,100,12,109
2025-03-31,S02,HDWR-0058,145,24,168
2025-03-31,S03,HDWR-0058,0,11,71
2025-03-31,S04,HDWR-0058,18,7,66
2025-03-31,S05,HDWR-0058,23,33,63
2025-03-31,S01,HDWR-0059,40,29,87
2025-03-31,S02,HDWR-0059,23,14,134
2025-03-31,S03,HDWR-0059,82,38,134
2025-03-31,S04,HDWR-0059,153,15,158
2025-03-31,S05,HDWR-0059,46,6,103
2025-03-31,S06,HDWR-0059,91,10,84
2025-03-31,S01,HDWR-0060,39,28,87
2025-03-31,S03,HDWR-0060,89,35,143
2025-03-31,S05,HDWR-0060,31,28,166
2025-03-31,S06,HDWR-0060,37,19,149
2025-03-31,S02,TIRE-0061,117,6,113
2025-03-31,S03,TIRE-0061,83,15,94
2025-03-31,S04,TIRE-0061,23,15,137
2025-03-31,S06,TIRE-0061,43,16,74
2025-03-31,S01,SEED-0062,58,19,143
2025-03-31,S02,SEED-0062,157,20,163
2025-03-31,S04,SEED-0062,67,32,108
2025-03-31,S05,SEED-0062,60,28,96
2025-03-31,S06,SEED-0062,94,34,108
2025-03-31,S02,SEED-0063,69,9,119
2025-03-31,S03,SEED-0063,41,14,156
2025-03-31,S04,SEED-0063,22,7,83
2025-03-31,S05,SEED-0063,119,27,138
2025-03-31,S06,SEED-0063,58,23,87
2025-03-31,S02,TIRE-0064,76,33,108
2025-03-31,S03,TIRE-0064,20,12,89
2025-03-31,S04,TIRE-0064,60,30,174
2025-03-31,S06,TIRE-0064,160,20,166
2025-03-31,S01,LUBE-0065,61,14,96
2025-03-31,S03,LUBE-0065,32,33,84
2025-03-31,S04,LUBE-0065,39,27,179
2025-03-31,S05,LUBE-0065,31,17,80
2025-03-31,S06,LUBE-0065,72,30,165
2025-03-31,S02,FUEL-0066,99,32,183
2025-03-31,S03,FUEL-0066,130,36,138
2025-03-31,S04,FUEL-0066,40,8,98
2025-03-31,S05,FUEL-0066,82,38,177
2025-03-31,S06,FUEL-0066,20,8,70
2025-03-31,S01,HDWR-0067,121,34,149
2025-03-31,S02,HDWR-0067,23,21,56
2025-03-31,S04,HDWR-0067,173,31,145
2025-03-31,S05,HDWR-0067,17,16,93
2025-03-31,S06,HDWR-0067,81,12,156
2025-03-31,S03,LUBE-0068,60,5,97
2025-03-31,S04,LUBE-0068,69,40,114
2025-03-31,S05,LUBE-0068,57,33,70
2025-03-31,S06,LUBE-0068,54,22,165
2025-03-31,S03,FUEL-0069,120,6,158
2025-03-31,S04,FUEL-0069,45,21,63
2025-03-31,S05,FUEL-0069,43,35,83
2025-03-31,S02,FEED-0070,23,11,124
2025-03-31,S03,FEED-0070,116,26,141
2025-03-31,S04,FEED-0070,172,13,155
2025-03-31,S05,FEED-0070,51,16,59
2025-03-31,S01,SEED-0071,105,37,125
2025-03-31,S02,SEED-0071,64,17,75
2025-03-31,S03,SEED-0071,91,12,132
2025-03-31,S04,SEED-0071,51,14,96
2025-03-31,S06,SEED-0071,72,32,69
2025-03-31,S01,FUEL-0072,86,35,84
2025-03-31,S02,FUEL-0072,45,29,157
2025-03-31,S03,FUEL-0072,25,5,50
2025-03-31,S06,FUEL-0072,86,31,135
2025-03-31,S03,TIRE-0073,117,16,116
2025-03-31,S01,FEED-0074,62,6,105
2025-03-31,S03,FEED-0074,79,17,129
2025-03-31,S04,FEED-0074,143,23,163
2025-03-31,S06,FEED-0074,81,27,97
2025-03-31,S05,FEED-0075,69,11,76
2025-03-31,S06,FEED-0075,86,40,104
2025-03-31,S01,TIRE-0076,48,19,132
2025-03-31,S02,TIRE-0076,93,16,166
2025-03-31,S03,TIRE-0076,145,31,189
2025-03-31,S04,TIRE-0076,46,31,67
2025-03-31,S05,TIRE-0076,40,22,135
2025-03-31,S06,TIRE-0076,8,37,137
2025-03-31,S01,TIRE-0077,112,10,135
2025-03-31,S02,TIRE-0077,67,32,146
2025-03-31,S03,TIRE-0077,60,21,116
2025-03-31,S04,TIRE-0077,104,21,106
2025-03-31,S05,TIRE-0077,101,26,172
2025-03-31,S06,TIRE-0077,85,37,134
2025-03-31,S02,SEED-0078,62,19,63
2025-03-31,S03,SEED-0078,89,35,94
2025-03-31,S04,SEED-0078,29,26,64
2025-03-31,S05,SEED-0078,101,14,152
2025-03-31,S02,FUEL-0079,28,9,47
2025-03-31,S03,FUEL-0079,55,39,93
2025-03-31,S04,FUEL-0079,6,8,66
2025-03-31,S02,FUEL-0080,63,22,122
2025-03-31,S04,FUEL-0080,43,13,132
2025-03-31,S05,FUEL-0080,76,13,65
2025-03-31,S01,FEED-0081,44,26,75
2025-03-31,S02,FEED-0081,16,10,41
2025-03-31,S03,FEED-0081,61,13,145
2025-03-31,S04,FEED-0081,86,38,101
2025-03-31,S06,FEED-0081,36,16,48
2025-03-31,S01,SEED-0082,53,5,155
2025-03-31,S02,SEED-0082,49,24,115
2025-03-31,S03,SEED-0082,84,33,105
2025-03-31,S05,SEED-0082,58,17,67
2025-03-31,S06,SEED-0082,43,22,111
2025-03-31,S03,HDWR-0083,71,17,83
2025-03-31,S04,HDWR-0083,31,9,49
2025-03-31,S05,HDWR-0083,82,10,64
2025-03-31,S02,TIRE-0084,132,17,163
2025-03-31,S03,TIRE-0084,58,19,102
2025-03-31,S05,TIRE-0084,43,12,130
2025-03-31,S06,TIRE-0084,10,7,42
2025-03-31,S01,FEED-0085,152,32,183
2025-03-31,S02,FEED-0085,79,38,88
2025-03-31,S04,FEED-0085,42,14,68
2025-03-31,S06,FEED-0085,1,7,119
2025-03-31,S01,TIRE-0086,32,28,139
2025-03-31,S02,TIRE-0086,44,7,101
2025-03-31,S05,TIRE-0086,0,34,168
2025-03-31,S06,TIRE-0086,10,20,83
2025-03-31,S01,TIRE-0087,18,22,152
2025-03-31,S02,TIRE-0087,78,5,80
2025-03-31,S03,TIRE-0087,124,35,119
2025-03-31,S04,TIRE-0087,30,18,55
2025-03-31,S05,TIRE-0087,80,12,81
2025-03-31,S06,TIRE-0087,102,32,108
2025-03-31,S01,HDWR-0088,47,29,105
2025-03-31,S02,HDWR-0088,60,8,105
2025-03-31,S04,HDWR-0088,72,23,127
2025-03-31,S05,HDWR-0088,112,30,189
2025-03-31,S06,HDWR-0088,176,26,185
2025-03-31,S01,TIRE-0089,34,14,62
2025-03-31,S02,TIRE-0089,52,19,97
2025-03-31,S05,TIRE-0089,0,18,124
2025-03-31,S06,TIRE-0089,29,39,157
2025-03-31,S01,LUBE-0090,114,23,132
2025-03-31,S02,LUBE-0090,45,21,57
2025-03-31,S03,LUBE-0090,37,23,77
2025-03-31,S04,LUBE-0090,21,18,71
2025-03-31,S05,LUBE-0090,103,29,132
2025-03-31,S06,LUBE-0090,67,36,80
2025-03-31,S01,FUEL-0091,60,6,101
2025-03-31,S02,FUEL-0091,86,33,131
2025-03-31,S03,FUEL-0091,54,7,145
2025-03-31,S04,FUEL-0091,35,30,65
2025-03-31,S05,FUEL-0091,135,39,152
2025-03-31,S06,FUEL-0091,31,5,68
2025-03-31,S02,LUBE-0092,38,37,196
2025-03-31,S03,LUBE-0092,57,33,99
2025-03-31,S04,LUBE-0092,64,20,54
2025-03-31,S05,LUBE-0092,129,40,183
2025-03-31,S06,LUBE-0092,79,32,162
2025-03-31,S01,HDWR-0093,17,19,120
2025-03-31,S02,HDWR-0093,33,32,77
2025-03-31,S06,HDWR-0093,98,40,152
2025-03-31,S01,HDWR-0094,36,29,148
2025-03-31,S03,HDWR-0094,48,15,73
2025-03-31,S04,HDWR-0094,64,25,91
2025-03-31,S05,HDWR-0094,42,35,96
2025-03-31,S06,HDWR-0094,106,32,191
2025-03-31,S02,FEED-0095,124,35,100
2025-03-31,S03,FEED-0095,0,21,131
2025-03-31,S04,FEED-0095,59,34,84
2025-03-31,S01,SEED-0096,87,31,114
2025-03-31,S03,SEED-0096,41,19,53
2025-03-31,S04,SEED-0096,53,20,148
2025-03-31,S05,SEED-0096,34,28,158
2025-03-31,S01,FEED-0097,29,20,51
2025-03-31,S03,FEED-0097,77,10,167
2025-03-31,S06,FEED-0097,21,10,47
2025-03-31,S01,SEED-0098,179,7,148
2025-03-31,S02,SEED-0098,83,27,186
2025-03-31,S03,SEED-0098,43,29,82
2025-03-31,S05,SEED-0098,83,32,145
2025-03-31,S01,LUBE-0099,56,29,87
2025-03-31,S04,LUBE-0099,52,28,72
2025-03-31,S05,LUBE-0099,87,34,141
2025-03-31,S06,LUBE-0099,47,16,132
2025-03-31,S03,SEED-0100,95,29,83
2025-03-31,S04,SEED-0100,30,10,73
2025-03-31,S01,FUEL-0101,72,9,78
2025-03-31,S02,FUEL-0101,81,20,104
2025-03-31,S03,FUEL-0101,45,18,52
2025-03-31,S04,FUEL-0101,109,15,174
2025-03-31,S05,FUEL-0101,112,27,175
2025-03-31,S06,FUEL-0101,141,32,137
2025-03-31,S01,FEED-0102,53,6,114
2025-03-31,S03,FEED-0102,39,22,53
2025-03-31,S05,FEED-0102,53,24,74
2025-03-31,S01,HDWR-0103,101,21,132
2025-03-31,S02,HDWR-0103,28,13,138
2025-03-31,S03,HDWR-0103,98,21,83
2025-03-31,S06,HDWR-0103,76,9,105
2025-03-31,S01,FEED-0104,59,17,84
2025-03-31,S02,FEED-0104,116,25,165
2025-03-31,S03,FEED-0104,27,18,50
2025-03-31,S06,FEED-0104,72,19,76
2025-03-31,S01,TIRE-0105,83,36,101
2025-03-31,S02,TIRE-0105,91,31,181
2025-03-31,S03,TIRE-0105,15,12,96
2025-03-31,S04,TIRE-0105,64,28,103
2025-03-31,S05,TIRE-0105,26,9,65
2025-03-31,S06,TIRE-0105,43,6,91
2025-03-31,S01,FEED-0106,53,18,104
2025-03-31,S03,FEED-0106,10,9,87
2025-03-31,S05,FEED-0106,102,40,178
2025-03-31,S06,FEED-0106,81,6,77
2025-03-31,S01,HDWR-0107,89,14,148
2025-03-31,S02,HDWR-0107,51,37,97
2025-03-31,S05,HDWR-0107,96,38,175
2025-03-31,S01,SEED-0108,106,28,187
2025-03-31,S02,SEED-0108,104,38,183
2025-03-31,S03,SEED-0108,163,32,190
2025-03-31,S04,SEED-0108,51,8,83
2025-03-31,S06,SEED-0108,87,22,92
2025-03-31,S01,FUEL-0109,74,38,165
2025-03-31,S04,FUEL-0109,118,16,166
2025-03-31,S06,FUEL-0109,78,28,123
2025-03-31,S01,HDWR-0110,23,14,111
2025-03-31,S03,HDWR-0110,68,39,122
2025-03-31,S04,HDWR-0110,31,17,74
2025-03-31,S05,HDWR-0110,150,37,163
2025-03-31,S06,HDWR-0110,61,38,95
2025-03-31,S01,SEED-0111,139,39,133
2025-03-31,S02,SEED-0111,80,22,135
2025-03-31,S03,SEED-0111,81,17,91
2025-03-31,S04,SEED-0111,56,17,102
2025-03-31,S06,SEED-0111,160,9,160
2025-03-31,S01,LUBE-0112,133,29,163
2025-03-31,S03,LUBE-0112,0,29,154
2025-03-31,S04,LUBE-0112,24,22,67
2025-03-31,S05,LUBE-0112,91,27,177
2025-03-31,S01,HDWR-0113,91,29,88
2025-03-31,S02,HDWR-0113,88,15,99
2025-03-31,S03,HDWR-0113,196,26,162
2025-03-31,S04,HDWR-0113,68,27,101
2025-03-31,S06,HDWR-0113,37,28,63
2025-03-31,S03,SEED-0114,74,39,142
2025-03-31,S04,SEED-0114,35,30,76
2025-03-31,S06,SEED-0114,88,33,166
2025-03-31,S01,FEED-0115,34,13,153
2025-03-31,S02,FEED-0115,5,5,44
2025-03-31,S03,FEED-0115,73,35,124
2025-03-31,S04,FEED-0115,69,7,156
2025-03-31,S05,FEED-0115,116,32,174
2025-03-31,S01,FEED-0116,45,34,77
2025-03-31,S05,FEED-0116,83,17,99
2025-03-31,S06,FEED-0116,89,19,71
2025-03-31,S01,FUEL-0117,91,35,99
2025-03-31,S03,FUEL-0117,42,19,73
2025-03-31,S04,FUEL-0117,100,37,158
2025-03-31,S05,FUEL-0117,76,30,91
2025-03-31,S06,FUEL-0117,26,8,69
2025-03-31,S02,SEED-0118,99,29,112
2025-03-31,S03,SEED-0118,68,18,69
2025-03-31,S04,SEED-0118,123,26,176
2025-03-31,S05,SEED-0118,13,40,142
2025-03-31,S06,SEED-0118,82,23,87
2025-03-31,S02,TIRE-0119,35,10,147
2025-03-31,S03,TIRE-0119,95,30,118
2025-03-31,S04,TIRE-0119,35,7,57
2025-03-31,S06,TIRE-0119,41,33,128
2025-03-31,S02,LUBE-0120,38,37,99
2025-03-31,S03,LUBE-0120,59,11,90
2025-03-31,S04,LUBE-0120,56,22,95
2025-03-31,S06,LUBE-0120,26,19,118
2025-04-30,S02,LUBE-0001,43,32,121
2025-04-30,S03,LUBE-0001,155,38,170
2025-04-30,S04,LUBE-0001,114,17,128
2025-04-30,S06,LUBE-0001,96,26,173
2025-04-30,S02,LUBE-0002,13,33,110
2025-04-30,S03,LUBE-0002,62,17,78
2025-04-30,S04,LUBE-0002,51,39,75
2025-04-30,S06,LUBE-0002,48,11,78
2025-04-30,S01,FEED-0003,76,26,146
2025-04-30,S05,FEED-0003,191,33,178
2025-04-30,S06,FEED-0003,44,6,105
2025-04-30,S01,SEED-0004,75,39,174
2025-04-30,S03,SEED-0004,52,17,85
2025-04-30,S04,SEED-0004,129,7,139
2025-04-30,S06,SEED-0004,87,34,179
2025-04-30,S02,TIRE-0005,53,23,62
2025-04-30,S03,TIRE-0005,58,23,91
2025-04-30,S04,TIRE-0005,94,36,151
2025-04-30,S05,TIRE-0005,21,5,52
2025-04-30,S06,TIRE-0005,56,29,172
2025-04-30,S01,HDWR-0006,162,16,172
2025-04-30,S03,HDWR-0006,49,7,163
2025-04-30,S04,HDWR-0006,73,7,161
2025-04-30,S05,HDWR-0006,6,16,50
2025-04-30,S06,HDWR-0006,125,37,127
2025-04-30,S01,SEED-0007,23,5,62
2025-04-30,S02,SEED-0007,109,17,150
2025-04-30,S03,SEED-0007,32,17,67
2025-04-30,S04,SEED-0007,74,14,140
2025-04-30,S02,TIRE-0008,79,17,92
2025-04-30,S04,TIRE-0008,32,26,61
2025-04-30,S05,TIRE-0008,126,38,141
2025-04-30,S06,TIRE-0008,56,40,72
2025-04-30,S01,TIRE-0009,0,21,173
2025-04-30,S05,TIRE-0009,25,14,101
2025-04-30,S06,TIRE-0009,172,11,116
2025-04-30,S01,LUBE-0010,45,23,102
2025-04-30,S04,LUBE-0010,38,34,109
2025-04-30,S05,LUBE-0010,95,15,120
2025-04-30,S06,LUBE-0010,27,30,167
2025-04-30,S03,HDWR-0011,52,26,115
2025-04-30,S04,HDWR-0011,35,16,84
2025-04-30,S01,TIRE-0012,45,25,67
2025-04-30,S02,TIRE-0012,66,14,112
2025-04-30,S03,TIRE-0012,84,7,96
2025-04-30,S04,TIRE-0012,110,20,98
2025-04-30,S05,TIRE-0012,18,6,51
2025-04-30,S06,TIRE-0012,100,31,132
2025-04-30,S01,SEED-0013,4,14,103
2025-04-30,S04,SEED-0013,36,17,91
2025-04-30,S05,SEED-0013,16,5,44
2025-04-30,S02,FEED-0014,21,22,83
2025-04-30,S04,FEED-0014,17,11,41
2025-04-30,S05,FEED-0014,56,8,109
2025-04-30,S03,FUEL-0015,110,29,129
2025-04-30,S05,FUEL-0015,66,37,101
2025-04-30,S03,FEED-0016,86,15,140
2025-04-30,S06,FEED-0016,56,12,97
2025-04-30,S01,FUEL-0017,130,13,123
2025-04-30,S02,FUEL-0017,39,23,100
2025-04-30,S03,FUEL-0017,47,25,64
2025-04-30,S05,FUEL-0017,92,10,140
2025-04-30,S06,FUEL-0017,6,8,59
2025-04-30,S02,HDWR-0018,13,10,40
2025-04-30,S04,HDWR-0018,80,24,99
2025-04-30,S05,HDWR-0018,0,10,115
2025-04-30,S06,HDWR-0018,107,20,132
2025-04-30,S01,FUEL-0019,27,24,85
2025-04-30,S02,FUEL-0019,47,34,86
2025-04-30,S03,FUEL-0019,40,11,68
2025-04-30,S05,FUEL-0019,59,18,77
2025-04-30,S06,FUEL-0019,13,10,114
2025-04-30,S02,SEED-0020,65,24,89
2025-04-30,S03,SEED-0020,41,29,96
2025-04-30,S04,SEED-0020,18,6,42
2025-04-30,S06,SEED-0020,76,32,156
2025-04-30,S02,TIRE-0021,187,18,164
2025-04-30,S03,TIRE-0021,65,13,56
2025-04-30,S04,TIRE-0021,50,25,151
2025-04-30,S05,TIRE-0021,136,11,149
2025-04-30,S06,TIRE-0021,3,9,75
2025-04-30,S01,HDWR-0022,86,24,123
2025-04-30,S02,HDWR-0022,134,11,99
2025-04-30,S03,HDWR-0022,75,25,106
2025-04-30,S05,HDWR-0022,115,24,170
2025-04-30,S01,FUEL-0023,56,32,192
2025-04-30,S02,FUEL-0023,139,40,181
2025-04-30,S03,FUEL-0023,15,8,72
2025-04-30,S04,FUEL-0023,65,14,132
2025-04-30,S06,FUEL-0023,129,32,161
2025-04-30,S01,TIRE-0024,80,38,133
2025-04-30,S03,TIRE-0024,56,13,85
2025-04-30,S05,TIRE-0024,64,38,97
2025-04-30,S02,FUEL-0025,74,39,116
2025-04-30,S03,FUEL-0025,59,40,86
2025-04-30,S05,FUEL-0025,125,32,139
2025-04-30,S06,FUEL-0025,66,34,88
2025-04-30,S02,LUBE-0026,55,37,91
2025-04-30,S06,LUBE-0026,11,19,98
2025-04-30,S02,LUBE-0027,79,31,177
2025-04-30,S03,LUBE-0027,116,17,100
2025-04-30,S05,LUBE-0027,187,8,166
2025-04-30,S02,FUEL-0028,57,30,126
2025-04-30,S03,FUEL-0028,101,21,116
2025-04-30,S05,FUEL-0028,57,27,168
2025-04-30,S06,FUEL-0028,116,35,130
2025-04-30,S01,FEED-0029,45,27,65
2025-04-30,S02,FEED-0029,100,24,89
2025-04-30,S03,FEED-0029,61,6,131
2025-04-30,S04,FEED-0029,71,10,86
2025-04-30,S05,FEED-0029,56,18,66
2025-04-30,S06,FEED-0029,20,23,128
2025-04-30,S01,HDWR-0030,61,13,90
2025-04-30,S02,HDWR-0030,72,26,184
2025-04-30,S03,HDWR-0030,3,23,92
2025-04-30,S04,HDWR-0030,101,31,117
2025-04-30,S01,LUBE-0031,24,26,61
2025-04-30,S03,LUBE-0031,55,29,131
2025-04-30,S05,LUBE-0031,21,39,112
2025-04-30,S01,FEED-0032,59,26,97
2025-04-30,S05,FEED-0032,151,23,150
2025-04-30,S06,FEED-0032,196,32,158
2025-04-30,S01,FEED-0033,102,28,157
2025-04-30,S02,FEED-0033,45,5,47
2025-04-30,S03,FEED-0033,72,23,102
2025-04-30,S04,FEED-0033,119,10,129
2025-04-30,S05,FEED-0033,16,23,56
2025-04-30,S06,FEED-0033,116,26,159
2025-04-30,S01,LUBE-0034,138,10,107
2025-04-30,S02,LUBE-0034,32,18,135
2025-04-30,S03,LUBE-0034,120,14,173
2025-04-30,S04,LUBE-0034,134,14,138
2025-04-30,S05,LUBE-0034,67,34,131
2025-04-30,S01,LUBE-0035,36,32,155
2025-04-30,S02,LUBE-0035,115,30,140
2025-04-30,S05,LUBE-0035,74,26,186
2025-04-30,S06,LUBE-0035,80,33,92
2025-04-30,S01,LUBE-0036,121,34,163
2025-04-30,S02,LUBE-0036,104,16,117
2025-04-30,S03,LUBE-0036,40,19,128
2025-04-30,S05,LUBE-0036,113,16,174
2025-04-30,S06,LUBE-0036,72,38,120
2025-04-30,S01,LUBE-0037,57,23,166
2025-04-30,S02,LUBE-0037,69,18,105
2025-04-30,S03,LUBE-0037,80,31,75
2025-04-30,S04,LUBE-0037,192,32,184
2025-04-30,S05,LUBE-0037,84,7,131
2025-04-30,S02,HDWR-0038,155,11,150
2025-04-30,S03,HDWR-0038,24,28,137
2025-04-30,S04,HDWR-0038,14,8,138
2025-04-30,S06,HDWR-0038,16,29,136
2025-04-30,S01,LUBE-0039,72,38,162
2025-04-30,S02,LUBE-0039,22,30,138
2025-04-30,S04,LUBE-0039,73,17,90
2025-04-30,S05,LUBE-0039,61,13,153
2025-04-30,S01,FEED-0040,45,14,66
2025-04-30,S02,FEED-0040,94,31,160
2025-04-30,S03,FEED-0040,51,34,123
2025-04-30,S04,FEED-0040,133,8,134
2025-04-30,S06,FEED-0040,46,15,172
2025-04-30,S01,SEED-0041,18,15,94
2025-04-30,S02,SEED-0041,134,21,168
2025-04-30,S03,SEED-0041,67,31,151
2025-04-30,S04,SEED-0041,10,12,148
2025-04-30,S06,SEED-0041,133,15,146
2025-04-30,S01,SEED-0042,79,13,93
2025-04-30,S03,SEED-0042,75,21,137
2025-04-30,S04,SEED-0042,53,10,156
2025-04-30,S05,SEED-0042,58,39,116
2025-04-30,S06,SEED-0042,31,9,45
2025-04-30,S01,HDWR-0043,82,26,178
2025-04-30,S02,HDWR-0043,34,18,52
2025-04-30,S03,HDWR-0043,15,5,91
2025-04-30,S04,HDWR-0043,44,31,184
2025-04-30,S02,FEED-0044,104,7,121
2025-04-30,S03,FEED-0044,60,29,73
2025-04-30,S04,FEED-0044,55,30,106
2025-04-30,S05,FEED-0044,154,28,164
2025-04-30,S06,FEED-0044,42,10,56
2025-04-30,S01,TIRE-0045,100,33,154
2025-04-30,S02,TIRE-0045,40,18,55
2025-04-30,S05,TIRE-0045,68,9,140
2025-04-30,S06,TIRE-0045,59,11,92
2025-04-30,S02,FUEL-0046,41,17,154
2025-04-30,S04,FUEL-0046,70,5,109
2025-04-30,S05,FUEL-0046,0,5,115
2025-04-30,S06,FUEL-0046,132,35,132
2025-04-30,S01,HDWR-0047,95,36,158
2025-04-30,S02,HDWR-0047,54,21,64
2025-04-30,S04,HDWR-0047,83,18,84
2025-04-30,S05,HDWR-0047,45,19,135
2025-04-30,S06,HDWR-0047,23,22,138
2025-04-30,S01,LUBE-0048,46,39,74
2025-04-30,S02,LUBE-0048,59,17,62
2025-04-30,S03,LUBE-0048,28,25,88
2025-04-30,S04,LUBE-0048,94,33,106
2025-04-30,S05,LUBE-0048,52,28,160
2025-04-30,S02,FUEL-0049,99,10,145
2025-04-30,S04,FUEL-0049,133,32,120
2025-04-30,S06,FUEL-0049,2,17,137
2025-04-30,S01,LUBE-0050,29,20,150
2025-04-30,S02,LUBE-0050,25,8,67
2025-04-30,S05,LUBE-0050,101,22,104
2025-04-30,S02,FUEL-0051,102,30,107
2025-04-30,S05,FUEL-0051,99,20,144
2025-04-30,S06,FUEL-0051,57,6,118
2025-04-30,S01,HDWR-0052,40,13,60
2025-04-30,S03,HDWR-0052,169,38,183
2025-04-30,S04,HDWR-0052,243,37,181
2025-04-30,S05,HDWR-0052,102,24,137
2025-04-30,S06,HDWR-0052,46,19,79
2025-04-30,S01,HDWR-0053,69,8,160
2025-04-30,S03,HDWR-0053,35,29,69
2025-04-30,S06,HDWR-0053,58,19,120
2025-04-30,S01,FEED-0054,40,36,84
2025-04-30,S02,FEED-0054,135,28,166
2025-04-30,S04,FEED-0054,81,31,81
2025-04-30,S05,SEED-0055,92,15,154
2025-04-30,S06,SEED-0055,85,33,121
2025-04-30,S02,SEED-0056,46,7,87
2025-04-30,S05,SEED-0056,20,13,54
2025-04-30,S06,SEED-0056,61,38,70
2025-04-30,S03,FEED-0057,34,26,81
2025-04-30,S04,FEED-0057,52,40,127
2025-04-30,S05,FEED-0057,51,9,55
2025-04-30,S06,FEED-0057,46,36,154
2025-04-30,S01,HDWR-0058,101,19,98
2025-04-30,S02,HDWR-0058,80,29,155
2025-04-30,S03,HDWR-0058,147,35,174
2025-04-30,S06,HDWR-0058,65,36,119
2025-04-30,S01,HDWR-0059,190,20,179
2025-04-30,S03,HDWR-0059,52,22,111
2025-04-30,S04,HDWR-0059,21,26,60
2025-04-30,S05,HDWR-0059,47,33,70
2025-04-30,S01,HDWR-0060,84,26,145
2025-04-30,S02,HDWR-0060,177,37,189
2025-04-30,S03,HDWR-0060,56,16,70
2025-04-30,S04,HDWR-0060,75,7,126
2025-04-30,S05,HDWR-0060,81,34,131
2025-04-30,S01,TIRE-0061,45,38,176
2025-04-30,S02,TIRE-0061,59,39,76
2025-04-30,S03,TIRE-0061,30,19,107
2025-04-30,S04,TIRE-0061,105,40,162
2025-04-30,S05,TIRE-0061,36,32,64
2025-04-30,S06,TIRE-0061,25,21,97
2025-04-30,S02,SEED-0062,84,26,130
2025-04-30,S03,SEED-0062,54,38,144
2025-04-30,S05,SEED-0062,20,5,128
2025-04-30,S01,SEED-0063,0,19,113
2025-04-30,S03,SEED-0063,146,29,185
2025-04-30,S04,SEED-0063,42,21,164
2025-04-30,S05,SEED-0063,28,27,136
2025-04-30,S01,TIRE-0064,0,15,139
2025-04-30,S02,TIRE-0064,36,23,54
2025-04-30,S03,TIRE-0064,62,21,134
2025-04-30,S04,TIRE-0064,40,17,72
2025-04-30,S05,TIRE-0064,21,7,125
2025-04-30,S06,TIRE-0064,72,30,125
2025-04-30,S01,LUBE-0065,78,9,110
2025-04-30,S02,LUBE-0065,31,9,105
2025-04-30,S04,LUBE-0065,122,40,185
2025-04-30,S05,LUBE-0065,0,12,49
2025-04-30,S01,FUEL-0066,152,13,148
2025-04-30,S02,FUEL-0066,17,7,83
2025-04-30,S03,FUEL-0066,52,26,182
2025-04-30,S04,FUEL-0066,88,26,179
2025-04-30,S05,FUEL-0066,66,31,161
2025-04-30,S06,FUEL-0066,53,6,92
2025-04-30,S01,HDWR-0067,20,11,69
2025-04-30,S03,HDWR-0067,21,10,131
2025-04-30,S04,HDWR-0067,142,35,194
2025-04-30,S06,HDWR-0067,72,39,158
2025-04-30,S02,LUBE-0068,66,37,119
2025-04-30,S03,LUBE-0068,20,14,58
2025-04-30,S04,LUBE-0068,134,19,173
2025-04-30,S05,LUBE-0068,71,15,95
2025-04-30,S01,FUEL-0069,0,6,106
2025-04-30,S03,FUEL-0069,68,16,78
2025-04-30,S05,FUEL-0069,149,36,146
2025-04-30,S06,FUEL-0069,61,11,150
2025-04-30,S02,FEED-0070,50,33,79
2025-04-30,S04,FEED-0070,104,33,176
2025-04-30,S05,FEED-0070,95,12,140
2025-04-30,S06,FEED-0070,58,17,59
2025-04-30,S01,SEED-0071,35,30,96
2025-04-30,S02,SEED-0071,25,30,88
2025-04-30,S04,SEED-0071,10,9,81
2025-04-30,S06,SEED-0071,34,22,61
2025-04-30,S01,FUEL-0072,38,32,73
2025-04-30,S03,FUEL-0072,23,39,187
2025-04-30,S05,FUEL-0072,158,28,136
2025-04-30,S06,FUEL-0072,106,25,129
2025-04-30,S03,TIRE-0073,92,28,122
2025-04-30,S04,TIRE-0073,80,34,150
2025-04-30,S05,TIRE-0073,69,25,113
2025-04-30,S06,TIRE-0073,26,9,118
2025-04-30,S01,FEED-0074,31,18,81
2025-04-30,S02,FEED-0074,13,17,98
2025-04-30,S03,FEED-0074,89,17,91
2025-04-30,S04,FEED-0074,59,38,92
2025-04-30,S05,FEED-0074,67,24,133
2025-04-30,S01,FEED-0075,102,6,111
2025-04-30,S03,FEED-0075,46,27,84
2025-04-30,S05,FEED-0075,95,37,176
2025-04-30,S06,FEED-0075,56,21,121
2025-04-30,S02,TIRE-0076,2,10,82
2025-04-30,S04,TIRE-0076,80,14,174
2025-04-30,S05,TIRE-0076,66,29,99
2025-04-30,S06,TIRE-0076,168,32,157
2025-04-30,S01,TIRE-0077,104,13,81
2025-04-30,S02,TIRE-0077,52,14,108
2025-04-30,S03,TIRE-0077,47,14,53
2025-04-30,S04,TIRE-0077,52,27,123
2025-04-30,S05,TIRE-0077,148,31,187
2025-04-30,S02,SEED-0078,58,33,75
2025-04-30,S03,SEED-0078,94,28,151
2025-04-30,S04,SEED-0078,122,27,116
2025-04-30,S05,SEED-0078,27,13,130
2025-04-30,S06,SEED-0078,67,33,128
2025-04-30,S01,FUEL-0079,42,35,83
2025-04-30,S02,FUEL-0079,136,40,159
2025-04-30,S03,FUEL-0079,15,11,57
2025-04-30,S04,FUEL-0079,40,35,85
2025-04-30,S06,FUEL-0079,70,10,132
2025-04-30,S01,FUEL-0080,121,12,151
2025-04-30,S02,FUEL-0080,59,22,66
2025-04-30,S03,FUEL-0080,41,34,81
2025-04-30,S05,FUEL-0080,34,16,73
2025-04-30,S03,FEED-0081,109,9,113
2025-04-30,S04,FEED-0081,111,38,154
2025-04-30,S05,FEED-0081,34,7,51
2025-04-30,S01,SEED-0082,69,31,77
2025-04-30,S02,SEED-0082,128,24,162
2025-04-30,S04,SEED-0082,48,34,139
2025-04-30,S06,SEED-0082,40,37,116
2025-04-30,S03,HDWR-0083,121,22,172
2025-04-30,S01,TIRE-0084,152,28,162
2025-04-30,S02,TIRE-0084,40,13,146
2025-04-30,S03,TIRE-0084,52,15,104
2025-04-30,S05,TIRE-0084,60,23,89
2025-04-30,S06,TIRE-0084,125,21,181
2025-04-30,S02,FEED-0085,59,37,167
2025-04-30,S03,FEED-0085,69,37,95
2025-04-30,S05,FEED-0085,98,38,152
2025-04-30,S01,TIRE-0086,99,17,136
2025-04-30,S02,TIRE-0086,77,36,138
2025-04-30,S03,TIRE-0086,61,38,104
2025-04-30,S04,TIRE-0086,192,38,195
2025-04-30,S05,TIRE-0086,15,18,102
2025-04-30,S01,TIRE-0087,57,40,110
2025-04-30,S02,TIRE-0087,43,19,95
2025-04-30,S06,TIRE-0087,0,8,133
2025-04-30,S01,HDWR-0088,150,23,125
2025-04-30,S02,HDWR-0088,106,36,148
2025-04-30,S03,HDWR-0088,146,16,121
2025-04-30,S04,HDWR-0088,68,7,159
2025-04-30,S06,HDWR-0088,52,24,84
2025-04-30,S01,TIRE-0089,109,11,161
2025-04-30,S02,TIRE-0089,59,34,171
2025-04-30,S04,TIRE-0089,20,5,35
2025-04-30,S06,TIRE-0089,51,25,132
2025-04-30,S02,LUBE-0090,150,19,168
2025-04-30,S05,LUBE-0090,47,27,108
2025-04-30,S01,FUEL-0091,53,12,83
2025-04-30,S02,FUEL-0091,111,29,139
2025-04-30,S03,FUEL-0091,73,20,156
2025-04-30,S04,FUEL-0091,6,7,52
2025-04-30,S05,FUEL-0091,64,37,162
2025-04-30,S02,LUBE-0092,141,13,167
2025-04-30,S03,LUBE-0092,66,20,179
2025-04-30,S04,LUBE-0092,68,35,70
2025-04-30,S01,HDWR-0093,63,22,152
2025-04-30,S02,HDWR-0093,58,40,103
2025-04-30,S03,HDWR-0093,71,13,110
2025-04-30,S04,HDWR-0093,52,5,119
2025-04-30,S05,HDWR-0093,24,20,78
2025-04-30,S06,HDWR-0093,28,6,111
2025-04-30,S01,HDWR-0094,5,6,119
2025-04-30,S03,HDWR-0094,45,25,81
2025-04-30,S05,HDWR-0094,103,20,134
2025-04-30,S06,HDWR-0094,191,15,163
2025-04-30,S02,FEED-0095,24,7,51
2025-04-30,S03,FEED-0095,135,11,165
2025-04-30,S04,FEED-0095,0,28,120
2025-04-30,S05,FEED-0095,9,40,94
2025-04-30,S01,SEED-0096,123,40,149
2025-04-30,S02,SEED-0096,85,33,156
2025-04-30,S03,SEED-0096,59,12,134
2025-04-30,S04,SEED-0096,137,23,135
2025-04-30,S05,SEED-0096,46,18,110
2025-04-30,S06,SEED-0096,54,38,101
2025-04-30,S01,FEED-0097,48,34,64
2025-04-30,S03,FEED-0097,55,11,147
2025-04-30,S04,FEED-0097,89,36,156
2025-04-30,S05,FEED-0097,115,11,158
2025-04-30,S06,FEED-0097,18,8,150
2025-04-30,S02,SEED-0098,111,35,169
2025-04-30,S04,SEED-0098,40,11,91
2025-04-30,S05,SEED-0098,62,7,89
2025-04-30,S06,SEED-0098,61,30,105
2025-04-30,S02,LUBE-0099,51,36,110
2025-04-30,S03,LUBE-0099,35,10,118
2025-04-30,S04,LUBE-0099,68,6,82
2025-04-30,S05,LUBE-0099,28,16,149
2025-04-30,S01,SEED-0100,3,5,80
2025-04-30,S02,SEED-0100,45,14,57
2025-04-30,S05,SEED-0100,50,15,88
2025-04-30,S06,SEED-0100,40,10,153
2025-04-30,S01,FUEL-0101,49,16,134
2025-04-30,S03,FUEL-0101,44,11,73
2025-04-30,S01,FEED-0102,98,13,151
2025-04-30,S03,FEED-0102,65,16,108
2025-04-30,S04,FEED-0102,11,35,119
2025-04-30,S05,FEED-0102,26,8,57
2025-04-30,S06,FEED-0102,56,15,67
2025-04-30,S01,HDWR-0103,132,31,150
2025-04-30,S02,HDWR-0103,47,11,56
2025-04-30,S03,HDWR-0103,76,26,101
2025-04-30,S04,HDWR-0103,64,8,127
2025-04-30,S05,HDWR-0103,29,10,57
2025-04-30,S06,HDWR-0103,61,34,93
2025-04-30,S01,FEED-0104,41,12,63
2025-04-30,S02,FEED-0104,122,9,121
2025-04-30,S04,FEED-0104,51,26,71
2025-04-30,S05,FEED-0104,69,12,84
2025-04-30,S06,FEED-0104,39,26,71
2025-04-30,S01,TIRE-0105,69,16,147
2025-04-30,S02,TIRE-0105,84,36,129
2025-04-30,S03,TIRE-0105,50,33,87
2025-04-30,S04,TIRE-0105,80,11,64
2025-04-30,S06,TIRE-0105,53,24,85
2025-04-30,S01,FEED-0106,171,12,168
2025-04-30,S03,FEED-0106,0,7,126
2025-04-30,S05,FEED-0106,39,26,72
2025-04-30,S06,FEED-0106,160,34,149
2025-04-30,S01,HDWR-0107,9,24,175
2025-04-30,S02,HDWR-0107,79,8,128
2025-04-30,S04,HDWR-0107,132,24,175
2025-04-30,S06,HDWR-0107,40,9,162
2025-04-30,S01,SEED-0108,68,29,128
2025-04-30,S02,SEED-0108,70,28,142
2025-04-30,S03,SEED-0108,98,27,172
2025-04-30,S04,SEED-0108,40,35,70
2025-04-30,S05,SEED-0108,71,32,95
2025-04-30,S06,SEED-0108,85,34,82
2025-04-30,S01,FUEL-0109,80,7,109
2025-04-30,S03,FUEL-0109,11,20,55
2025-04-30,S04,FUEL-0109,99,19,148
2025-04-30,S05,FUEL-0109,47,37,83
2025-04-30,S06,FUEL-0109,40,6,38
2025-04-30,S01,HDWR-0110,177,40,168
2025-04-30,S02,HDWR-0110,6,5,50
2025-04-30,S03,HDWR-0110,68,25,117
2025-04-30,S05,HDWR-0110,72,24,79
2025-04-30,S01,SEED-0111,58,20,117
2025-04-30,S03,SEED-0111,119,31,116
2025-04-30,S04,SEED-0111,30,27,81
2025-04-30,S06,SEED-0111,60,39,128
2025-04-30,S02,LUBE-0112,42,24,74
2025-04-30,S04,LUBE-0112,129,15,163
2025-04-30,S05,LUBE-0112,67,34,86
2025-04-30,S06,LUBE-0112,83,31,91
2025-04-30,S01,HDWR-0113,54,30,65
2025-04-30,S03,HDWR-0113,127,36,194
2025-04-30,S04,HDWR-0113,66,39,189
2025-04-30,S05,HDWR-0113,38,38,110
2025-04-30,S06,HDWR-0113,12,20,64
2025-04-30,S01,SEED-0114,45,35,101
2025-04-30,S02,SEED-0114,152,40,146
2025-04-30,S03,SEED-0114,97,5,141
2025-04-30,S04,SEED-0114,26,26,62
2025-04-30,S05,SEED-0114,56,29,160
2025-04-30,S01,FEED-0115,62,5,141
2025-04-30,S02,FEED-0115,76,16,139
2025-04-30,S03,FEED-0115,6,15,174
2025-04-30,S04,FEED-0115,75,34,131
2025-04-30,S06,FEED-0115,39,21,80
2025-04-30,S03,FEED-0116,73,11,167
2025-04-30,S04,FEED-0116,83,13,91
2025-04-30,S05,FEED-0116,32,19,57
2025-04-30,S06,FEED-0116,118,5,119
2025-04-30,S03,FUEL-0117,31,15,129
2025-04-30,S05,FUEL-0117,58,32,134
2025-04-30,S06,FUEL-0117,48,25,66
2025-04-30,S03,SEED-0118,81,23,122
2025-04-30,S05,SEED-0118,38,8,93
2025-04-30,S06,SEED-0118,124,11,123
2025-04-30,S02,TIRE-0119,73,40,126
2025-04-30,S03,TIRE-0119,0,14,155
2025-04-30,S06,TIRE-0119,50,11,122
2025-04-30,S01,LUBE-0120,101,30,104
2025-04-30,S02,LUBE-0120,128,32,182
2025-04-30,S03,LUBE-0120,83,36,146
2025-04-30,S04,LUBE-0120,83,32,176
2025-05-31,S02,LUBE-0001,15,34,126
2025-05-31,S03,LUBE-0001,78,21,88
2025-05-31,S04,LUBE-0001,41,18,78
2025-05-31,S06,LUBE-0001,59,40,90
2025-05-31,S01,LUBE-0002,93,37,117
2025-05-31,S02,LUBE-0002,36,9,54
2025-05-31,S03,LUBE-0002,64,17,151
2025-05-31,S04,LUBE-0002,119,28,187
2025-05-31,S05,LUBE-0002,164,10,170
2025-05-31,S06,LUBE-0002,32,29,64
2025-05-31,S01,FEED-0003,67,33,82
2025-05-31,S02,FEED-0003,119,33,151
2025-05-31,S03,FEED-0003,53,17,76
2025-05-31,S04,FEED-0003,44,31,129
2025-05-31,S05,FEED-0003,75,40,120
2025-05-31,S03,SEED-0004,134,26,136
2025-05-31,S04,SEED-0004,15,10,54
2025-05-31,S05,SEED-0004,91,32,158
2025-05-31,S06,SEED-0004,73,20,130
2025-05-31,S02,TIRE-0005,78,9,147
2025-05-31,S03,TIRE-0005,77,17,88
2025-05-31,S04,TIRE-0005,123,40,170
2025-05-31,S01,HDWR-0006,55,11,72
2025-05-31,S02,HDWR-0006,125,16,163
2025-05-31,S03,HDWR-0006,29,13,110
2025-05-31,S05,HDWR-0006,56,19,128
2025-05-31,S06,HDWR-0006,80,36,187
2025-05-31,S03,SEED-0007,72,39,178
2025-05-31,S05,SEED-0007,69,10,71
2025-05-31,S01,TIRE-0008,53,29,144
2025-05-31,S03,TIRE-0008,21,12,44
2025-05-31,S04,TIRE-0008,110,32,153
2025-05-31,S05,TIRE-0008,94,28,122
2025-05-31,S06,TIRE-0008,34,10,55
2025-05-31,S02,TIRE-0009,50,33,112
2025-05-31,S03,TIRE-0009,54,9,79
2025-05-31,S04,TIRE-0009,23,15,121
2025-05-31,S05,TIRE-0009,31,24,73
2025-05-31,S01,LUBE-0010,21,13,74
2025-05-31,S02,LUBE-0010,0,10,103
2025-05-31,S03,LUBE-0010,94,29,120
2025-05-31,S04,LUBE-0010,0,15,173
2025-05-31,S06,LUBE-0010,75,36,111
2025-05-31,S01,HDWR-0011,37,10,59
2025-05-31,S03,HDWR-0011,31,19,97
2025-05-31,S04,HDWR-0011,97,23,126
2025-05-31,S05,HDWR-0011,48,36,118
2025-05-31,S02,TIRE-0012,123,26,171
2025-05-31,S04,TIRE-0012,78,26,149
2025-05-31,S05,TIRE-0012,180,21,172
2025-05-31,S01,SEED-0013,48,30,70
2025-05-31,S03,SEED-0013,230,35,192
2025-05-31,S06,SEED-0013,54,23,122
2025-05-31,S01,FEED-0014,108,29,113
2025-05-31,S02,FEED-0014,0,16,115
2025-05-31,S04,FEED-0014,87,28,140
2025-05-31,S05,FEED-0014,125,22,172
2025-05-31,S02,FUEL-0015,46,29,69
2025-05-31,S03,FUEL-0015,64,29,105
2025-05-31,S04,FUEL-0015,141,35,177
2025-05-31,S05,FUEL-0015,118,35,146
2025-05-31,S06,FUEL-0015,146,39,125
2025-05-31,S01,FEED-0016,102,40,192
2025-05-31,S02,FEED-0016,61,28,186
2025-05-31,S03,FEED-0016,37,12,121
2025-05-31,S04,FEED-0016,34,12,59
2025-05-31,S05,FEED-0016,62,38,69
2025-05-31,S06,FEED-0016,8,7,41
2025-05-31,S01,FUEL-0017,52,32,116
2025-05-31,S04,FUEL-0017,70,30,122
2025-05-31,S05,FUEL-0017,105,5,147
2025-05-31,S02,HDWR-0018,111,30,123
2025-05-31,S05,HDWR-0018,145,37,150
2025-05-31,S06,HDWR-0018,90,35,153
2025-05-31,S01,FUEL-0019,45,24,69
2025-05-31,S02,FUEL-0019,44,28,64
2025-05-31,S04,FUEL-0019,59,25,170
2025-05-31,S06,FUEL-0019,51,36,72
2025-05-31,S02,SEED-0020,95,28,119
2025-05-31,S03,SEED-0020,116,13,104
2025-05-31,S04,SEED-0020,77,15,76
2025-05-31,S05,SEED-0020,20,12,62
2025-05-31,S06,SEED-0020,132,36,137
2025-05-31,S02,TIRE-0021,27,19,85
2025-05-31,S03,TIRE-0021,104,39,133
2025-05-31,S04,TIRE-0021,81,29,69
2025-05-31,S05,TIRE-0021,4,18,129
2025-05-31,S06,TIRE-0021,96,22,89
2025-05-31,S02,HDWR-0022,63,13,83
2025-05-31,S03,HDWR-0022,68,37,130
2025-05-31,S04,HDWR-0022,72,19,127
2025-05-31,S05,HDWR-0022,41,18,94
2025-05-31,S01,FUEL-0023,138,26,152
2025-05-31,S02,FUEL-0023,92,27,111
2025-05-31,S05,FUEL-0023,128,34,120
2025-05-31,S06,FUEL-0023,40,10,61
2025-05-31,S01,TIRE-0024,57,14,117
2025-05-31,S04,TIRE-0024,18,32,119
2025-05-31,S05,TIRE-0024,124,36,160
2025-05-31,S06,TIRE-0024,45,14,51
2025-05-31,S01,FUEL-0025,104,19,174
2025-05-31,S04,FUEL-0025,19,16,105
2025-05-31,S05,FUEL-0025,111,33,157
2025-05-31,S02,LUBE-0026,51,24,126
2025-05-31,S05,LUBE-0026,46,34,120
2025-05-31,S01,LUBE-0027,67,18,112
2025-05-31,S02,LUBE-0027,71,17,171
2025-05-31,S03,LUBE-0027,52,19,175
2025-05-31,S04,LUBE-0027,73,10,99
2025-05-31,S05,LUBE-0027,70,11,140
2025-05-31,S02,FUEL-0028,60,31,125
2025-05-31,S03,FUEL-0028,138,29,172
2025-05-31,S04,FUEL-0028,48,33,71
2025-05-31,S05,FUEL-0028,86,10,132
2025-05-31,S06,FUEL-0028,96,10,97
2025-05-31,S02,FEED-0029,37,15,140
2025-05-31,S06,FEED-0029,31,12,56
2025-05-31,S05,HDWR-0030,22,6,68
2025-05-31,S02,LUBE-0031,76,19,93
2025-05-31,S03,LUBE-0031,22,7,138
2025-05-31,S04,LUBE-0031,105,40,175
2025-05-31,S05,LUBE-0031,82,31,133
2025-05-31,S06,LUBE-0031,138,39,173
2025-05-31,S01,FEED-0032,6,37,182
2025-05-31,S03,FEED-0032,18,11,84
2025-05-31,S04,FEED-0032,15,10,62
2025-05-31,S05,FEED-0032,45,13,121
2025-05-31,S06,FEED-0032,37,25,58
2025-05-31,S01,FEED-0033,73,20,87
2025-05-31,S03,FEED-0033,81,23,181
2025-05-31,S04,FEED-0033,92,17,79
2025-05-31,S05,FEED-0033,104,5,136
2025-05-31,S06,FEED-0033,74,17,98
2025-05-31,S01,LUBE-0034,58,9,64
2025-05-31,S02,LUBE-0034,69,29,156
2025-05-31,S06,LUBE-0034,114,23,117
2025-05-31,S01,LUBE-0035,67,26,93
2025-05-31,S02,LUBE-0035,90,35,103
2025-05-31,S03,LUBE-0035,26,6,49
2025-05-31,S04,LUBE-0035,55,17,94
2025-05-31,S02,LUBE-0036,126,39,147
2025-05-31,S03,LUBE-0036,19,10,91
2025-05-31,S04,LUBE-0036,98,22,169
2025-05-31,S05,LUBE-0036,127,28,112
2025-05-31,S06,LUBE-0036,94,38,124
2025-05-31,S01,LUBE-0037,85,24,123
2025-05-31,S03,LUBE-0037,57,14,104
2025-05-31,S06,LUBE-0037,58,36,103
2025-05-31,S01,HDWR-0038,77,40,122
2025-05-31,S03,HDWR-0038,23,11,51
2025-05-31,S05,HDWR-0038,50,11,42
2025-05-31,S06,HDWR-0038,40,36,143
2025-05-31,S01,LUBE-0039,101,6,108
2025-05-31,S02,LUBE-0039,79,33,180
2025-05-31,S03,LUBE-0039,83,30,169
2025-05-31,S04,LUBE-0039,38,8,117
2025-05-31,S01,FEED-0040,64,22,87
2025-05-31,S03,FEED-0040,116,15,166
2025-05-31,S05,FEED-0040,58,35,110
2025-05-31,S06,FEED-0040,46,29,98
2025-05-31,S02,SEED-0041,155,34,159
2025-05-31,S03,SEED-0041,74,21,107
2025-05-31,S05,SEED-0041,68,23,107
2025-05-31,S06,SEED-0041,54,30,80
2025-05-31,S01,SEED-0042,195,37,188
2025-05-31,S02,SEED-0042,30,19,56
2025-05-31,S03,SEED-0042,141,17,166
2025-05-31,S04,SEED-0042,165,35,160
2025-05-31,S05,SEED-0042,49,38,129
2025-05-31,S06,SEED-0042,49,7,63
2025-05-31,S01,HDWR-0043,89,37,93
2025-05-31,S02,HDWR-0043,71,40,102
2025-05-31,S04,HDWR-0043,56,19,135
2025-05-31,S06,HDWR-0043,54,13,101
2025-05-31,S01,FEED-0044,38,13,79
2025-05-31,S03,FEED-0044,58,14,93
2025-05-31,S04,FEED-0044,124,28,155
2025-05-31,S05,FEED-0044,29,33,170
2025-05-31,S01,TIRE-0045,37,11,79
2025-05-31,S05,TIRE-0045,71,20,101
2025-05-31,S06,TIRE-0045,43,6,99
2025-05-31,S01,FUEL-0046,51,29,169
2025-05-31,S02,FUEL-0046,49,5,73
2025-05-31,S03,FUEL-0046,70,40,191
2025-05-31,S05,FUEL-0046,3,12,68
2025-05-31,S06,FUEL-0046,75,32,91
2025-05-31,S02,HDWR-0047,96,29,142
2025-05-31,S03,HDWR-0047,33,24,163
2025-05-31,S04,HDWR-0047,22,32,156
2025-05-31,S05,HDWR-0047,22,16,86
2025-05-31,S06,HDWR-0047,5,34,140
2025-05-31,S02,LUBE-0048,129,16,131
2025-05-31,S03,LUBE-0048,69,25,174
2025-05-31,S04,LUBE-0048,90,40,113
2025-05-31,S01,FUEL-0049,111,29,189
2025-05-31,S02,FUEL-0049,99,38,87
2025-05-31,S06,FUEL-0049,29,7,110
2025-05-31,S01,LUBE-0050,70,25,95
2025-05-31,S03,LUBE-0050,92,8,124
2025-05-31,S05,LUBE-0050,27,34,113
2025-05-31,S06,LUBE-0050,40,8,75
2025-05-31,S04,FUEL-0051,47,34,68
2025-05-31,S05,FUEL-0051,75,10,73
2025-05-31,S06,FUEL-0051,31,16,109
2025-05-31,S01,HDWR-0052,59,24,69
2025-05-31,S02,HDWR-0052,24,5,144
2025-05-31,S03,HDWR-0052,60,36,97
2025-05-31,S05,HDWR-0052,75,28,130
2025-05-31,S01,HDWR-0053,30,32,161
2025-05-31,S03,HDWR-0053,38,13,51
2025-05-31,S04,HDWR-0053,118,31,143
2025-05-31,S06,HDWR-0053,114,21,172
2025-05-31,S01,FEED-0054,51,35,74
2025-05-31,S04,FEED-0054,176,20,165
2025-05-31,S05,FEED-0054,142,38,194
2025-05-31,S01,SEED-0055,16,22,140
2025-05-31,S03,SEED-0055,48,18,135
2025-05-31,S04,SEED-0055,52,37,96
2025-05-31,S06,SEED-0055,101,24,103
2025-05-31,S01,SEED-0056,58,30,99
2025-05-31,S03,SEED-0056,71,31,75
2025-05-31,S04,SEED-0056,141,7,151
2025-05-31,S01,FEED-0057,60,39,80
2025-05-31,S02,FEED-0057,153,33,174
2025-05-31,S04,FEED-0057,91,5,103
2025-05-31,S01,HDWR-0058,29,20,66
2025-05-31,S02,HDWR-0058,81,22,100
2025-05-31,S03,HDWR-0058,69,9,138
2025-05-31,S05,HDWR-0058,40,16,158
2025-05-31,S01,HDWR-0059,38,13,126
2025-05-31,S04,HDWR-0059,37,11,107
2025-05-31,S05,HDWR-0059,0,7,46
2025-05-31,S06,HDWR-0059,30,6,95
2025-05-31,S01,HDWR-0060,90,10,137
2025-05-31,S02,HDWR-0060,56,10,146
2025-05-31,S03,HDWR-0060,57,17,110
2025-05-31,S04,HDWR-0060,85,23,135
2025-05-31,S06,HDWR-0060,39,17,92
2025-05-31,S01,TIRE-0061,66,29,124
2025-05-31,S02,TIRE-0061,157,11,144
2025-05-31,S04,TIRE-0061,67,31,85
2025-05-31,S05,TIRE-0061,21,31,90
2025-05-31,S01,SEED-0062,42,11,133
2025-05-31,S02,SEED-0062,96,36,130
2025-05-31,S03,SEED-0062,35,33,70
2025-05-31,S04,SEED-0062,58,11,76
2025-05-31,S06,SEED-0062,58,30,67
2025-05-31,S01,SEED-0063,99,14,111
2025-05-31,S02,SEED-0063,54,33,80
2025-05-31,S03,SEED-0063,105,27,157
2025-05-31,S04,SEED-0063,26,7,41
2025-05-31,S01,TIRE-0064,35,33,177
2025-05-31,S02,TIRE-0064,95,31,138
2025-05-31,S03,TIRE-0064,60,40,174
2025-05-31,S04,TIRE-0064,67,10,143
2025-05-31,S06,TIRE-0064,107,26,161
2025-05-31,S01,LUBE-0065,59,27,73
2025-05-31,S02,LUBE-0065,131,13,171
2025-05-31,S03,LUBE-0065,34,6,80
2025-05-31,S04,LUBE-0065,67,22,97
2025-05-31,S05,LUBE-0065,55,38,142
2025-05-31,S06,LUBE-0065,57,27,88
2025-05-31,S02,FUEL-0066,92,9,109
2025-05-31,S03,FUEL-0066,54,22,148
2025-05-31,S06,FUEL-0066,26,7,47
2025-05-31,S01,HDWR-0067,34,33,98
2025-05-31,S02,HDWR-0067,60,33,89
2025-05-31,S06,HDWR-0067,141,38,196
2025-05-31,S01,LUBE-0068,201,37,141
2025-05-31,S02,LUBE-0068,139,15,141
2025-05-31,S03,LUBE-0068,52,18,71
2025-05-31,S01,FUEL-0069,1,37,107
2025-05-31,S02,FUEL-0069,68,13,70
2025-05-31,S03,FUEL-0069,52,26,97
2025-05-31,S05,FUEL-0069,65,18,79
2025-05-31,S03,FEED-0070,87,24,177
2025-05-31,S04,FEED-0070,48,33,65
2025-05-31,S05,FEED-0070,193,39,199
2025-05-31,S06,FEED-0070,50,19,69
2025-05-31,S02,SEED-0071,6,7,117
2025-05-31,S03,SEED-0071,82,26,135
2025-05-31,S04,SEED-0071,142,22,140
2025-05-31,S05,SEED-0071,56,9,72
2025-05-31,S06,SEED-0071,49,39,186
2025-05-31,S01,FUEL-0072,87,37,136
2025-05-31,S03,FUEL-0072,97,21,166
2025-05-31,S04,FUEL-0072,57,22,97
2025-05-31,S01,TIRE-0073,89,11,165
2025-05-31,S03,TIRE-0073,99,39,119
2025-05-31,S04,TIRE-0073,50,8,58
2025-05-31,S01,FEED-0074,35,6,58
2025-05-31,S03,FEED-0074,26,20,93
2025-05-31,S04,FEED-0074,136,11,159
2025-05-31,S05,FEED-0074,34,7,153
2025-05-31,S06,FEED-0074,149,9,167
2025-05-31,S01,FEED-0075,77,32,169
2025-05-31,S02,FEED-0075,41,27,71
2025-05-31,S03,FEED-0075,39,19,120
2025-05-31,S04,FEED-0075,31,6,48
2025-05-31,S05,FEED-0075,31,10,145
2025-05-31,S02,TIRE-0076,43,25,114
2025-05-31,S03,TIRE-0076,13,21,104
2025-05-31,S04,TIRE-0076,70,32,86
2025-05-31,S05,TIRE-0076,26,12,113
2025-05-31,S06,TIRE-0076,19,16,75
2025-05-31,S01,TIRE-0077,40,20,63
2025-05-31,S02,TIRE-0077,57,23,123
2025-05-31,S03,TIRE-0077,87,31,180
2025-05-31,S04,TIRE-0077,111,11,145
2025-05-31,S06,TIRE-0077,6,7,49
2025-05-31,S03,SEED-0078,91,8,159
2025-05-31,S04,SEED-0078,132,30,142
2025-05-31,S05,SEED-0078,20,35,94
2025-05-31,S04,FUEL-0079,24,39,176
2025-05-31,S05,FUEL-0079,39,9,157
2025-05-31,S06,FUEL-0079,134,19,171
2025-05-31,S02,FUEL-0080,39,27,64
2025-05-31,S03,FUEL-0080,56,19,79
2025-05-31,S06,FUEL-0080,0,7,44
2025-05-31,S02,FEED-0081,34,38,114
2025-05-31,S03,FEED-0081,150,22,162
2025-05-31,S01,SEED-0082,150,34,183
2025-05-31,S02,SEED-0082,37,10,54
2025-05-31,S04,SEED-0082,62,26,114
2025-05-31,S05,SEED-0082,100,28,154
2025-05-31,S03,HDWR-0083,145,12,148
2025-05-31,S04,HDWR-0083,66,17,59
2025-05-31,S01,TIRE-0084,108,27,179
2025-05-31,S02,TIRE-0084,18,7,54
2025-05-31,S03,TIRE-0084,143,5,151
2025-05-31,S04,TIRE-0084,89,39,126
2025-05-31,S01,FEED-0085,134,24,155
2025-05-31,S03,FEED-0085,6,27,150
2025-05-31,S05,FEED-0085,110,13,148
2025-05-31,S06,FEED-0085,70,40,183
2025-05-31,S01,TIRE-0086,92,33,81
2025-05-31,S03,TIRE-0086,69,9,84
2025-05-31,S04,TIRE-0086,88,30,148
2025-05-31,S06,TIRE-0086,79,36,130
2025-05-31,S02,TIRE-0087,127,26,161
2025-05-31,S03,TIRE-0087,137,31,133
2025-05-31,S04,TIRE-0087,42,15,137
2025-05-31,S06,TIRE-0087,76,15,93
2025-05-31,S01,HDWR-0088,23,22,59
2025-05-31,S02,HDWR-0088,82,13,91
2025-05-31,S03,HDWR-0088,46,9,73
2025-05-31,S05,HDWR-0088,53,23,102
2025-05-31,S06,HDWR-0088,40,25,64
2025-05-31,S03,TIRE-0089,111,20,126
2025-05-31,S04,TIRE-0089,45,8,53
2025-05-31,S05,TIRE-0089,62,24,64
2025-05-31,S06,TIRE-0089,71,21,75
2025-05-31,S01,LUBE-0090,99,37,118
2025-05-31,S02,LUBE-0090,37,12,43
2025-05-31,S03,LUBE-0090,189,32,177
2025-05-31,S04,LUBE-0090,38,9,57
2025-05-31,S05,LUBE-0090,62,19,125
2025-05-31,S06,LUBE-0090,37,34,170
2025-05-31,S02,FUEL-0091,59,22,151
2025-05-31,S04,FUEL-0091,48,14,74
2025-05-31,S05,FUEL-0091,102,36,110
2025-05-31,S06,FUEL-0091,119,13,166
2025-05-31,S01,LUBE-0092,13,6,50
2025-05-31,S03,LUBE-0092,77,23,98
2025-05-31,S04,LUBE-0092,47,20,127
2025-05-31,S05,LUBE-0092,141,28,175
2025-05-31,S02,HDWR-0093,76,28,131
2025-05-31,S03,HDWR-0093,64,35,135
2025-05-31,S05,HDWR-0093,95,23,132
2025-05-31,S01,HDWR-0094,91,28,156
2025-05-31,S03,HDWR-0094,116,16,102
2025-05-31,S04,HDWR-0094,0,7,111
2025-05-31,S05,HDWR-0094,0,5,109
2025-05-31,S06,HDWR-0094,61,24,62
2025-05-31,S01,FEED-0095,43,23,64
2025-05-31,S02,FEED-0095,54,35,91
2025-05-31,S03,FEED-0095,44,36,71
2025-05-31,S05,FEED-0095,82,15,170
2025-05-31,S06,FEED-0095,12,11,59
2025-05-31,S01,SEED-0096,163,5,154
2025-05-31,S02,SEED-0096,242,18,156
2025-05-31,S06,SEED-0096,136,30,123
2025-05-31,S01,FEED-0097,25,15,94
2025-05-31,S02,FEED-0097,74,34,84
2025-05-31,S03,FEED-0097,71,10,94
2025-05-31,S04,FEED-0097,81,10,143
2025-05-31,S05,FEED-0097,0,12,154
2025-05-31,S06,FEED-0097,35,33,80
2025-05-31,S01,SEED-0098,22,30,157
2025-05-31,S03,SEED-0098,87,16,150
2025-05-31,S04,SEED-0098,160,28,184
2025-05-31,S05,SEED-0098,50,12,77
2025-05-31,S06,SEED-0098,41,13,64
2025-05-31,S01,LUBE-0099,44,33,67
2025-05-31,S02,LUBE-0099,53,30,99
2025-05-31,S03,LUBE-0099,68,18,112
2025-05-31,S04,LUBE-0099,84,14,110
2025-05-31,S05,LUBE-0099,125,10,154
2025-05-31,S06,LUBE-0099,32,22,54
2025-05-31,S01,SEED-0100,66,12,74
2025-05-31,S04,SEED-0100,152,37,188
2025-05-31,S01,FUEL-0101,71,37,183
2025-05-31,S02,FUEL-0101,61,28,90
2025-05-31,S03,FUEL-0101,27,40,95
2025-05-31,S04,FUEL-0101,50,14,135
2025-05-31,S05,FUEL-0101,65,9,164
2025-05-31,S06,FUEL-0101,0,18,155
2025-05-31,S04,FEED-0102,77,13,143
2025-05-31,S01,HDWR-0103,27,13,81
2025-05-31,S02,HDWR-0103,68,27,105
2025-05-31,S03,HDWR-0103,111,40,124
2025-05-31,S04,HDWR-0103,73,34,122
2025-05-31,S05,HDWR-0103,85,15,152
2025-05-31,S06,HDWR-0103,0,15,156
2025-05-31,S01,FEED-0104,109,33,176
2025-05-31,S02,FEED-0104,91,17,134
2025-05-31,S03,FEED-0104,85,36,134
2025-05-31,S04,FEED-0104,87,9,142
2025-05-31,S06,FEED-0104,97,30,171
2025-05-31,S01,TIRE-0105,152,24,165
2025-05-31,S05,TIRE-0105,39,19,69
2025-05-31,S06,TIRE-0105,19,7,76
2025-05-31,S01,FEED-0106,54,36,102
2025-05-31,S03,FEED-0106,40,31,62
2025-05-31,S04,FEED-0106,16,8,57
2025-05-31,S06,FEED-0106,8,8,147
2025-05-31,S01,HDWR-0107,56,28,58
2025-05-31,S02,HDWR-0107,67,14,154
2025-05-31,S01,SEED-0108,74,23,106
2025-05-31,S02,SEED-0108,118,15,168
2025-05-31,S03,SEED-0108,65,29,105
2025-05-31,S04,SEED-0108,88,38,120
2025-05-31,S05,SEED-0108,65,26,122
2025-05-31,S06,SEED-0108,14,8,74
2025-05-31,S03,FUEL-0109,29,9,50
2025-05-31,S06,FUEL-0109,34,24,81
2025-05-31,S01,HDWR-0110,47,29,185
2025-05-31,S04,HDWR-0110,31,22,77
2025-05-31,S06,HDWR-0110,32,28,62
2025-05-31,S01,SEED-0111,100,24,150
2025-05-31,S02,SEED-0111,32,16,70
2025-05-31,S03,SEED-0111,100,24,96
2025-05-31,S04,SEED-0111,62,8,110
2025-05-31,S01,LUBE-0112,31,9,148
2025-05-31,S03,LUBE-0112,0,13,81
2025-05-31,S05,LUBE-0112,99,36,106
2025-05-31,S06,LUBE-0112,70,13,120
2025-05-31,S01,HDWR-0113,124,11,159
2025-05-31,S02,HDWR-0113,4,9,116
2025-05-31,S03,HDWR-0113,80,29,151
2025-05-31,S04,HDWR-0113,137,40,167
2025-05-31,S06,HDWR-0113,46,12,61
2025-05-31,S01,SEED-0114,13,19,146
2025-05-31,S02,SEED-0114,36,10,83
2025-05-31,S03,SEED-0114,105,37,188
2025-05-31,S06,SEED-0114,76,9,138
2025-05-31,S01,FEED-0115,60,9,97
2025-05-31,S04,FEED-0115,51,13,102
2025-05-31,S06,FEED-0115,58,35,90
2025-05-31,S01,FEED-0116,54,10,61
2025-05-31,S02,FEED-0116,26,9,77
2025-05-31,S03,FEED-0116,124,19,134
2025-05-31,S06,FEED-0116,64,12,84
2025-05-31,S01,FUEL-0117,39,7,145
2025-05-31,S02,FUEL-0117,27,25,155
2025-05-31,S03,FUEL-0117,58,5,73
2025-05-31,S04,FUEL-0117,140,26,133
2025-05-31,S05,FUEL-0117,41,13,50
2025-05-31,S02,SEED-0118,21,10,125
2025-05-31,S03,SEED-0118,168,34,178
2025-05-31,S04,SEED-0118,69,10,109
2025-05-31,S05,SEED-0118,94,13,163
2025-05-31,S06,SEED-0118,121,32,191
2025-05-31,S01,TIRE-0119,50,6,100
2025-05-31,S02,TIRE-0119,44,25,94
2025-05-31,S03,TIRE-0119,124,37,161
2025-05-31,S04,TIRE-0119,145,29,129
2025-05-31,S05,TIRE-0119,66,40,97
2025-05-31,S04,LUBE-0120,76,19,155
2025-05-31,S05,LUBE-0120,80,28,126
2025-05-31,S06,LUBE-0120,56,26,170
2025-06-30,S02,LUBE-0001,76,36,75
2025-06-30,S03,LUBE-0001,139,27,162
2025-06-30,S05,LUBE-0001,48,14,52
2025-06-30,S06,LUBE-0001,60,39,91
2025-06-30,S01,LUBE-0002,43,31,106
2025-06-30,S02,LUBE-0002,65,20,133
2025-06-30,S03,LUBE-0002,0,10,89
2025-06-30,S04,LUBE-0002,84,25,81
2025-06-30,S01,FEED-0003,46,14,75
2025-06-30,S02,FEED-0003,167,5,142
2025-06-30,S03,FEED-0003,14,7,49
2025-06-30,S04,FEED-0003,135,36,185
2025-06-30,S05,FEED-0003,58,28,150
2025-06-30,S06,FEED-0003,132,26,154
2025-06-30,S01,SEED-0004,162,23,180
2025-06-30,S02,SEED-0004,51,31,77
2025-06-30,S03,SEED-0004,23,28,59
2025-06-30,S04,SEED-0004,16,12,49
2025-06-30,S05,SEED-0004,40,8,129
2025-06-30,S06,SEED-0004,17,18,80
2025-06-30,S01,TIRE-0005,121,13,130
2025-06-30,S02,TIRE-0005,100,8,97
2025-06-30,S04,TIRE-0005,86,7,98
2025-06-30,S06,TIRE-0005,0,15,115
2025-06-30,S01,HDWR-0006,161,31,175
2025-06-30,S02,HDWR-0006,119,32,137
2025-06-30,S03,HDWR-0006,31,9,40
2025-06-30,S04,HDWR-0006,55,14,155
2025-06-30,S05,HDWR-0006,96,38,154
2025-06-30,S06,HDWR-0006,129,26,170
2025-06-30,S03,SEED-0007,59,33,82
2025-06-30,S04,SEED-0007,10,8,97
2025-06-30,S05,SEED-0007,0,7,122
2025-06-30,S06,SEED-0007,102,19,105
2025-06-30,S02,TIRE-0008,58,22,114
2025-06-30,S03,TIRE-0008,61,23,178
2025-06-30,S04,TIRE-0008,126,40,156
2025-06-30,S06,TIRE-0008,66,16,175
2025-06-30,S01,TIRE-0009,78,19,113
2025-06-30,S02,TIRE-0009,35,10,56
2025-06-30,S03,TIRE-0009,54,11,143
2025-06-30,S04,TIRE-0009,115,8,148
2025-06-30,S05,TIRE-0009,54,6,124
2025-06-30,S01,LUBE-0010,73,30,168
2025-06-30,S03,LUBE-0010,92,40,115
2025-06-30,S04,LUBE-0010,103,26,160
2025-06-30,S06,LUBE-0010,0,7,52
2025-06-30,S01,HDWR-0011,41,14,83
2025-06-30,S03,HDWR-0011,155,28,148
2025-06-30,S04,HDWR-0011,113,32,187
2025-06-30,S05,HDWR-0011,62,15,61
2025-06-30,S02,TIRE-0012,82,15,155
2025-06-30,S03,TIRE-0012,28,36,76
2025-06-30,S04,TIRE-0012,104,28,151
2025-06-30,S05,TIRE-0012,120,39,178
2025-06-30,S06,TIRE-0012,128,38,177
2025-06-30,S03,SEED-0013,146,35,156
2025-06-30,S04,SEED-0013,71,33,140
2025-06-30,S05,SEED-0013,117,7,138
2025-06-30,S02,FEED-0014,101,18,178
2025-06-30,S06,FEED-0014,49,10,116
2025-06-30,S02,FUEL-0015,51,39,89
2025-06-30,S05,FUEL-0015,138,11,128
2025-06-30,S03,FEED-0016,0,13,77
2025-06-30,S05,FEED-0016,88,35,142
2025-06-30,S01,FUEL-0017,128,23,151
2025-06-30,S02,FUEL-0017,117,37,115
2025-06-30,S03,FUEL-0017,70,37,140
2025-06-30,S04,FUEL-0017,133,12,153
2025-06-30,S05,FUEL-0017,33,8,106
2025-06-30,S06,FUEL-0017,0,6,93
2025-06-30,S01,HDWR-0018,163,39,183
2025-06-30,S03,HDWR-0018,67,10,107
2025-06-30,S04,HDWR-0018,84,34,136
2025-06-30,S01,FUEL-0019,52,10,81
2025-06-30,S03,FUEL-0019,64,31,137
2025-06-30,S06,FUEL-0019,41,27,65
2025-06-30,S01,SEED-0020,66,19,177
2025-06-30,S02,SEED-0020,65,22,134
2025-06-30,S04,SEED-0020,82,14,125
2025-06-30,S05,SEED-0020,76,16,86
2025-06-30,S06,SEED-0020,41,33,79
2025-06-30,S04,TIRE-0021,80,30,94
2025-06-30,S05,TIRE-0021,96,25,142
2025-06-30,S06,TIRE-0021,233,27,185
2025-06-30,S02,HDWR-0022,35,11,56
2025-06-30,S03,HDWR-0022,96,21,121
2025-06-30,S04,HDWR-0022,97,27,142
2025-06-30,S05,HDWR-0022,68,11,72
2025-06-30,S06,HDWR-0022,89,9,96
2025-06-30,S01,FUEL-0023,17,14,64
2025-06-30,S02,FUEL-0023,163,11,150
2025-06-30,S03,FUEL-0023,162,33,170
2025-06-30,S05,FUEL-0023,81,34,116
2025-06-30,S01,TIRE-0024,72,38,131
2025-06-30,S04,TIRE-0024,229,14,172
2025-06-30,S05,TIRE-0024,188,23,175
2025-06-30,S06,FUEL-0025,92,40,83
2025-06-30,S01,LUBE-0026,63,26,75
2025-06-30,S05,LUBE-0026,59,14,81
2025-06-30,S01,LUBE-0027,59,18,146
2025-06-30,S03,LUBE-0027,50,27,125
2025-06-30,S04,LUBE-0027,26,14,47
2025-06-30,S05,LUBE-0027,182,38,160
2025-06-30,S01,FUEL-0028,107,10,144
2025-06-30,S03,FUEL-0028,109,8,161
2025-06-30,S04,FUEL-0028,57,28,105
2025-06-30,S01,FEED-0029,177,30,166
2025-06-30,S02,FEED-0029,74,26,64
2025-06-30,S03,FEED-0029,41,9,73
2025-06-30,S04,FEED-0029,74,7,158
2025-06-30,S05,FEED-0029,91,38,109
2025-06-30,S06,FEED-0029,124,37,149
2025-06-30,S01,HDWR-0030,10,19,65
2025-06-30,S02,HDWR-0030,116,37,190
2025-06-30,S05,HDWR-0030,216,39,170
2025-06-30,S06,HDWR-0030,32,34,67
2025-06-30,S01,LUBE-0031,29,35,113
2025-06-30,S02,LUBE-0031,42,14,54
2025-06-30,S04,LUBE-0031,38,12,106
2025-06-30,S05,LUBE-0031,9,10,87
2025-06-30,S02,FEED-0032,42,16,96
2025-06-30,S03,FEED-0032,45,34,73
2025-06-30,S04,FEED-0032,92,19,127
2025-06-30,S06,FEED-0032,92,19,150
2025-06-30,S03,FEED-0033,44,35,190
2025-06-30,S05,FEED-0033,63,22,83
2025-06-30,S06,FEED-0033,15,19,146
2025-06-30,S01,LUBE-0034,58,38,83
2025-06-30,S02,LUBE-0034,85,17,89
2025-06-30,S04,LUBE-0034,92,9,160
2025-06-30,S05,LUBE-0034,74,27,90
2025-06-30,S01,LUBE-0035,6,16,135
2025-06-30,S03,LUBE-0035,24,6,43
2025-06-30,S04,LUBE-0035,56,34,115
2025-06-30,S05,LUBE-0035,128,35,169
2025-06-30,S06,LUBE-0035,59,35,79
2025-06-30,S01,LUBE-0036,59,20,84
2025-06-30,S02,LUBE-0036,69,37,120
2025-06-30,S03,LUBE-0036,46,18,58
2025-06-30,S05,LUBE-0036,195,38,177
2025-06-30,S06,LUBE-0036,93,22,109
2025-06-30,S02,LUBE-0037,75,38,128
2025-06-30,S05,LUBE-0037,78,12,154
2025-06-30,S06,LUBE-0037,29,7,112
2025-06-30,S01,HDWR-0038,39,34,80
2025-06-30,S03,HDWR-0038,46,27,75
2025-06-30,S04,HDWR-0038,14,19,70
2025-06-30,S06,HDWR-0038,44,33,114
2025-06-30,S01,LUBE-0039,35,33,127
2025-06-30,S02,LUBE-0039,129,18,144
2025-06-30,S04,LUBE-0039,2,8,154
2025-06-30,S06,LUBE-0039,41,21,82
2025-06-30,S01,FEED-0040,155,25,136
2025-06-30,S02,FEED-0040,39,13,99
2025-06-30,S03,FEED-0040,65,9,143
2025-06-30,S06,FEED-0040,27,12,134
2025-06-30,S01,SEED-0041,59,13,103
2025-06-30,S02,SEED-0041,62,20,78
2025-06-30,S03,SEED-0041,51,16,58
2025-06-30,S04,SEED-0041,113,24,179
2025-06-30,S05,SEED-0041,42,21,81
2025-06-30,S06,SEED-0041,0,17,60
2025-06-30,S01,SEED-0042,119,25,148
2025-06-30,S02,SEED-0042,119,17,136
2025-06-30,S03,SEED-0042,57,15,50
2025-06-30,S04,SEED-0042,31,7,87
2025-06-30,S05,SEED-0042,12,13,82
2025-06-30,S01,HDWR-0043,133,8,165
2025-06-30,S02,HDWR-0043,166,19,176
2025-06-30,S03,HDWR-0043,83,14,114
2025-06-30,S04,HDWR-0043,82,30,85
2025-06-30,S05,HDWR-0043,102,36,97
2025-06-30,S06,HDWR-0043,71,15,93
2025-06-30,S01,FEED-0044,92,6,86
2025-06-30,S03,FEED-0044,6,16,141
2025-06-30,S06,FEED-0044,63,15,69
2025-06-30,S02,TIRE-0045,54,37,70
2025-06-30,S03,TIRE-0045,49,31,79
2025-06-30,S04,TIRE-0045,77,36,91
2025-06-30,S05,TIRE-0045,106,20,112
2025-06-30,S02,FUEL-0046,47,13,80
2025-06-30,S03,FUEL-0046,78,35,192
2025-06-30,S04,FUEL-0046,78,29,104
2025-06-30,S05,FUEL-0046,33,35,171
2025-06-30,S06,FUEL-0046,82,32,148
2025-06-30,S01,HDWR-0047,59,9,104
2025-06-30,S02,HDWR-0047,79,31,116
2025-06-30,S01,LUBE-0048,52,12,109
2025-06-30,S02,LUBE-0048,108,7,136
2025-06-30,S03,LUBE-0048,29,16,47
2025-06-30,S05,LUBE-0048,43,9,71
2025-06-30,S02,FUEL-0049,59,31,146
2025-06-30,S04,FUEL-0049,55,14,99
2025-06-30,S05,FUEL-0049,38,38,128
2025-06-30,S06,FUEL-0049,82,16,103
2025-06-30,S02,LUBE-0050,171,33,175
2025-06-30,S03,LUBE-0050,111,40,164
2025-06-30,S05,LUBE-0050,129,9,166
2025-06-30,S02,FUEL-0051,59,37,90
2025-06-30,S03,FUEL-0051,49,27,91
2025-06-30,S05,FUEL-0051,43,20,50
2025-06-30,S04,HDWR-0052,30,6,115
2025-06-30,S05,HDWR-0052,33,9,65
2025-06-30,S06,HDWR-0052,51,13,141
2025-06-30,S02,HDWR-0053,68,5,143
2025-06-30,S03,HDWR-0053,89,29,179
2025-06-30,S05,HDWR-0053,75,35,177
2025-06-30,S06,HDWR-0053,44,17,73
2025-06-30,S01,FEED-0054,53,19,104
2025-06-30,S03,FEED-0054,32,24,61
2025-06-30,S04,FEED-0054,126,33,139
2025-06-30,S05,FEED-0054,62,11,122
2025-06-30,S02,SEED-0055,77,29,123
2025-06-30,S04,SEED-0055,90,29,118
2025-06-30,S06,SEED-0055,111,11,124
2025-06-30,S01,SEED-0056,36,17,87
2025-06-30,S02,SEED-0056,75,21,101
2025-06-30,S04,SEED-0056,72,37,101
2025-06-30,S01,FEED-0057,27,14,61
2025-06-30,S04,FEED-0057,84,33,124
2025-06-30,S05,FEED-0057,70,16,118
2025-06-30,S06,FEED-0057,72,26,158
2025-06-30,S01,HDWR-0058,50,19,64
2025-06-30,S02,HDWR-0058,73,16,72
2025-06-30,S03,HDWR-0058,67,37,161
2025-06-30,S06,HDWR-0058,27,19,70
2025-06-30,S01,HDWR-0059,56,40,160
2025-06-30,S03,HDWR-0059,56,38,179
2025-06-30,S04,HDWR-0059,235,26,177
2025-06-30,S05,HDWR-0059,81,23,91
2025-06-30,S06,HDWR-0059,218,13,169
2025-06-30,S01,HDWR-0060,116,28,153
2025-06-30,S02,HDWR-0060,53,15,53
2025-06-30,S03,HDWR-0060,25,19,155
2025-06-30,S04,HDWR-0060,45,38,81
2025-06-30,S06,HDWR-0060,48,20,95
2025-06-30,S02,TIRE-0061,86,36,171
2025-06-30,S03,TIRE-0061,72,22,116
2025-06-30,S04,TIRE-0061,71,9,133
2025-06-30,S05,TIRE-0061,95,14,170
2025-06-30,S06,TIRE-0061,93,33,112
2025-06-30,S02,SEED-0062,60,14,171
2025-06-30,S04,SEED-0062,177,22,168
2025-06-30,S05,SEED-0062,67,32,182
2025-06-30,S04,SEED-0063,40,27,91
2025-06-30,S05,SEED-0063,114,26,169
2025-06-30,S06,SEED-0063,141,33,167
2025-06-30,S02,TIRE-0064,14,5,44
2025-06-30,S03,TIRE-0064,73,31,143
2025-06-30,S05,TIRE-0064,28,21,56
2025-06-30,S06,TIRE-0064,36,22,102
2025-06-30,S01,LUBE-0065,40,15,160
2025-06-30,S02,LUBE-0065,73,35,157
2025-06-30,S03,LUBE-0065,52,16,119
2025-06-30,S05,LUBE-0065,52,21,84
2025-06-30,S06,LUBE-0065,114,11,161
2025-06-30,S02,FUEL-0066,45,36,85
2025-06-30,S03,FUEL-0066,13,38,130
2025-06-30,S04,FUEL-0066,90,26,122
2025-06-30,S05,FUEL-0066,81,36,85
2025-06-30,S01,HDWR-0067,51,8,93
2025-06-30,S03,HDWR-0067,73,38,186
2025-06-30,S04,HDWR-0067,18,21,74
2025-06-30,S05,HDWR-0067,55,34,120
2025-06-30,S01,LUBE-0068,37,25,81
2025-06-30,S02,LUBE-0068,42,13,91
2025-06-30,S03,LUBE-0068,104,24,123
2025-06-30,S04,LUBE-0068,69,20,110
2025-06-30,S01,FUEL-0069,136,38,192
2025-06-30,S03,FUEL-0069,93,25,96
2025-06-30,S04,FUEL-0069,54,38,154
2025-06-30,S06,FUEL-0069,42,5,117
2025-06-30,S01,FEED-0070,40,26,73
2025-06-30,S04,FEED-0070,131,16,164
2025-06-30,S04,SEED-0071,55,35,80
2025-06-30,S05,SEED-0071,73,7,106
2025-06-30,S06,SEED-0071,46,39,96
2025-06-30,S01,FUEL-0072,53,22,165
2025-06-30,S02,FUEL-0072,24,17,163
2025-06-30,S03,FUEL-0072,55,37,71
2025-06-30,S04,FUEL-0072,72,33,73
2025-06-30,S06,FUEL-0072,95,5,104
2025-06-30,S01,TIRE-0073,40,11,167
2025-06-30,S02,TIRE-0073,75,34,178
2025-06-30,S01,FEED-0074,134,19,157
2025-06-30,S02,FEED-0074,193,28,182
2025-06-30,S03,FEED-0074,25,9,41
2025-06-30,S06,FEED-0074,130,37,176
2025-06-30,S01,FEED-0075,65,9,142
2025-06-30,S02,FEED-0075,50,24,74
2025-06-30,S03,FEED-0075,124,25,181
2025-06-30,S04,FEED-0075,123,40,157
2025-06-30,S05,FEED-0075,71,21,140
2025-06-30,S06,FEED-0075,50,37,85
2025-06-30,S01,TIRE-0076,64,27,108
2025-06-30,S02,TIRE-0076,56,23,180
2025-06-30,S03,TIRE-0076,91,16,100
2025-06-30,S04,TIRE-0076,89,35,124
2025-06-30,S06,TIRE-0076,46,9,96
2025-06-30,S01,TIRE-0077,74,15,144
2025-06-30,S02,TIRE-0077,114,24,136
2025-06-30,S03,TIRE-0077,18,13,124
2025-06-30,S04,TIRE-0077,143,10,152
2025-06-30,S05,TIRE-0077,21,16,169
2025-06-30,S04,SEED-0078,59,15,80
2025-06-30,S05,SEED-0078,90,38,176
2025-06-30,S01,FUEL-0079,49,12,139
2025-06-30,S02,FUEL-0079,65,17,133
2025-06-30,S03,FUEL-0079,191,36,195
2025-06-30,S05,FUEL-0079,52,25,58
2025-06-30,S01,FUEL-0080,69,39,123
2025-06-30,S02,FUEL-0080,93,17,133
2025-06-30,S03,FUEL-0080,51,30,83
2025-06-30,S06,FUEL-0080,115,36,143
2025-06-30,S02,FEED-0081,0,15,86
2025-06-30,S05,FEED-0081,100,32,151
2025-06-30,S02,SEED-0082,47,20,52
2025-06-30,S04,SEED-0082,174,30,148
2025-06-30,S05,SEED-0082,63,17,87
2025-06-30,S04,HDWR-0083,58,5,101
2025-06-30,S06,HDWR-0083,118,23,181
2025-06-30,S02,TIRE-0084,64,13,118
2025-06-30,S04,TIRE-0084,45,20,86
2025-06-30,S05,TIRE-0084,20,40,183
2025-06-30,S02,FEED-0085,51,15,143
2025-06-30,S03,FEED-0085,37,19,74
2025-06-30,S05,FEED-0085,19,13,49
2025-06-30,S01,TIRE-0086,83,27,183
2025-06-30,S03,TIRE-0086,140,35,173
2025-06-30,S04,TIRE-0086,159,34,190
2025-06-30,S05,TIRE-0086,72,21,105
2025-06-30,S02,TIRE-0087,48,5,65
2025-06-30,S03,TIRE-0087,18,8,62
2025-06-30,S04,TIRE-0087,48,27,65
2025-06-30,S01,HDWR-0088,59,37,98
2025-06-30,S02,HDWR-0088,96,5,141
2025-06-30,S03,HDWR-0088,65,12,86
2025-06-30,S05,HDWR-0088,90,12,159
2025-06-30,S06,HDWR-0088,0,24,167
2025-06-30,S02,TIRE-0089,61,23,62
2025-06-30,S03,TIRE-0089,115,40,198
2025-06-30,S04,TIRE-0089,40,15,62
2025-06-30,S05,TIRE-0089,34,18,54
2025-06-30,S06,TIRE-0089,105,38,144
2025-06-30,S01,LUBE-0090,45,31,65
2025-06-30,S03,LUBE-0090,76,40,197
2025-06-30,S05,LUBE-0090,61,19,84
2025-06-30,S06,LUBE-0090,85,23,103
2025-06-30,S01,FUEL-0091,119,36,173
2025-06-30,S02,FUEL-0091,75,20,179
2025-06-30,S04,FUEL-0091,137,35,143
2025-06-30,S05,FUEL-0091,53,27,140
2025-06-30,S06,FUEL-0091,87,27,137
2025-06-30,S03,LUBE-0092,75,21,69
2025-06-30,S05,LUBE-0092,55,6,156
2025-06-30,S02,HDWR-0093,21,13,43
2025-06-30,S04,HDWR-0093,61,13,90
2025-06-30,S05,HDWR-0093,53,33,65
2025-06-30,S06,HDWR-0093,0,14,79
2025-06-30,S01,HDWR-0094,51,35,80
2025-06-30,S02,HDWR-0094,61,32,69
2025-06-30,S04,HDWR-0094,34,12,49
2025-06-30,S05,HDWR-0094,95,38,141
2025-06-30,S06,HDWR-0094,118,36,187
2025-06-30,S01,FEED-0095,100,34,150
2025-06-30,S02,FEED-0095,119,17,170
2025-06-30,S03,FEED-0095,105,30,135
2025-06-30,S05,FEED-0095,90,35,106
2025-06-30,S06,FEED-0095,57,37,71
2025-06-30,S01,SEED-0096,43,30,82
2025-06-30,S02,SEED-0096,59,23,100
2025-06-30,S04,SEED-0096,49,39,180
2025-06-30,S05,SEED-0096,13,10,61
2025-06-30,S06,SEED-0096,81,35,141
2025-06-30,S02,FEED-0097,60,33,144
2025-06-30,S05,FEED-0097,21,7,81
2025-06-30,S06,FEED-0097,90,19,147
2025-06-30,S03,SEED-0098,24,13,168
2025-06-30,S04,SEED-0098,92,8,100
2025-06-30,S05,SEED-0098,39,9,96
2025-06-30,S06,SEED-0098,29,32,128
2025-06-30,S01,LUBE-0099,54,25,170
2025-06-30,S03,LUBE-0099,56,36,103
2025-06-30,S04,LUBE-0099,23,9,48
2025-06-30,S05,LUBE-0099,129,39,158
2025-06-30,S06,LUBE-0099,77,36,132
2025-06-30,S02,SEED-0100,58,6,92
2025-06-30,S03,SEED-0100,74,11,164
2025-06-30,S04,SEED-0100,25,35,139
2025-06-30,S05,SEED-0100,40,35,111
2025-06-30,S01,FUEL-0101,79,17,107
2025-06-30,S05,FUEL-0101,28,14,56
2025-06-30,S06,FUEL-0101,51,34,106
2025-06-30,S01,FEED-0102,64,20,81
2025-06-30,S02,FEED-0102,111,28,186
2025-06-30,S03,FEED-0102,52,11,152
2025-06-30,S06,FEED-0102,12,29,113
2025-06-30,S01,HDWR-0103,31,23,100
2025-06-30,S06,HDWR-0103,97,17,112
2025-06-30,S01,FEED-0104,140,15,149
2025-06-30,S03,FEED-0104,70,21,127
2025-06-30,S06,FEED-0104,80,24,140
2025-06-30,S01,TIRE-0105,160,38,167
2025-06-30,S02,TIRE-0105,74,36,109
2025-06-30,S03,TIRE-0105,66,36,147
2025-06-30,S04,TIRE-0105,40,6,161
2025-06-30,S01,FEED-0106,73,34,95
2025-06-30,S02,FEED-0106,93,31,151
2025-06-30,S05,FEED-0106,72,35,99
2025-06-30,S06,FEED-0106,64,23,92
2025-06-30,S03,HDWR-0107,0,27,181
2025-06-30,S04,HDWR-0107,33,27,77
2025-06-30,S05,HDWR-0107,72,24,112
2025-06-30,S06,HDWR-0107,31,33,160
2025-06-30,S01,SEED-0108,69,19,150
2025-06-30,S02,SEED-0108,32,20,164
2025-06-30,S03,SEED-0108,82,32,92
2025-06-30,S04,SEED-0108,222,27,183
2025-06-30,S05,SEED-0108,149,31,184
2025-06-30,S06,SEED-0108,18,8,102
2025-06-30,S01,FUEL-0109,95,6,137
2025-06-30,S02,FUEL-0109,15,27,78
2025-06-30,S03,FUEL-0109,28,12,64
2025-06-30,S05,FUEL-0109,66,16,82
2025-06-30,S06,FUEL-0109,56,40,101
2025-06-30,S02,HDWR-0110,57,22,162
2025-06-30,S03,HDWR-0110,25,19,99
2025-06-30,S04,HDWR-0110,31,8,76
2025-06-30,S05,HDWR-0110,200,34,162
2025-06-30,S06,HDWR-0110,53,29,110
2025-06-30,S01,SEED-0111,79,11,108
2025-06-30,S02,SEED-0111,36,7,86
2025-06-30,S03,SEED-0111,147,33,143
2025-06-30,S05,SEED-0111,47,9,57
2025-06-30,S06,SEED-0111,20,6,134
2025-06-30,S01,LUBE-0112,96,39,150
2025-06-30,S04,LUBE-0112,76,24,172
2025-06-30,S06,LUBE-0112,80,35,113
2025-06-30,S01,HDWR-0113,45,24,56
2025-06-30,S02,HDWR-0113,60,27,93
2025-06-30,S05,HDWR-0113,95,35,173
2025-06-30,S06,HDWR-0113,26,11,140
2025-06-30,S01,SEED-0114,65,29,133
2025-06-30,S05,SEED-0114,123,24,166
2025-06-30,S06,SEED-0114,61,17,69
2025-06-30,S02,FEED-0115,99,20,154
2025-06-30,S01,FEED-0116,130,28,180
2025-06-30,S02,FEED-0116,31,16,163
2025-06-30,S03,FEED-0116,19,8,88
2025-06-30,S06,FEED-0116,170,34,155
2025-06-30,S02,FUEL-0117,120,30,187
2025-06-30,S04,FUEL-0117,101,40,187
2025-06-30,S06,FUEL-0117,42,13,47
2025-06-30,S03,SEED-0118,72,12,142
2025-06-30,S05,SEED-0118,45,7,60
2025-06-30,S02,TIRE-0119,86,13,157
2025-06-30,S03,TIRE-0119,30,6,47
2025-06-30,S04,TIRE-0119,66,37,171
2025-06-30,S06,TIRE-0119,35,23,74
2025-06-30,S01,LUBE-0120,41,24,81
2025-06-30,S02,LUBE-0120,39,21,118
2025-06-30,S04,LUBE-0120,73,15,108
2025-06-30,S06,LUBE-0120,51,39,119
2025-07-31,S01,LUBE-0001,53,27,107
2025-07-31,S02,LUBE-0001,51,19,97
2025-07-31,S04,LUBE-0001,107,10,159
2025-07-31,S05,LUBE-0001,111,40,172
2025-07-31,S06,LUBE-0001,151,16,164
2025-07-31,S01,LUBE-0002,62,40,163
2025-07-31,S02,LUBE-0002,130,29,175
2025-07-31,S03,LUBE-0002,58,34,156
2025-07-31,S05,LUBE-0002,128,25,159
2025-07-31,S06,LUBE-0002,80,14,74
2025-07-31,S02,FEED-0003,61,24,175
2025-07-31,S03,FEED-0003,151,29,127
2025-07-31,S04,FEED-0003,33,12,55
2025-07-31,S03,SEED-0004,84,29,136
2025-07-31,S05,SEED-0004,75,28,119
2025-07-31,S01,TIRE-0005,108,25,176
2025-07-31,S02,TIRE-0005,30,19,137
2025-07-31,S04,TIRE-0005,122,33,125
2025-07-31,S05,TIRE-0005,79,33,164
2025-07-31,S06,TIRE-0005,63,6,147
2025-07-31,S01,HDWR-0006,32,28,59
2025-07-31,S02,HDWR-0006,76,10,160
2025-07-31,S03,HDWR-0006,13,11,65
2025-07-31,S04,HDWR-0006,51,39,84
2025-07-31,S05,HDWR-0006,47,8,134
2025-07-31,S06,HDWR-0006,59,20,96
2025-07-31,S01,SEED-0007,157,20,152
2025-07-31,S02,SEED-0007,57,21,63
2025-07-31,S03,SEED-0007,60,18,78
2025-07-31,S05,SEED-0007,48,6,72
2025-07-31,S04,TIRE-0008,41,11,98
2025-07-31,S05,TIRE-0008,92,13,158
2025-07-31,S06,TIRE-0008,175,6,121
2025-07-31,S01,TIRE-0009,63,20,131
2025-07-31,S04,TIRE-0009,92,32,97
2025-07-31,S06,TIRE-0009,118,32,158
2025-07-31,S01,LUBE-0010,42,33,133
2025-07-31,S03,LUBE-0010,20,18,101
2025-07-31,S06,LUBE-0010,21,6,38
2025-07-31,S03,HDWR-0011,25,31,66
2025-07-31,S04,HDWR-0011,9,17,65
2025-07-31,S06,HDWR-0011,52,20,113
2025-07-31,S01,TIRE-0012,50,17,70
2025-07-31,S02,TIRE-0012,111,21,138
2025-07-31,S03,TIRE-0012,92,33,152
2025-07-31,S04,TIRE-0012,62,26,96
2025-07-31,S06,TIRE-0012,122,14,133
2025-07-31,S02,SEED-0013,93,29,175
2025-07-31,S04,SEED-0013,58,19,164
2025-07-31,S05,SEED-0013,26,6,40
2025-07-31,S01,FEED-0014,57,23,111
2025-07-31,S02,FEED-0014,54,10,124
2025-07-31,S03,FEED-0014,50,26,113
2025-07-31,S04,FEED-0014,57,17,81
2025-07-31,S06,FEED-0014,25,12,86
2025-07-31,S01,FUEL-0015,55,9,168
2025-07-31,S02,FUEL-0015,139,29,135
2025-07-31,S04,FUEL-0015,87,8,101
2025-07-31,S05,FUEL-0015,50,29,178
2025-07-31,S06,FUEL-0015,42,9,90
2025-07-31,S02,FEED-0016,123,6,134
2025-07-31,S06,FEED-0016,132,24,174
2025-07-31,S04,FUEL-0017,147,39,181
2025-07-31,S05,FUEL-0017,141,35,151
2025-07-31,S06,FUEL-0017,71,29,183
2025-07-31,S01,HDWR-0018,85,33,116
2025-07-31,S02,HDWR-0018,19,11,45
2025-07-31,S03,HDWR-0018,125,37,119
2025-07-31,S04,HDWR-0018,91,13,94
2025-07-31,S05,HDWR-0018,99,28,120
2025-07-31,S06,HDWR-0018,56,6,120
2025-07-31,S01,FUEL-0019,62,37,72
2025-07-31,S02,FUEL-0019,73,15,146
2025-07-31,S03,FUEL-0019,129,29,149
2025-07-31,S04,FUEL-0019,44,39,70
2025-07-31,S05,FUEL-0019,43,7,86
2025-07-31,S02,SEED-0020,66,6,121
2025-07-31,S04,SEED-0020,124,11,128
2025-07-31,S05,SEED-0020,72,35,108
2025-07-31,S06,SEED-0020,42,31,97
2025-07-31,S01,TIRE-0021,32,13,45
2025-07-31,S02,TIRE-0021,85,20,135
2025-07-31,S03,TIRE-0021,49,15,105
2025-07-31,S04,TIRE-0021,59,21,98
2025-07-31,S06,TIRE-0021,86,39,93
2025-07-31,S01,HDWR-0022,103,25,180
2025-07-31,S03,HDWR-0022,43,23,161
2025-07-31,S04,HDWR-0022,107,28,154
2025-07-31,S05,HDWR-0022,90,6,88
2025-07-31,S01,FUEL-0023,85,40,200
2025-07-31,S02,FUEL-0023,73,35,142
2025-07-31,S04,FUEL-0023,53,36,98
2025-07-31,S05,FUEL-0023,52,13,78
2025-07-31,S06,FUEL-0023,47,37,69
2025-07-31,S01,TIRE-0024,25,11,120
2025-07-31,S03,TIRE-0024,37,7,75
2025-07-31,S04,TIRE-0024,59,38,75
2025-07-31,S06,TIRE-0024,43,40,81
2025-07-31,S01,FUEL-0025,57,20,116
2025-07-31,S02,FUEL-0025,117,5,148
2025-07-31,S05,FUEL-0025,39,29,76
2025-07-31,S01,LUBE-0026,139,12,159
2025-07-31,S02,LUBE-0026,55,39,91
2025-07-31,S03,LUBE-0026,42,16,146
2025-07-31,S04,LUBE-0026,64,22,87
2025-07-31,S01,LUBE-0027,60,19,122
2025-07-31,S03,LUBE-0027,107,25,132
2025-07-31,S04,LUBE-0027,131,28,175
2025-07-31,S05,LUBE-0027,34,33,65
2025-07-31,S01,FUEL-0028,41,24,72
2025-07-31,S02,FUEL-0028,97,21,136
2025-07-31,S03,FUEL-0028,129,39,124
2025-07-31,S05,FUEL-0028,83,38,96
2025-07-31,S06,FUEL-0028,49,35,75
2025-07-31,S01,FEED-0029,82,30,87
2025-07-31,S04,FEED-0029,40,32,77
2025-07-31,S05,FEED-0029,54,27,75
2025-07-31,S06,FEED-0029,35,23,67
2025-07-31,S02,HDWR-0030,49,26,129
2025-07-31,S03,HDWR-0030,53,27,83
2025-07-31,S04,HDWR-0030,56,35,100
2025-07-31,S05,HDWR-0030,52,15,64
2025-07-31,S06,HDWR-0030,132,23,174
2025-07-31,S03,LUBE-0031,78,14,124
2025-07-31,S05,LUBE-0031,29,11,97
2025-07-31,S01,FEED-0032,58,17,104
2025-07-31,S03,FEED-0032,96,40,92
2025-07-31,S04,FEED-0032,41,12,143
2025-07-31,S05,FEED-0032,72,27,167
2025-07-31,S06,FEED-0032,34,13,89
2025-07-31,S01,FEED-0033,165,7,157
2025-07-31,S03,FEED-0033,102,33,154
2025-07-31,S05,FEED-0033,61,31,109
2025-07-31,S06,FEED-0033,93,32,100
2025-07-31,S01,LUBE-0034,86,32,99
2025-07-31,S02,LUBE-0034,0,22,120
2025-07-31,S03,LUBE-0034,86,13,122
2025-07-31,S04,LUBE-0034,54,36,165
2025-07-31,S05,LUBE-0034,62,36,146
2025-07-31,S01,LUBE-0035,61,38,131
2025-07-31,S02,LUBE-0035,21,18,158
2025-07-31,S03,LUBE-0035,103,9,118
2025-07-31,S04,LUBE-0035,90,34,190
2025-07-31,S05,LUBE-0035,79,9,105
2025-07-31,S06,LUBE-0035,49,30,80
2025-07-31,S02,LUBE-0036,115,34,180
2025-07-31,S03,LUBE-0036,35,11,77
2025-07-31,S04,LUBE-0036,27,21,58
2025-07-31,S05,LUBE-0036,109,13,99
2025-07-31,S06,LUBE-0036,23,13,161
2025-07-31,S02,LUBE-0037,140,25,171
2025-07-31,S04,LUBE-0037,111,22,138
2025-07-31,S06,LUBE-0037,0,10,142
2025-07-31,S01,HDWR-0038,61,34,129
2025-07-31,S02,HDWR-0038,68,22,140
2025-07-31,S03,HDWR-0038,70,15,159
2025-07-31,S05,HDWR-0038,34,27,137
2025-07-31,S06,HDWR-0038,84,36,79
2025-07-31,S01,LUBE-0039,151,40,194
2025-07-31,S02,LUBE-0039,45,5,70
2025-07-31,S04,LUBE-0039,47,31,124
2025-07-31,S06,LUBE-0039,44,21,63
2025-07-31,S02,FEED-0040,34,15,158
2025-07-31,S04,FEED-0040,119,40,115
2025-07-31,S05,FEED-0040,19,12,47
2025-07-31,S06,FEED-0040,142,30,176
2025-07-31,S01,SEED-0041,52,7,149
2025-07-31,S02,SEED-0041,77,21,69
2025-07-31,S03,SEED-0041,59,37,105
2025-07-31,S04,SEED-0041,82,22,107
2025-07-31,S06,SEED-0041,67,18,76
2025-07-31,S01,SEED-0042,58,34,139
2025-07-31,S02,SEED-0042,29,35,132
2025-07-31,S04,SEED-0042,129,40,190
2025-07-31,S06,SEED-0042,45,22,58
2025-07-31,S01,HDWR-0043,44,25,69
2025-07-31,S02,HDWR-0043,35,28,112
2025-07-31,S04,HDWR-0043,33,33,75
2025-07-31,S06,HDWR-0043,150,34,150
2025-07-31,S03,FEED-0044,35,18,94
2025-07-31,S04,FEED-0044,108,39,199
2025-07-31,S05,FEED-0044,97,20,86
2025-07-31,S01,TIRE-0045,60,10,49
2025-07-31,S02,TIRE-0045,37,14,74
2025-07-31,S04,TIRE-0045,101,35,182
2025-07-31,S05,TIRE-0045,25,20,104
2025-07-31,S01,FUEL-0046,126,23,140
2025-07-31,S04,FUEL-0046,69,36,90
2025-07-31,S05,FUEL-0046,74,19,75
2025-07-31,S06,FUEL-0046,97,11,145
2025-07-31,S01,HDWR-0047,41,22,167
2025-07-31,S03,HDWR-0047,47,20,112
2025-07-31,S04,HDWR-0047,135,15,175
2025-07-31,S06,HDWR-0047,47,30,180
2025-07-31,S02,LUBE-0048,95,16,175
2025-07-31,S05,LUBE-0048,45,7,72
2025-07-31,S06,LUBE-0048,145,21,159
2025-07-31,S01,FUEL-0049,78,29,121
2025-07-31,S02,FUEL-0049,85,27,133
2025-07-31,S03,FUEL-0049,36,13,61
2025-07-31,S04,FUEL-0049,79,10,84
2025-07-31,S05,FUEL-0049,93,39,175
2025-07-31,S06,FUEL-0049,39,21,81
2025-07-31,S01,LUBE-0050,23,21,89
2025-07-31,S02,LUBE-0050,5,11,71
2025-07-31,S03,LUBE-0050,59,37,81
2025-07-31,S04,LUBE-0050,62,10,122
2025-07-31,S05,LUBE-0050,27,15,70
2025-07-31,S06,LUBE-0050,32,31,78
2025-07-31,S02,FUEL-0051,54,14,59
2025-07-31,S03,FUEL-0051,57,24,113
2025-07-31,S05,FUEL-0051,118,35,122
2025-07-31,S03,HDWR-0052,60,38,80
2025-07-31,S05,HDWR-0052,116,40,148
2025-07-31,S03,HDWR-0053,47,28,115
2025-07-31,S04,HDWR-0053,71,30,143
2025-07-31,S06,HDWR-0053,108,38,161
2025-07-31,S01,FEED-0054,74,11,156
2025-07-31,S02,FEED-0054,50,32,95
2025-07-31,S03,FEED-0054,55,16,104
2025-07-31,S04,FEED-0054,48,35,92
2025-07-31,S05,FEED-0054,133,22,158
2025-07-31,S03,SEED-0055,124,29,173
2025-07-31,S04,SEED-0055,40,21,52
2025-07-31,S05,SEED-0055,89,24,172
2025-07-31,S06,SEED-0055,27,32,160
2025-07-31,S01,SEED-0056,49,27,153
2025-07-31,S03,SEED-0056,124,14,114
2025-07-31,S05,SEED-0056,45,35,162
2025-07-31,S06,SEED-0056,33,14,51
2025-07-31,S02,FEED-0057,45,34,95
2025-07-31,S03,FEED-0057,51,17,65
2025-07-31,S04,FEED-0057,5,20,166
2025-07-31,S06,FEED-0057,38,25,102
2025-07-31,S01,HDWR-0058,123,6,152
2025-07-31,S03,HDWR-0058,108,34,150
2025-07-31,S06,HDWR-0058,0,31,165
2025-07-31,S01,HDWR-0059,165,24,182
2025-07-31,S03,HDWR-0059,99,9,141
2025-07-31,S05,HDWR-0059,151,32,190
2025-07-31,S06,HDWR-0059,70,32,123
2025-07-31,S01,HDWR-0060,35,32,82
2025-07-31,S02,HDWR-0060,68,25,142
2025-07-31,S03,HDWR-0060,49,32,155
2025-07-31,S04,HDWR-0060,74,40,98
2025-07-31,S05,HDWR-0060,61,37,132
2025-07-31,S06,HDWR-0060,30,29,106
2025-07-31,S01,TIRE-0061,151,20,180
2025-07-31,S02,TIRE-0061,67,8,112
2025-07-31,S03,TIRE-0061,57,40,179
2025-07-31,S04,TIRE-0061,90,31,132
2025-07-31,S01,SEED-0062,90,8,103
2025-07-31,S02,SEED-0062,28,14,100
2025-07-31,S03,SEED-0062,53,17,84
2025-07-31,S04,SEED-0062,96,15,159
2025-07-31,S05,SEED-0062,56,37,68
2025-07-31,S03,SEED-0063,14,32,187
2025-07-31,S04,SEED-0063,75,39,177
2025-07-31,S05,SEED-0063,86,28,111
2025-07-31,S06,SEED-0063,138,29,176
2025-07-31,S01,TIRE-0064,90,16,169
2025-07-31,S03,TIRE-0064,68,10,116
2025-07-31,S04,TIRE-0064,134,33,144
2025-07-31,S05,TIRE-0064,133,26,112
2025-07-31,S01,LUBE-0065,38,7,63
2025-07-31,S03,LUBE-0065,60,36,94
2025-07-31,S04,LUBE-0065,87,40,117
2025-07-31,S05,LUBE-0065,84,8,99
2025-07-31,S01,FUEL-0066,101,9,99
2025-07-31,S02,FUEL-0066,40,24,103
2025-07-31,S03,FUEL-0066,114,30,171
2025-07-31,S04,FUEL-0066,88,20,127
2025-07-31,S05,FUEL-0066,94,36,150
2025-07-31,S06,FUEL-0066,34,22,92
2025-07-31,S02,HDWR-0067,54,16,89
2025-07-31,S03,HDWR-0067,42,8,59
2025-07-31,S04,HDWR-0067,88,34,154
2025-07-31,S05,HDWR-0067,112,35,163
2025-07-31,S06,HDWR-0067,78,9,90
2025-07-31,S02,LUBE-0068,121,6,152
2025-07-31,S04,LUBE-0068,58,12,161
2025-07-31,S06,LUBE-0068,133,33,164
2025-07-31,S02,FUEL-0069,97,11,150
2025-07-31,S03,FUEL-0069,82,22,136
2025-07-31,S04,FUEL-0069,144,25,142
2025-07-31,S06,FUEL-0069,60,34,98
2025-07-31,S01,FEED-0070,156,17,161
2025-07-31,S02,FEED-0070,54,13,51
2025-07-31,S03,FEED-0070,84,15,95
2025-07-31,S04,FEED-0070,48,16,139
2025-07-31,S05,FEED-0070,31,29,164
2025-07-31,S06,FEED-0070,39,25,57
2025-07-31,S01,SEED-0071,82,10,142
2025-07-31,S03,SEED-0071,120,30,150
2025-07-31,S04,SEED-0071,95,20,132
2025-07-31,S05,SEED-0071,75,40,96
2025-07-31,S01,FUEL-0072,22,8,144
2025-07-31,S02,FUEL-0072,12,6,127
2025-07-31,S03,FUEL-0072,91,35,112
2025-07-31,S04,FUEL-0072,145,17,158
2025-07-31,S06,FUEL-0072,38,18,56
2025-07-31,S01,TIRE-0073,70,32,124
2025-07-31,S03,TIRE-0073,27,20,158
2025-07-31,S04,TIRE-0073,16,12,45
2025-07-31,S05,TIRE-0073,69,38,183
2025-07-31,S01,FEED-0074,76,11,139
2025-07-31,S02,FEED-0074,87,12,152
2025-07-31,S04,FEED-0074,23,7,44
2025-07-31,S01,FEED-0075,37,7,42
2025-07-31,S02,FEED-0075,85,26,186
2025-07-31,S03,FEED-0075,33,16,48
2025-07-31,S05,FEED-0075,171,25,148
2025-07-31,S06,FEED-0075,51,33,66
2025-07-31,S01,TIRE-0076,110,8,121
2025-07-31,S02,TIRE-0076,41,14,101
2025-07-31,S06,TIRE-0076,27,17,112
2025-07-31,S02,TIRE-0077,23,10,84
2025-07-31,S03,TIRE-0077,40,17,48
2025-07-31,S04,TIRE-0077,92,17,110
2025-07-31,S05,TIRE-0077,61,18,150
2025-07-31,S01,SEED-0078,42,32,65
2025-07-31,S02,SEED-0078,62,35,132
2025-07-31,S03,SEED-0078,71,5,61
2025-07-31,S06,SEED-0078,63,40,73
2025-07-31,S01,FUEL-0079,14,29,182
2025-07-31,S02,FUEL-0079,85,26,108
2025-07-31,S03,FUEL-0079,61,17,109
2025-07-31,S04,FUEL-0079,88,34,140
2025-07-31,S01,FUEL-0080,54,7,87
2025-07-31,S03,FUEL-0080,26,10,92
2025-07-31,S04,FUEL-0080,107,6,143
2025-07-31,S02,FEED-0081,80,28,82
2025-07-31,S05,FEED-0081,50,35,138
2025-07-31,S06,FEED-0081,74,27,172
2025-07-31,S01,SEED-0082,53,15,134
2025-07-31,S02,SEED-0082,37,20,53
2025-07-31,S04,SEED-0082,77,5,78
2025-07-31,S05,SEED-0082,81,20,97
2025-07-31,S06,SEED-0082,63,13,158
2025-07-31,S02,HDWR-0083,44,6,69
2025-07-31,S04,HDWR-0083,122,36,150
2025-07-31,S06,HDWR-0083,11,5,82
2025-07-31,S01,TIRE-0084,30,21,53
2025-07-31,S02,TIRE-0084,22,31,151
2025-07-31,S03,TIRE-0084,131,27,154
2025-07-31,S05,TIRE-0084,65,38,91
2025-07-31,S01,FEED-0085,28,19,90
2025-07-31,S02,FEED-0085,49,14,118
2025-07-31,S04,FEED-0085,103,18,103
2025-07-31,S06,FEED-0085,52,19,58
2025-07-31,S02,TIRE-0086,48,26,152
2025-07-31,S03,TIRE-0087,43,16,52
2025-07-31,S04,TIRE-0087,43,8,43
2025-07-31,S05,TIRE-0087,40,16,129
2025-07-31,S01,HDWR-0088,124,5,146
2025-07-31,S02,HDWR-0088,46,19,78
2025-07-31,S05,HDWR-0088,112,5,124
2025-07-31,S01,TIRE-0089,82,31,94
2025-07-31,S03,TIRE-0089,84,36,163
2025-07-31,S04,TIRE-0089,108,16,129
2025-07-31,S05,TIRE-0089,162,29,183
2025-07-31,S06,TIRE-0089,49,21,73
2025-07-31,S02,LUBE-0090,165,19,176
2025-07-31,S03,LUBE-0090,113,30,139
2025-07-31,S01,FUEL-0091,131,40,190
2025-07-31,S02,FUEL-0091,81,24,95
2025-07-31,S03,FUEL-0091,81,17,165
2025-07-31,S05,FUEL-0091,39,21,98
2025-07-31,S06,FUEL-0091,108,39,198
2025-07-31,S01,LUBE-0092,175,19,177
2025-07-31,S02,LUBE-0092,38,14,61
2025-07-31,S05,LUBE-0092,70,10,143
2025-07-31,S06,LUBE-0092,76,28,81
2025-07-31,S01,HDWR-0093,50,28,148
2025-07-31,S02,HDWR-0093,48,35,73
2025-07-31,S04,HDWR-0093,153,12,160
2025-07-31,S05,HDWR-0093,94,40,141
2025-07-31,S02,HDWR-0094,49,21,53
2025-07-31,S03,HDWR-0094,77,39,80
2025-07-31,S04,HDWR-0094,66,40,87
2025-07-31,S06,HDWR-0094,93,29,96
2025-07-31,S02,FEED-0095,92,32,109
2025-07-31,S03,FEED-0095,92,28,183
2025-07-31,S04,FEED-0095,42,13,101
2025-07-31,S06,FEED-0095,110,34,135
2025-07-31,S01,SEED-0096,47,40,145
2025-07-31,S04,SEED-0096,84,21,122
2025-07-31,S05,SEED-0096,64,33,120
2025-07-31,S06,SEED-0096,120,37,140
2025-07-31,S01,FEED-0097,37,36,66
2025-07-31,S03,FEED-0097,60,9,79
2025-07-31,S04,FEED-0097,20,14,173
2025-07-31,S06,FEED-0097,62,33,79
2025-07-31,S02,SEED-0098,188,23,183
2025-07-31,S03,SEED-0098,96,14,135
2025-07-31,S04,SEED-0098,29,37,168
2025-07-31,S05,SEED-0098,17,6,51
2025-07-31,S06,SEED-0098,63,39,94
2025-07-31,S01,LUBE-0099,124,24,153
2025-07-31,S02,LUBE-0099,85,26,123
2025-07-31,S04,LUBE-0099,89,14,149
2025-07-31,S05,LUBE-0099,78,8,146
2025-07-31,S06,LUBE-0099,37,16,76
2025-07-31,S01,SEED-0100,94,15,125
2025-07-31,S02,SEED-0100,38,32,175
2025-07-31,S03,SEED-0100,68,14,98
2025-07-31,S04,SEED-0100,29,25,165
2025-07-31,S05,SEED-0100,38,31,155
2025-07-31,S06,SEED-0100,54,19,164
2025-07-31,S01,FUEL-0101,65,38,157
2025-07-31,S02,FUEL-0101,157,10,163
2025-07-31,S03,FUEL-0101,31,23,82
2025-07-31,S04,FUEL-0101,53,17,102
2025-07-31,S05,FUEL-0101,108,39,185
2025-07-31,S06,FUEL-0101,105,33,117
2025-07-31,S02,FEED-0102,67,38,96
2025-07-31,S03,FEED-0102,101,19,151
2025-07-31,S05,FEED-0102,117,30,94
2025-07-31,S06,FEED-0102,91,39,108
2025-07-31,S01,HDWR-0103,23,6,159
2025-07-31,S02,HDWR-0103,227,25,159
2025-07-31,S04,HDWR-0103,71,10,102
2025-07-31,S06,HDWR-0103,36,11,74
2025-07-31,S02,FEED-0104,47,23,74
2025-07-31,S03,FEED-0104,88,14,131
2025-07-31,S04,FEED-0104,74,21,138
2025-07-31,S02,TIRE-0105,26,27,72
2025-07-31,S04,TIRE-0105,78,29,91
2025-07-31,S01,FEED-0106,76,28,135
2025-07-31,S02,FEED-0106,47,13,91
2025-07-31,S03,FEED-0106,76,27,91
2025-07-31,S04,FEED-0106,32,31,63
2025-07-31,S05,FEED-0106,122,22,174
2025-07-31,S06,FEED-0106,26,14,103
2025-07-31,S01,HDWR-0107,77,7,97
2025-07-31,S02,HDWR-0107,79,13,122
2025-07-31,S04,HDWR-0107,82,34,102
2025-07-31,S05,HDWR-0107,33,10,66
2025-07-31,S02,SEED-0108,23,5,41
2025-07-31,S04,SEED-0108,95,12,165
2025-07-31,S05,SEED-0108,42,23,57
2025-07-31,S01,FUEL-0109,86,22,102
2025-07-31,S03,FUEL-0109,65,36,97
2025-07-31,S04,FUEL-0109,98,38,174
2025-07-31,S05,FUEL-0109,40,30,83
2025-07-31,S06,FUEL-0109,0,20,158
2025-07-31,S02,HDWR-0110,33,26,60
2025-07-31,S05,HDWR-0110,97,5,141
2025-07-31,S06,HDWR-0110,93,29,183
2025-07-31,S01,SEED-0111,0,15,62
2025-07-31,S02,SEED-0111,25,9,57
2025-07-31,S03,SEED-0111,92,17,152
2025-07-31,S02,LUBE-0112,81,36,79
2025-07-31,S03,LUBE-0112,50,23,134
2025-07-31,S04,LUBE-0112,58,18,53
2025-07-31,S06,LUBE-0112,28,10,44
2025-07-31,S02,HDWR-0113,150,12,145
2025-07-31,S04,HDWR-0113,22,5,76
2025-07-31,S06,HDWR-0113,31,23,54
2025-07-31,S01,SEED-0114,22,6,117
2025-07-31,S02,SEED-0114,66,10,114
2025-07-31,S03,SEED-0114,58,29,98
2025-07-31,S05,SEED-0114,84,18,136
2025-07-31,S06,SEED-0114,47,22,61
2025-07-31,S01,FEED-0115,30,11,154
2025-07-31,S04,FEED-0115,39,20,83
2025-07-31,S05,FEED-0115,137,27,144
2025-07-31,S03,FEED-0116,76,8,136
2025-07-31,S04,FEED-0116,41,37,78
2025-07-31,S06,FEED-0116,67,39,91
2025-07-31,S03,FUEL-0117,44,27,64
2025-07-31,S04,FUEL-0117,59,30,91
2025-07-31,S05,FUEL-0117,185,37,186
2025-07-31,S01,SEED-0118,119,8,161
2025-07-31,S02,SEED-0118,67,40,107
2025-07-31,S03,SEED-0118,79,8,84
2025-07-31,S05,SEED-0118,80,38,103
2025-07-31,S01,TIRE-0119,21,27,62
2025-07-31,S02,TIRE-0119,48,22,170
2025-07-31,S03,TIRE-0119,50,38,124
2025-07-31,S05,TIRE-0119,0,5,142
2025-07-31,S06,TIRE-0119,170,5,144
2025-07-31,S01,LUBE-0120,58,14,81
2025-07-31,S02,LUBE-0120,63,18,90
2025-07-31,S03,LUBE-0120,149,25,182
2025-07-31,S04,LUBE-0120,50,34,73
2025-07-31,S05,LUBE-0120,36,6,52
2025-07-31,S06,LUBE-0120,138,39,182
2025-08-31,S01,LUBE-0001,155,33,190
2025-08-31,S02,LUBE-0001,79,34,193
2025-08-31,S04,LUBE-0001,81,37,120
2025-08-31,S05,LUBE-0001,36,13,43
2025-08-31,S06,LUBE-0001,51,13,128
2025-08-31,S01,LUBE-0002,80,39,165
2025-08-31,S02,LUBE-0002,116,20,152
2025-08-31,S03,LUBE-0002,75,6,146
2025-08-31,S04,LUBE-0002,44,36,157
2025-08-31,S02,FEED-0003,44,24,68
2025-08-31,S03,FEED-0003,151,10,130
2025-08-31,S04,FEED-0003,73,9,129
2025-08-31,S05,FEED-0003,79,39,122
2025-08-31,S06,FEED-0003,58,17,124
2025-08-31,S01,SEED-0004,40,23,100
2025-08-31,S03,SEED-0004,61,22,68
2025-08-31,S04,SEED-0004,89,18,163
2025-08-31,S05,SEED-0004,60,11,91
2025-08-31,S06,SEED-0004,84,37,97
2025-08-31,S01,TIRE-0005,66,29,149
2025-08-31,S02,TIRE-0005,26,28,96
2025-08-31,S04,TIRE-0005,160,17,156
2025-08-31,S06,TIRE-0005,71,6,102
2025-08-31,S01,HDWR-0006,19,5,52
2025-08-31,S02,HDWR-0006,78,25,185
2025-08-31,S04,HDWR-0006,62,23,113
2025-08-31,S05,HDWR-0006,65,28,185
2025-08-31,S06,HDWR-0006,54,19,128
2025-08-31,S01,SEED-0007,27,9,79
2025-08-31,S02,SEED-0007,108,40,173
2025-08-31,S03,SEED-0007,50,19,177
2025-08-31,S05,SEED-0007,38,32,101
2025-08-31,S03,TIRE-0008,65,19,135
2025-08-31,S04,TIRE-0008,69,9,90
2025-08-31,S05,TIRE-0008,71,34,69
2025-08-31,S06,TIRE-0008,79,24,127
2025-08-31,S05,TIRE-0009,58,16,132
2025-08-31,S06,TIRE-0009,154,37,160
2025-08-31,S01,LUBE-0010,24,18,104
2025-08-31,S02,LUBE-0010,42,22,95
2025-08-31,S03,LUBE-0010,36,27,68
2025-08-31,S05,LUBE-0010,92,15,140
2025-08-31,S01,HDWR-0011,28,20,131
2025-08-31,S03,HDWR-0011,24,28,139
2025-08-31,S04,HDWR-0011,43,15,48
2025-08-31,S05,HDWR-0011,71,20,161
2025-08-31,S06,HDWR-0011,41,37,119
2025-08-31,S01,TIRE-0012,79,29,115
2025-08-31,S03,TIRE-0012,101,35,188
2025-08-31,S04,TIRE-0012,72,34,136
2025-08-31,S06,TIRE-0012,9,22,178
2025-08-31,S01,SEED-0013,77,6,127
2025-08-31,S02,SEED-0013,49,23,65
2025-08-31,S03,SEED-0013,32,8,80
2025-08-31,S04,SEED-0013,88,37,106
2025-08-31,S06,SEED-0013,70,12,96
2025-08-31,S01,FEED-0014,95,19,164
2025-08-31,S02,FEED-0014,54,20,138
2025-08-31,S03,FEED-0014,110,19,100
2025-08-31,S04,FEED-0014,37,21,51
2025-08-31,S06,FEED-0014,77,34,156
2025-08-31,S01,FUEL-0015,35,31,69
2025-08-31,S04,FUEL-0015,46,27,186
2025-08-31,S05,FUEL-0015,42,9,44
2025-08-31,S06,FUEL-0015,112,9,112
2025-08-31,S01,FEED-0016,19,21,77
2025-08-31,S03,FEED-0016,24,15,50
2025-08-31,S04,FEED-0016,39,30,77
2025-08-31,S05,FEED-0016,55,10,60
2025-08-31,S06,FEED-0016,99,37,180
2025-08-31,S01,FUEL-0017,51,34,72
2025-08-31,S03,FUEL-0017,30,16,81
2025-08-31,S05,FUEL-0017,159,36,151
2025-08-31,S06,FUEL-0017,101,34,136
2025-08-31,S02,HDWR-0018,19,16,96
2025-08-31,S03,HDWR-0018,136,19,153
2025-08-31,S04,HDWR-0018,41,36,70
2025-08-31,S05,HDWR-0018,7,6,143
2025-08-31,S06,HDWR-0018,109,29,141
2025-08-31,S03,FUEL-0019,135,40,133
2025-08-31,S05,FUEL-0019,64,37,107
2025-08-31,S01,SEED-0020,114,37,181
2025-08-31,S02,SEED-0020,55,23,118
2025-08-31,S05,SEED-0020,57,31,82
2025-08-31,S01,TIRE-0021,106,23,174
2025-08-31,S02,TIRE-0021,46,19,80
2025-08-31,S03,TIRE-0021,95,34,138
2025-08-31,S06,TIRE-0021,32,12,67
2025-08-31,S02,HDWR-0022,46,39,75
2025-08-31,S03,HDWR-0022,81,8,118
2025-08-31,S04,HDWR-0022,22,26,184
2025-08-31,S05,HDWR-0022,39,30,75
2025-08-31,S06,HDWR-0022,63,17,95
2025-08-31,S01,FUEL-0023,49,19,54
2025-08-31,S02,FUEL-0023,81,16,82
2025-08-31,S05,FUEL-0023,77,37,139
2025-08-31,S02,TIRE-0024,121,25,169
2025-08-31,S03,TIRE-0024,74,14,101
2025-08-31,S04,TIRE-0024,70,18,87
2025-08-31,S06,TIRE-0024,33,16,47
2025-08-31,S03,FUEL-0025,20,25,71
2025-08-31,S05,FUEL-0025,54,30,104
2025-08-31,S06,FUEL-0025,69,31,135
2025-08-31,S01,LUBE-0026,123,36,191
2025-08-31,S03,LUBE-0026,70,9,130
2025-08-31,S04,LUBE-0026,113,13,167
2025-08-31,S05,LUBE-0026,51,30,86
2025-08-31,S06,LUBE-0026,63,27,181
2025-08-31,S01,LUBE-0027,39,12,45
2025-08-31,S04,LUBE-0027,64,32,144
2025-08-31,S05,LUBE-0027,89,14,81
2025-08-31,S01,FUEL-0028,114,37,166
2025-08-31,S02,FUEL-0028,36,11,154
2025-08-31,S03,FUEL-0028,66,5,147
2025-08-31,S04,FUEL-0028,40,5,38
2025-08-31,S05,FUEL-0028,61,40,80
2025-08-31,S01,FEED-0029,116,32,180
2025-08-31,S02,FEED-0029,103,25,102
2025-08-31,S04,FEED-0029,105,15,110
2025-08-31,S05,FEED-0029,91,24,144
2025-08-31,S06,FEED-0029,74,25,133
2025-08-31,S01,HDWR-0030,73,37,91
2025-08-31,S02,HDWR-0030,29,39,188
2025-08-31,S03,HDWR-0030,64,28,88
2025-08-31,S04,HDWR-0030,49,37,72
2025-08-31,S05,HDWR-0030,63,23,90
2025-08-31,S06,HDWR-0030,90,35,119
2025-08-31,S01,LUBE-0031,28,5,37
2025-08-31,S02,LUBE-0031,78,16,108
2025-08-31,S04,LUBE-0031,51,23,87
2025-08-31,S05,LUBE-0031,72,36,120
2025-08-31,S06,LUBE-0031,49,25,111
2025-08-31,S01,FEED-0032,86,9,169
2025-08-31,S03,FEED-0032,48,6,98
2025-08-31,S01,FEED-0033,42,11,104
2025-08-31,S02,FEED-0033,58,29,68
2025-08-31,S03,FEED-0033,55,8,153
2025-08-31,S06,FEED-0033,143,31,186
2025-08-31,S03,LUBE-0034,41,27,90
2025-08-31,S04,LUBE-0034,23,6,60
2025-08-31,S05,LUBE-0034,11,17,55
2025-08-31,S06,LUBE-0034,118,18,160
2025-08-31,S02,LUBE-0035,22,23,54
2025-08-31,S03,LUBE-0035,88,23,179
2025-08-31,S04,LUBE-0035,82,30,117
2025-08-31,S05,LUBE-0035,27,15,92
2025-08-31,S06,LUBE-0035,50,40,87
2025-08-31,S02,LUBE-0036,35,5,52
2025-08-31,S04,LUBE-0036,10,6,56
2025-08-31,S05,LUBE-0036,91,38,115
2025-08-31,S06,LUBE-0036,38,12,158
2025-08-31,S01,LUBE-0037,0,30,187
2025-08-31,S02,LUBE-0037,86,30,171
2025-08-31,S05,LUBE-0037,60,23,119
2025-08-31,S06,LUBE-0037,113,33,136
2025-08-31,S02,HDWR-0038,170,35,150
2025-08-31,S03,HDWR-0038,46,23,72
2025-08-31,S05,HDWR-0038,181,12,171
2025-08-31,S06,HDWR-0038,72,28,148
2025-08-31,S01,LUBE-0039,54,22,133
2025-08-31,S04,LUBE-0039,71,11,118
2025-08-31,S05,LUBE-0039,66,10,90
2025-08-31,S06,LUBE-0039,71,28,94
2025-08-31,S01,FEED-0040,41,8,105
2025-08-31,S04,FEED-0040,70,8,98
2025-08-31,S05,FEED-0040,73,16,154
2025-08-31,S06,FEED-0040,84,33,110
2025-08-31,S01,SEED-0041,83,13,146
2025-08-31,S03,SEED-0041,40,7,126
2025-08-31,S06,SEED-0041,56,10,87
2025-08-31,S01,SEED-0042,50,32,87
2025-08-31,S02,SEED-0042,49,21,89
2025-08-31,S03,SEED-0042,131,39,190
2025-08-31,S04,SEED-0042,53,16,86
2025-08-31,S05,SEED-0042,88,10,95
2025-08-31,S01,HDWR-0043,62,36,72
2025-08-31,S03,HDWR-0043,76,12,65
2025-08-31,S05,HDWR-0043,83,24,112
2025-08-31,S06,HDWR-0043,47,22,79
2025-08-31,S01,FEED-0044,21,17,76
2025-08-31,S02,FEED-0044,97,13,165
2025-08-31,S03,FEED-0044,92,15,175
2025-08-31,S04,FEED-0044,95,25,86
2025-08-31,S05,FEED-0044,17,30,76
2025-08-31,S06,FEED-0044,112,39,171
2025-08-31,S01,TIRE-0045,74,14,159
2025-08-31,S02,TIRE-0045,18,8,51
2025-08-31,S04,TIRE-0045,84,30,91
2025-08-31,S04,FUEL-0046,126,36,186
2025-08-31,S03,HDWR-0047,57,34,64
2025-08-31,S05,HDWR-0047,47,8,58
2025-08-31,S06,HDWR-0047,25,19,80
2025-08-31,S01,LUBE-0048,39,9,52
2025-08-31,S02,LUBE-0048,147,33,185
2025-08-31,S03,LUBE-0048,143,32,187
2025-08-31,S04,LUBE-0048,38,21,67
2025-08-31,S05,LUBE-0048,49,30,128
2025-08-31,S06,LUBE-0048,105,40,143
2025-08-31,S04,FUEL-0049,23,37,197
2025-08-31,S05,FUEL-0049,33,27,113
2025-08-31,S06,FUEL-0049,77,23,133
2025-08-31,S02,LUBE-0050,136,16,172
2025-08-31,S03,LUBE-0050,35,20,77
2025-08-31,S06,LUBE-0050,159,10,159
2025-08-31,S01,FUEL-0051,0,10,60
2025-08-31,S03,FUEL-0051,68,11,146
2025-08-31,S04,FUEL-0051,70,18,124
2025-08-31,S06,FUEL-0051,92,26,162
2025-08-31,S01,HDWR-0052,10,9,39
2025-08-31,S03,HDWR-0052,196,29,188
2025-08-31,S04,HDWR-0052,72,32,122
2025-08-31,S06,HDWR-0052,45,16,98
2025-08-31,S01,HDWR-0053,56,35,67
2025-08-31,S02,HDWR-0053,35,26,90
2025-08-31,S03,HDWR-0053,108,35,110
2025-08-31,S05,HDWR-0053,50,30,90
2025-08-31,S06,HDWR-0053,53,5,104
2025-08-31,S01,FEED-0054,108,37,186
2025-08-31,S03,FEED-0054,83,34,93
2025-08-31,S04,FEED-0054,116,9,135
2025-08-31,S05,FEED-0054,49,17,108
2025-08-31,S06,FEED-0054,40,16,54
2025-08-31,S01,SEED-0055,92,19,160
2025-08-31,S02,SEED-0055,35,27,96
2025-08-31,S03,SEED-0055,28,23,55
2025-08-31,S05,SEED-0055,98,19,140
2025-08-31,S06,SEED-0055,114,21,146
2025-08-31,S01,SEED-0056,102,20,104
2025-08-31,S05,SEED-0056,55,30,91
2025-08-31,S03,FEED-0057,56,32,75
2025-08-31,S04,FEED-0057,18,12,43
2025-08-31,S02,HDWR-0058,12,21,151
2025-08-31,S03,HDWR-0058,115,17,109
2025-08-31,S04,HDWR-0058,198,26,178
2025-08-31,S05,HDWR-0058,100,28,107
2025-08-31,S06,HDWR-0058,124,22,121
2025-08-31,S02,HDWR-0059,100,14,164
2025-08-31,S03,HDWR-0059,35,33,102
2025-08-31,S05,HDWR-0059,58,9,115
2025-08-31,S02,HDWR-0060,98,23,149
2025-08-31,S03,HDWR-0060,63,39,94
2025-08-31,S04,HDWR-0060,188,20,160
2025-08-31,S05,HDWR-0060,159,33,150
2025-08-31,S01,TIRE-0061,11,15,74
2025-08-31,S02,TIRE-0061,65,10,68
2025-08-31,S03,TIRE-0061,51,8,81
2025-08-31,S04,TIRE-0061,7,21,132
2025-08-31,S06,TIRE-0061,72,10,75
2025-08-31,S01,SEED-0062,147,24,162
2025-08-31,S05,SEED-0062,133,35,129
2025-08-31,S06,SEED-0062,74,7,62
2025-08-31,S01,SEED-0063,59,6,132
2025-08-31,S02,SEED-0063,52,19,99
2025-08-31,S03,SEED-0063,27,12,102
2025-08-31,S04,SEED-0063,146,38,172
2025-08-31,S05,SEED-0063,13,9,105
2025-08-31,S03,TIRE-0064,1,8,126
2025-08-31,S02,LUBE-0065,197,30,181
2025-08-31,S03,LUBE-0065,57,22,54
2025-08-31,S05,LUBE-0065,126,8,167
2025-08-31,S06,LUBE-0065,75,33,126
2025-08-31,S04,FUEL-0066,139,34,129
2025-08-31,S05,FUEL-0066,120,32,151
2025-08-31,S06,FUEL-0066,92,22,118
2025-08-31,S02,HDWR-0067,29,19,112
2025-08-31,S04,HDWR-0067,67,29,140
2025-08-31,S02,LUBE-0068,121,32,132
2025-08-31,S03,LUBE-0068,35,17,64
2025-08-31,S04,LUBE-0068,42,26,163
2025-08-31,S06,LUBE-0068,99,35,132
2025-08-31,S02,FUEL-0069,74,14,105
2025-08-31,S04,FUEL-0069,53,35,70
2025-08-31,S05,FUEL-0069,131,31,156
2025-08-31,S06,FUEL-0069,26,19,65
2025-08-31,S03,FEED-0070,91,19,109
2025-08-31,S05,FEED-0070,129,10,136
2025-08-31,S04,SEED-0071,48,26,86
2025-08-31,S06,FUEL-0072,61,29,117
2025-08-31,S01,TIRE-0073,83,38,152
2025-08-31,S02,TIRE-0073,35,16,54
2025-08-31,S03,TIRE-0073,82,20,151
2025-08-31,S05,TIRE-0073,40,40,136
2025-08-31,S01,FEED-0074,43,30,85
2025-08-31,S02,FEED-0074,122,34,110
2025-08-31,S04,FEED-0074,22,9,67
2025-08-31,S06,FEED-0074,141,32,148
2025-08-31,S01,FEED-0075,65,40,98
2025-08-31,S04,TIRE-0076,82,25,133
2025-08-31,S06,TIRE-0076,40,21,53
2025-08-31,S01,TIRE-0077,46,23,54
2025-08-31,S02,TIRE-0077,45,23,70
2025-08-31,S04,TIRE-0077,69,34,121
2025-08-31,S05,TIRE-0077,72,19,116
2025-08-31,S01,SEED-0078,74,10,91
2025-08-31,S03,SEED-0078,61,18,95
2025-08-31,S04,SEED-0078,109,12,171
2025-08-31,S06,SEED-0078,76,31,96
2025-08-31,S01,FUEL-0079,39,31,77
2025-08-31,S03,FUEL-0079,24,23,128
2025-08-31,S04,FUEL-0079,28,20,106
2025-08-31,S01,FUEL-0080,106,14,99
2025-08-31,S02,FUEL-0080,128,15,122
2025-08-31,S03,FUEL-0080,34,36,144
2025-08-31,S04,FUEL-0080,140,38,190
2025-08-31,S05,FUEL-0080,95,40,159
2025-08-31,S06,FUEL-0080,33,9,97
2025-08-31,S01,FEED-0081,113,33,180
2025-08-31,S02,FEED-0081,43,39,73
2025-08-31,S03,FEED-0081,63,11,158
2025-08-31,S04,FEED-0081,41,31,181
2025-08-31,S05,FEED-0081,33,18,159
2025-08-31,S06,FEED-0081,89,24,138
2025-08-31,S06,SEED-0082,29,11,71
2025-08-31,S01,HDWR-0083,69,21,157
2025-08-31,S02,HDWR-0083,62,19,111
2025-08-31,S04,HDWR-0083,47,17,120
2025-08-31,S06,HDWR-0083,52,13,114
2025-08-31,S01,TIRE-0084,80,36,94
2025-08-31,S02,TIRE-0084,82,16,131
2025-08-31,S03,TIRE-0084,26,11,42
2025-08-31,S04,TIRE-0084,81,9,144
2025-08-31,S03,FEED-0085,114,34,166
2025-08-31,S04,FEED-0085,93,6,147
2025-08-31,S05,FEED-0085,87,22,114
2025-08-31,S02,TIRE-0086,18,9,67
2025-08-31,S04,TIRE-0086,100,21,124
2025-08-31,S06,TIRE-0086,115,31,168
2025-08-31,S01,TIRE-0087,71,10,127
2025-08-31,S02,TIRE-0087,86,36,150
2025-08-31,S03,TIRE-0087,26,10,58
2025-08-31,S03,HDWR-0088,33,13,82
2025-08-31,S04,HDWR-0088,56,18,141
2025-08-31,S06,HDWR-0088,26,35,107
2025-08-31,S01,TIRE-0089,62,32,104
2025-08-31,S03,TIRE-0089,11,19,73
2025-08-31,S04,TIRE-0089,38,15,158
2025-08-31,S05,TIRE-0089,12,17,48
2025-08-31,S06,TIRE-0089,76,13,107
2025-08-31,S02,LUBE-0090,17,7,40
2025-08-31,S03,LUBE-0090,101,15,135
2025-08-31,S05,LUBE-0090,37,29,175
2025-08-31,S06,LUBE-0090,138,9,164
2025-08-31,S01,FUEL-0091,105,25,111
2025-08-31,S05,FUEL-0091,55,25,140
2025-08-31,S03,LUBE-0092,46,28,58
2025-08-31,S05,LUBE-0092,38,21,54
2025-08-31,S01,HDWR-0093,121,19,128
2025-08-31,S05,HDWR-0093,15,17,52
2025-08-31,S06,HDWR-0093,49,29,168
2025-08-31,S01,HDWR-0094,72,40,83
2025-08-31,S02,HDWR-0094,56,6,136
2025-08-31,S03,HDWR-0094,49,24,133
2025-08-31,S06,HDWR-0094,74,14,103
2025-08-31,S01,FEED-0095,23,5,70
2025-08-31,S02,FEED-0095,58,13,111
2025-08-31,S03,FEED-0095,84,26,139
2025-08-31,S04,FEED-0095,3,15,81
2025-08-31,S05,FEED-0095,29,6,86
2025-08-31,S06,FEED-0095,9,22,59
2025-08-31,S01,SEED-0096,75,5,51
2025-08-31,S02,SEED-0096,114,35,186
2025-08-31,S03,SEED-0096,138,19,159
2025-08-31,S04,SEED-0096,10,24,131
2025-08-31,S06,SEED-0096,5,12,145
2025-08-31,S01,FEED-0097,44,15,173
2025-08-31,S02,FEED-0097,171,36,182
2025-08-31,S03,FEED-0097,80,37,148
2025-08-31,S04,FEED-0097,56,17,139
2025-08-31,S05,FEED-0097,43,17,68
2025-08-31,S01,SEED-0098,23,30,68
2025-08-31,S02,SEED-0098,101,40,87
2025-08-31,S02,LUBE-0099,77,24,171
2025-08-31,S03,LUBE-0099,95,36,126
2025-08-31,S04,LUBE-0099,78,39,137
2025-08-31,S06,LUBE-0099,55,19,92
2025-08-31,S01,SEED-0100,168,38,194
2025-08-31,S02,SEED-0100,44,38,166
2025-08-31,S03,SEED-0100,92,35,125
2025-08-31,S04,SEED-0100,29,28,72
2025-08-31,S05,SEED-0100,65,11,135
2025-08-31,S05,FUEL-0101,37,10,156
2025-08-31,S06,FUEL-0101,12,23,89
2025-08-31,S01,FEED-0102,121,38,120
2025-08-31,S03,FEED-0102,39,10,74
2025-08-31,S04,FEED-0102,106,7,144
2025-08-31,S06,FEED-0102,75,26,159
2025-08-31,S01,HDWR-0103,48,27,179
2025-08-31,S04,HDWR-0103,32,18,122
2025-08-31,S05,HDWR-0103,69,22,152
2025-08-31,S06,HDWR-0103,33,18,60
2025-08-31,S01,FEED-0104,29,7,65
2025-08-31,S02,FEED-0104,83,15,169
2025-08-31,S03,FEED-0104,185,12,153
2025-08-31,S04,FEED-0104,84,35,133
2025-08-31,S05,FEED-0104,120,28,172
2025-08-31,S06,FEED-0104,49,28,79
2025-08-31,S02,TIRE-0105,89,21,138
2025-08-31,S03,TIRE-0105,31,13,65
2025-08-31,S05,TIRE-0105,87,20,180
2025-08-31,S06,TIRE-0105,48,40,76
2025-08-31,S02,FEED-0106,40,8,87
2025-08-31,S04,FEED-0106,59,28,140
2025-08-31,S05,FEED-0106,101,33,109
2025-08-31,S01,HDWR-0107,156,25,160
2025-08-31,S02,HDWR-0107,58,23,88
2025-08-31,S06,HDWR-0107,58,36,129
2025-08-31,S01,SEED-0108,46,33,85
2025-08-31,S03,SEED-0108,33,6,61
2025-08-31,S05,SEED-0108,41,19,83
2025-08-31,S01,FUEL-0109,45,15,108
2025-08-31,S03,FUEL-0109,101,21,132
2025-08-31,S05,FUEL-0109,115,26,158
2025-08-31,S06,FUEL-0109,53,24,79
2025-08-31,S01,HDWR-0110,85,10,141
2025-08-31,S03,HDWR-0110,97,29,106
2025-08-31,S05,HDWR-0110,59,36,102
2025-08-31,S06,HDWR-0110,197,18,157
2025-08-31,S01,SEED-0111,47,8,135
2025-08-31,S02,SEED-0111,8,10,41
2025-08-31,S05,SEED-0111,53,34,81
2025-08-31,S06,SEED-0111,65,9,144
2025-08-31,S01,LUBE-0112,59,28,109
2025-08-31,S02,LUBE-0112,65,39,161
2025-08-31,S03,LUBE-0112,53,9,132
2025-08-31,S04,LUBE-0112,31,8,81
2025-08-31,S05,LUBE-0112,66,28,118
2025-08-31,S06,LUBE-0112,57,26,58
2025-08-31,S01,HDWR-0113,53,25,98
2025-08-31,S02,HDWR-0113,8,8,144
2025-08-31,S04,HDWR-0113,78,31,92
2025-08-31,S05,HDWR-0113,49,18,95
2025-08-31,S01,SEED-0114,63,30,128
2025-08-31,S02,SEED-0114,62,32,113
2025-08-31,S03,SEED-0114,145,31,191
2025-08-31,S04,SEED-0114,39,17,60
2025-08-31,S01,FEED-0115,44,15,118
2025-08-31,S02,FEED-0115,32,16,69
2025-08-31,S03,FEED-0115,46,17,86
2025-08-31,S05,FEED-0115,103,9,162
2025-08-31,S06,FEED-0115,115,16,158
2025-08-31,S03,FEED-0116,111,6,136
2025-08-31,S04,FEED-0116,33,15,78
2025-08-31,S05,FEED-0116,30,8,67
2025-08-31,S06,FEED-0116,38,22,67
2025-08-31,S01,FUEL-0117,123,18,127
2025-08-31,S02,FUEL-0117,21,11,163
2025-08-31,S03,FUEL-0117,72,12,93
2025-08-31,S04,FUEL-0117,130,35,187
2025-08-31,S05,FUEL-0117,35,6,103
2025-08-31,S06,FUEL-0117,63,6,105
2025-08-31,S01,SEED-0118,75,32,165
2025-08-31,S02,SEED-0118,131,36,173
2025-08-31,S03,SEED-0118,52,20,53
2025-08-31,S04,SEED-0118,64,9,77
2025-08-31,S02,TIRE-0119,143,12,171
2025-08-31,S03,TIRE-0119,64,5,123
2025-08-31,S04,TIRE-0119,15,14,60
2025-08-31,S05,TIRE-0119,145,13,138
2025-08-31,S03,LUBE-0120,52,38,143
2025-08-31,S04,LUBE-0120,50,36,141
2025-09-30,S03,LUBE-0001,45,25,89
2025-09-30,S04,LUBE-0001,83,22,130
2025-09-30,S05,LUBE-0001,56,17,100
2025-09-30,S01,LUBE-0002,32,6,88
2025-09-30,S04,LUBE-0002,75,31,144
2025-09-30,S05,LUBE-0002,70,7,136
2025-09-30,S06,LUBE-0002,111,28,142
2025-09-30,S01,FEED-0003,19,13,172
2025-09-30,S02,FEED-0003,65,38,75
2025-09-30,S04,FEED-0003,68,5,150
2025-09-30,S05,FEED-0003,73,29,110
2025-09-30,S06,FEED-0003,0,6,163
2025-09-30,S02,SEED-0004,83,26,116
2025-09-30,S03,SEED-0004,97,34,156
2025-09-30,S04,SEED-0004,54,21,62
2025-09-30,S05,SEED-0004,127,25,117
2025-09-30,S06,SEED-0004,67,22,115
2025-09-30,S01,TIRE-0005,99,17,130
2025-09-30,S02,TIRE-0005,50,23,130
2025-09-30,S04,TIRE-0005,33,6,77
2025-09-30,S05,TIRE-0005,126,16,167
2025-09-30,S06,TIRE-0005,17,5,135
2025-09-30,S01,HDWR-0006,166,31,184
2025-09-30,S02,HDWR-0006,18,29,102
2025-09-30,S03,HDWR-0006,81,25,83
2025-09-30,S05,HDWR-0006,57,8,62
2025-09-30,S06,HDWR-0006,101,30,117
2025-09-30,S01,SEED-0007,56,36,69
2025-09-30,S02,SEED-0007,28,26,134
2025-09-30,S03,SEED-0007,40,26,82
2025-09-30,S04,SEED-0007,93,16,102
2025-09-30,S05,SEED-0007,142,39,176
2025-09-30,S03,TIRE-0008,58,15,84
2025-09-30,S04,TIRE-0008,59,37,83
2025-09-30,S05,TIRE-0008,46,11,72
2025-09-30,S06,TIRE-0008,35,27,65
2025-09-30,S01,TIRE-0009,41,39,95
2025-09-30,S02,TIRE-0009,49,25,184
2025-09-30,S03,TIRE-0009,18,38,95
2025-09-30,S05,TIRE-0009,44,19,133
2025-09-30,S06,TIRE-0009,95,30,108
2025-09-30,S04,LUBE-0010,68,40,110
2025-09-30,S06,LUBE-0010,103,25,119
2025-09-30,S01,HDWR-0011,80,36,100
2025-09-30,S05,HDWR-0011,113,32,139
2025-09-30,S06,HDWR-0011,50,32,183
2025-09-30,S01,TIRE-0012,41,16,58
2025-09-30,S03,TIRE-0012,50,30,123
2025-09-30,S04,TIRE-0012,97,33,139
2025-09-30,S05,TIRE-0012,93,11,89
2025-09-30,S06,TIRE-0012,0,10,63
2025-09-30,S01,SEED-0013,60,27,108
2025-09-30,S02,SEED-0013,104,19,150
2025-09-30,S04,SEED-0013,63,10,161
2025-09-30,S05,SEED-0013,72,34,151
2025-09-30,S06,SEED-0013,56,20,166
2025-09-30,S01,FEED-0014,28,18,67
2025-09-30,S02,FEED-0014,94,25,152
2025-09-30,S05,FEED-0014,105,21,172
2025-09-30,S06,FEED-0014,81,40,156
2025-09-30,S01,FUEL-0015,133,21,139
2025-09-30,S01,FEED-0016,49,31,107
2025-09-30,S03,FEED-0016,45,34,103
2025-09-30,S04,FEED-0016,151,5,136
2025-09-30,S05,FEED-0016,42,5,122
2025-09-30,S06,FEED-0016,44,6,93
2025-09-30,S01,FUEL-0017,46,31,61
2025-09-30,S03,FUEL-0017,81,7,108
2025-09-30,S04,FUEL-0017,20,9,72
2025-09-30,S06,FUEL-0017,78,16,166
2025-09-30,S01,HDWR-0018,61,38,159
2025-09-30,S02,HDWR-0018,37,14,149
2025-09-30,S03,HDWR-0018,113,8,118
2025-09-30,S06,HDWR-0018,31,21,75
2025-09-30,S03,FUEL-0019,69,30,90
2025-09-30,S04,FUEL-0019,43,26,82
2025-09-30,S03,SEED-0020,42,19,136
2025-09-30,S04,SEED-0020,40,11,41
2025-09-30,S05,SEED-0020,123,33,173
2025-09-30,S01,TIRE-0021,84,21,144
2025-09-30,S02,TIRE-0021,79,34,112
2025-09-30,S04,TIRE-0021,85,35,135
2025-09-30,S04,HDWR-0022,33,20,64
2025-09-30,S06,HDWR-0022,119,8,163
2025-09-30,S02,FUEL-0023,31,11,85
2025-09-30,S03,FUEL-0023,52,6,42
2025-09-30,S04,FUEL-0023,44,33,131
2025-09-30,S06,FUEL-0023,62,29,77
2025-09-30,S01,TIRE-0024,28,21,84
2025-09-30,S02,TIRE-0024,75,29,97
2025-09-30,S03,TIRE-0024,55,37,100
2025-09-30,S04,TIRE-0024,41,6,77
2025-09-30,S05,TIRE-0024,69,32,151
2025-09-30,S06,TIRE-0024,63,14,83
2025-09-30,S01,FUEL-0025,61,38,83
2025-09-30,S04,FUEL-0025,109,27,176
2025-09-30,S05,FUEL-0025,28,9,125
2025-09-30,S06,FUEL-0025,142,31,178
2025-09-30,S01,LUBE-0026,115,23,130
2025-09-30,S03,LUBE-0026,150,7,150
2025-09-30,S05,LUBE-0026,61,27,74
2025-09-30,S03,LUBE-0027,25,28,128
2025-09-30,S04,LUBE-0027,64,25,131
2025-09-30,S05,LUBE-0027,121,34,168
2025-09-30,S06,LUBE-0027,102,19,121
2025-09-30,S01,FUEL-0028,108,29,183
2025-09-30,S02,FUEL-0028,96,11,163
2025-09-30,S03,FUEL-0028,103,12,164
2025-09-30,S04,FUEL-0028,39,24,75
2025-09-30,S05,FUEL-0028,55,16,138
2025-09-30,S06,FUEL-0028,118,37,151
2025-09-30,S02,FEED-0029,39,5,58
2025-09-30,S05,FEED-0029,23,7,40
2025-09-30,S06,FEED-0029,20,11,48
2025-09-30,S01,HDWR-0030,93,40,133
2025-09-30,S03,HDWR-0030,53,7,145
2025-09-30,S04,HDWR-0030,34,9,157
2025-09-30,S06,HDWR-0030,61,36,78
2025-09-30,S01,LUBE-0031,160,39,197
2025-09-30,S02,LUBE-0031,43,7,80
2025-09-30,S03,LUBE-0031,124,23,106
2025-09-30,S04,LUBE-0031,99,35,139
2025-09-30,S05,LUBE-0031,103,37,123
2025-09-30,S01,FEED-0032,39,13,69
2025-09-30,S03,FEED-0032,72,20,93
2025-09-30,S05,FEED-0032,36,7,54
2025-09-30,S06,FEED-0032,58,37,108
2025-09-30,S02,FEED-0033,54,16,109
2025-09-30,S03,FEED-0033,72,23,102
2025-09-30,S04,FEED-0033,120,23,178
2025-09-30,S05,FEED-0033,53,40,108
2025-09-30,S02,LUBE-0034,49,9,104
2025-09-30,S03,LUBE-0034,89,7,113
2025-09-30,S04,LUBE-0034,1,17,132
2025-09-30,S05,LUBE-0034,76,32,76
2025-09-30,S01,LUBE-0035,80,34,86
2025-09-30,S02,LUBE-0035,109,30,153
2025-09-30,S04,LUBE-0035,35,6,49
2025-09-30,S05,LUBE-0035,89,10,116
2025-09-30,S06,LUBE-0035,136,35,181
2025-09-30,S02,LUBE-0036,79,6,117
2025-09-30,S05,LUBE-0036,20,10,88
2025-09-30,S06,LUBE-0036,79,36,104
2025-09-30,S01,LUBE-0037,29,11,56
2025-09-30,S03,LUBE-0037,42,28,187
2025-09-30,S04,LUBE-0037,45,25,76
2025-09-30,S05,LUBE-0037,32,14,74
2025-09-30,S06,LUBE-0037,275,34,175
2025-09-30,S01,HDWR-0038,50,8,96
2025-09-30,S02,HDWR-0038,7,20,116
2025-09-30,S03,HDWR-0038,84,31,131
2025-09-30,S04,HDWR-0038,121,10,141
2025-09-30,S06,HDWR-0038,102,6,122
2025-09-30,S04,LUBE-0039,31,5,162
2025-09-30,S05,LUBE-0039,51,11,106
2025-09-30,S01,FEED-0040,53,33,68
2025-09-30,S02,FEED-0040,219,7,166
2025-09-30,S04,FEED-0040,58,35,141
2025-09-30,S05,FEED-0040,10,13,131
2025-09-30,S01,SEED-0041,134,34,175
2025-09-30,S02,SEED-0041,94,20,105
2025-09-30,S03,SEED-0041,98,25,113
2025-09-30,S04,SEED-0041,56,33,78
2025-09-30,S05,SEED-0041,53,13,135
2025-09-30,S06,SEED-0041,75,21,126
2025-09-30,S01,SEED-0042,38,6,85
2025-09-30,S02,SEED-0042,159,30,173
2025-09-30,S04,SEED-0042,41,11,53
2025-09-30,S06,SEED-0042,71,33,86
2025-09-30,S01,HDWR-0043,53,31,80
2025-09-30,S02,HDWR-0043,104,28,160
2025-09-30,S03,HDWR-0043,28,10,41
2025-09-30,S02,FEED-0044,110,18,96
2025-09-30,S04,FEED-0044,63,13,79
2025-09-30,S05,FEED-0044,45,11,62
2025-09-30,S06,FEED-0044,77,35,88
2025-09-30,S01,TIRE-0045,81,38,155
2025-09-30,S03,TIRE-0045,74,33,100
2025-09-30,S04,TIRE-0045,60,29,93
2025-09-30,S01,FUEL-0046,109,16,172
2025-09-30,S02,FUEL-0046,79,37,110
2025-09-30,S04,FUEL-0046,60,18,119
2025-09-30,S05,FUEL-0046,35,15,69
2025-09-30,S06,FUEL-0046,36,16,89
2025-09-30,S02,HDWR-0047,47,7,118
2025-09-30,S03,HDWR-0047,72,23,116
2025-09-30,S05,HDWR-0047,73,23,102
2025-09-30,S01,LUBE-0048,64,23,108
2025-09-30,S03,LUBE-0048,22,12,48
2025-09-30,S05,LUBE-0048,88,40,139
2025-09-30,S06,LUBE-0048,62,10,143
2025-09-30,S01,FUEL-0049,71,34,105
2025-09-30,S03,FUEL-0049,86,28,83
2025-09-30,S04,FUEL-0049,90,7,155
2025-09-30,S06,FUEL-0049,91,23,107
2025-09-30,S01,LUBE-0050,111,35,138
2025-09-30,S02,LUBE-0050,108,24,161
2025-09-30,S01,FUEL-0051,0,7,67
2025-09-30,S02,FUEL-0051,44,10,98
2025-09-30,S03,FUEL-0051,13,5,36
2025-09-30,S04,FUEL-0051,60,11,85
2025-09-30,S05,FUEL-0051,98,15,141
2025-09-30,S06,FUEL-0051,30,29,87
2025-09-30,S01,HDWR-0052,30,12,135
2025-09-30,S02,HDWR-0052,63,23,86
2025-09-30,S04,HDWR-0052,171,37,147
2025-09-30,S05,HDWR-0052,122,24,171
2025-09-30,S06,HDWR-0052,55,15,95
2025-09-30,S03,HDWR-0053,31,6,62
2025-09-30,S02,SEED-0055,100,37,105
2025-09-30,S03,SEED-0055,77,28,77
2025-09-30,S05,SEED-0055,98,5,122
2025-09-30,S06,SEED-0055,60,19,136
2025-09-30,S01,SEED-0056,65,11,110
2025-09-30,S02,SEED-0056,76,24,143
2025-09-30,S04,SEED-0056,158,40,170
2025-09-30,S01,FEED-0057,103,21,176
2025-09-30,S02,FEED-0057,41,35,129
2025-09-30,S05,FEED-0057,47,21,164
2025-09-30,S06,FEED-0057,44,19,79
2025-09-30,S01,HDWR-0058,52,23,74
2025-09-30,S02,HDWR-0058,201,25,173
2025-09-30,S04,HDWR-0058,53,27,70
2025-09-30,S05,HDWR-0058,78,31,123
2025-09-30,S01,HDWR-0059,60,32,175
2025-09-30,S02,HDWR-0059,93,26,112
2025-09-30,S03,HDWR-0059,52,27,73
2025-09-30,S04,HDWR-0059,99,30,122
2025-09-30,S05,HDWR-0059,25,18,98
2025-09-30,S01,HDWR-0060,59,27,79
2025-09-30,S02,HDWR-0060,57,37,92
2025-09-30,S03,HDWR-0060,137,31,155
2025-09-30,S05,HDWR-0060,141,5,120
2025-09-30,S06,HDWR-0060,73,17,84
2025-09-30,S01,TIRE-0061,44,22,154
2025-09-30,S02,TIRE-0061,104,30,112
2025-09-30,S03,TIRE-0061,36,7,77
2025-09-30,S04,TIRE-0061,154,33,163
2025-09-30,S05,TIRE-0061,72,31,84
2025-09-30,S01,SEED-0062,31,12,47
2025-09-30,S02,SEED-0062,45,24,62
2025-09-30,S04,SEED-0062,51,19,156
2025-09-30,S06,SEED-0062,64,20,66
2025-09-30,S01,SEED-0063,17,39,149
2025-09-30,S02,SEED-0063,93,25,124
2025-09-30,S03,SEED-0063,16,16,50
2025-09-30,S04,SEED-0063,75,8,154
2025-09-30,S05,SEED-0063,140,38,167
2025-09-30,S06,SEED-0063,108,19,170
2025-09-30,S01,TIRE-0064,48,10,62
2025-09-30,S02,TIRE-0064,18,8,150
2025-09-30,S04,TIRE-0064,25,16,174
2025-09-30,S05,TIRE-0064,179,34,185
2025-09-30,S01,LUBE-0065,104,5,127
2025-09-30,S02,LUBE-0065,74,10,72
2025-09-30,S03,LUBE-0065,38,31,62
2025-09-30,S04,LUBE-0065,146,32,182
2025-09-30,S01,FUEL-0066,0,11,159
2025-09-30,S02,FUEL-0066,54,7,104
2025-09-30,S04,FUEL-0066,58,37,108
2025-09-30,S05,FUEL-0066,93,33,102
2025-09-30,S06,FUEL-0066,67,12,133
2025-09-30,S01,HDWR-0067,109,9,160
2025-09-30,S02,HDWR-0067,67,30,157
2025-09-30,S03,HDWR-0067,79,13,135
2025-09-30,S04,HDWR-0067,135,27,142
2025-09-30,S06,HDWR-0067,30,37,125
2025-09-30,S04,LUBE-0068,90,27,115
2025-09-30,S05,LUBE-0068,68,20,77
2025-09-30,S06,LUBE-0068,118,28,121
2025-09-30,S01,FUEL-0069,108,29,153
2025-09-30,S05,FUEL-0069,13,7,145
2025-09-30,S06,FUEL-0069,77,16,139
2025-09-30,S01,FEED-0070,51,37,176
2025-09-30,S02,FEED-0070,46,29,180
2025-09-30,S04,FEED-0070,108,33,156
2025-09-30,S05,FEED-0070,61,7,153
2025-09-30,S06,FEED-0070,159,38,164
2025-09-30,S01,SEED-0071,106,19,119
2025-09-30,S02,SEED-0071,87,21,144
2025-09-30,S06,SEED-0071,21,8,40
2025-09-30,S01,FUEL-0072,63,32,71
2025-09-30,S02,FUEL-0072,179,38,146
2025-09-30,S04,FUEL-0072,149,22,154
2025-09-30,S06,FUEL-0072,95,35,114
2025-09-30,S03,TIRE-0073,48,40,170
2025-09-30,S04,TIRE-0073,29,21,69
2025-09-30,S06,TIRE-0073,66,6,149
2025-09-30,S01,FEED-0074,38,17,60
2025-09-30,S02,FEED-0074,97,10,111
2025-09-30,S03,FEED-0074,100,8,148
2025-09-30,S04,FEED-0074,99,29,101
2025-09-30,S05,FEED-0074,69,33,170
2025-09-30,S01,FEED-0075,233,30,187
2025-09-30,S02,FEED-0075,67,24,97
2025-09-30,S03,TIRE-0076,147,14,151
2025-09-30,S05,TIRE-0076,21,12,44
2025-09-30,S06,TIRE-0076,177,39,191
2025-09-30,S01,TIRE-0077,21,8,116
2025-09-30,S04,TIRE-0077,66,31,118
2025-09-30,S01,SEED-0078,37,7,159
2025-09-30,S02,SEED-0078,29,23,90
2025-09-30,S01,FUEL-0079,24,25,88
2025-09-30,S03,FUEL-0079,55,21,114
2025-09-30,S04,FUEL-0079,122,12,172
2025-09-30,S05,FUEL-0079,176,17,167
2025-09-30,S06,FUEL-0079,104,35,143
2025-09-30,S02,FUEL-0080,92,32,100
2025-09-30,S03,FUEL-0080,128,37,145
2025-09-30,S04,FUEL-0080,73,38,136
2025-09-30,S05,FUEL-0080,89,19,156
2025-09-30,S06,FUEL-0080,66,11,167
2025-09-30,S01,FEED-0081,39,30,76
2025-09-30,S02,FEED-0081,66,21,80
2025-09-30,S06,FEED-0081,17,5,38
2025-09-30,S04,SEED-0082,32,19,166
2025-09-30,S01,HDWR-0083,114,9,97
2025-09-30,S03,HDWR-0083,60,38,121
2025-09-30,S05,HDWR-0083,53,11,150
2025-09-30,S01,TIRE-0084,111,28,134
2025-09-30,S03,TIRE-0084,63,28,118
2025-09-30,S04,TIRE-0084,94,24,93
2025-09-30,S05,TIRE-0084,85,25,126
2025-09-30,S06,TIRE-0084,19,5,38
2025-09-30,S01,FEED-0085,18,14,79
2025-09-30,S02,FEED-0085,109,26,134
2025-09-30,S03,FEED-0085,44,32,110
2025-09-30,S04,FEED-0085,46,37,127
2025-09-30,S05,FEED-0085,33,13,129
2025-09-30,S01,TIRE-0086,106,37,125
2025-09-30,S02,TIRE-0086,156,20,127
2025-09-30,S03,TIRE-0086,34,10,48
2025-09-30,S04,TIRE-0086,113,31,134
2025-09-30,S05,TIRE-0086,78,28,133
2025-09-30,S06,TIRE-0086,144,33,149
2025-09-30,S01,TIRE-0087,102,23,145
2025-09-30,S04,TIRE-0087,59,6,66
2025-09-30,S05,TIRE-0087,128,37,149
2025-09-30,S06,TIRE-0087,36,18,84
2025-09-30,S01,HDWR-0088,49,38,106
2025-09-30,S02,HDWR-0088,91,38,183
2025-09-30,S03,HDWR-0088,6,7,156
2025-09-30,S05,HDWR-0088,32,19,76
2025-09-30,S01,TIRE-0089,69,15,101
2025-09-30,S02,TIRE-0089,109,18,115
2025-09-30,S03,TIRE-0089,79,36,109
2025-09-30,S04,TIRE-0089,136,14,128
2025-09-30,S05,TIRE-0089,136,37,140
2025-09-30,S06,TIRE-0089,23,11,107
2025-09-30,S01,LUBE-0090,52,36,158
2025-09-30,S02,LUBE-0090,47,31,68
2025-09-30,S03,LUBE-0090,80,34,141
2025-09-30,S05,LUBE-0090,102,9,151
2025-09-30,S06,LUBE-0090,34,6,45
2025-09-30,S01,FUEL-0091,82,20,137
2025-09-30,S02,FUEL-0091,132,35,148
2025-09-30,S04,FUEL-0091,56,13,114
2025-09-30,S05,FUEL-0091,175,40,196
2025-09-30,S06,FUEL-0091,39,20,158
2025-09-30,S01,LUBE-0092,41,7,47
2025-09-30,S03,LUBE-0092,55,28,149
2025-09-30,S04,LUBE-0092,175,16,175
2025-09-30,S05,LUBE-0092,87,34,106
2025-09-30,S06,LUBE-0092,67,35,72
2025-09-30,S02,HDWR-0093,55,13,72
2025-09-30,S03,HDWR-0093,32,13,105
2025-09-30,S04,HDWR-0093,150,39,198
2025-09-30,S05,HDWR-0093,29,22,116
2025-09-30,S06,HDWR-0093,64,10,155
2025-09-30,S02,HDWR-0094,25,13,50
2025-09-30,S03,HDWR-0094,62,40,77
2025-09-30,S04,HDWR-0094,78,15,161
2025-09-30,S05,HDWR-0094,129,28,156
2025-09-30,S06,HDWR-0094,177,13,171
2025-09-30,S01,FEED-0095,60,20,124
2025-09-30,S03,FEED-0095,44,26,60
2025-09-30,S04,FEED-0095,76,5,125
2025-09-30,S06,FEED-0095,155,23,142
2025-09-30,S01,SEED-0096,110,19,144
2025-09-30,S04,SEED-0096,35,29,103
2025-09-30,S05,SEED-0096,170,15,154
2025-09-30,S01,FEED-0097,137,28,123
2025-09-30,S02,FEED-0097,158,16,175
2025-09-30,S03,FEED-0097,55,8,74
2025-09-30,S04,FEED-0097,60,10,95
2025-09-30,S05,FEED-0097,67,15,98
2025-09-30,S06,FEED-0097,102,33,134
2025-09-30,S01,SEED-0098,142,23,137
2025-09-30,S03,SEED-0098,131,5,150
2025-09-30,S04,SEED-0098,150,31,170
2025-09-30,S05,SEED-0098,76,23,126
2025-09-30,S06,SEED-0098,30,13,43
2025-09-30,S01,LUBE-0099,75,19,143
2025-09-30,S02,LUBE-0099,69,14,104
2025-09-30,S03,LUBE-0099,83,37,147
2025-09-30,S05,LUBE-0099,44,32,62
2025-09-30,S06,LUBE-0099,57,11,83
2025-09-30,S01,SEED-0100,78,13,133
2025-09-30,S02,SEED-0100,53,22,153
2025-09-30,S03,SEED-0100,65,36,144
2025-09-30,S05,SEED-0100,76,9,107
2025-09-30,S06,FUEL-0101,15,9,59
2025-09-30,S01,FEED-0102,152,33,158
2025-09-30,S02,FEED-0102,0,5,110
2025-09-30,S03,FEED-0102,85,21,94
2025-09-30,S05,FEED-0102,21,14,172
2025-09-30,S06,FEED-0102,40,31,61
2025-09-30,S02,HDWR-0103,46,23,59
2025-09-30,S03,HDWR-0103,63,40,185
2025-09-30,S04,HDWR-0103,59,17,100
2025-09-30,S06,HDWR-0103,73,34,165
2025-09-30,S01,FEED-0104,23,10,53
2025-09-30,S02,FEED-0104,20,17,56
2025-09-30,S04,FEED-0104,151,32,170
2025-09-30,S05,FEED-0104,37,27,119
2025-09-30,S06,FEED-0104,34,40,89
2025-09-30,S01,TIRE-0105,71,27,175
2025-09-30,S02,TIRE-0105,102,11,154
2025-09-30,S03,TIRE-0105,90,39,111
2025-09-30,S04,TIRE-0105,66,40,161
2025-09-30,S06,TIRE-0105,105,20,114
2025-09-30,S01,FEED-0106,130,33,123
2025-09-30,S02,FEED-0106,42,21,52
2025-09-30,S03,FEED-0106,96,16,170
2025-09-30,S04,FEED-0106,67,22,162
2025-09-30,S02,HDWR-0107,90,31,121
2025-09-30,S03,HDWR-0107,24,9,45
2025-09-30,S04,HDWR-0107,57,37,135
2025-09-30,S05,HDWR-0107,53,17,104
2025-09-30,S06,HDWR-0107,75,38,93
2025-09-30,S03,SEED-0108,62,30,130
2025-09-30,S04,SEED-0108,69,32,84
2025-09-30,S02,FUEL-0109,38,33,89
2025-09-30,S03,FUEL-0109,30,17,49
2025-09-30,S05,FUEL-0109,86,9,87
2025-09-30,S06,FUEL-0109,137,33,145
2025-09-30,S03,HDWR-0110,90,11,164
2025-09-30,S05,HDWR-0110,83,36,97
2025-09-30,S02,SEED-0111,33,23,68
2025-09-30,S03,SEED-0111,111,10,139
2025-09-30,S05,SEED-0111,71,28,126
2025-09-30,S06,SEED-0111,32,35,100
2025-09-30,S02,LUBE-0112,76,17,173
2025-09-30,S04,LUBE-0112,42,32,89
2025-09-30,S05,LUBE-0112,101,40,121
2025-09-30,S06,LUBE-0112,53,25,59
2025-09-30,S02,HDWR-0113,134,15,172
2025-09-30,S04,HDWR-0113,73,30,130
2025-09-30,S05,HDWR-0113,39,30,77
2025-09-30,S06,HDWR-0113,141,7,129
2025-09-30,S02,SEED-0114,84,36,154
2025-09-30,S06,SEED-0114,68,40,84
2025-09-30,S01,FEED-0115,104,5,160
2025-09-30,S03,FEED-0115,29,18,134
2025-09-30,S04,FEED-0115,85,40,138
2025-09-30,S05,FEED-0115,168,12,145
2025-09-30,S06,FEED-0115,10,10,112
2025-09-30,S02,FEED-0116,53,19,94
2025-09-30,S04,FEED-0116,43,12,107
2025-09-30,S05,FEED-0116,118,36,133
2025-09-30,S06,FEED-0116,116,11,133
2025-09-30,S01,FUEL-0117,60,29,141
2025-09-30,S02,FUEL-0117,134,35,120
2025-09-30,S03,FUEL-0117,32,16,51
2025-09-30,S04,FUEL-0117,100,17,115
2025-09-30,S01,SEED-0118,0,6,110
2025-09-30,S04,SEED-0118,99,38,194
2025-09-30,S05,SEED-0118,180,13,111
2025-09-30,S06,SEED-0118,49,18,61
2025-09-30,S02,TIRE-0119,80,35,120
2025-09-30,S03,TIRE-0119,103,16,127
2025-09-30,S04,TIRE-0119,68,14,146
2025-09-30,S05,TIRE-0119,77,27,182
2025-09-30,S06,TIRE-0119,41,9,131
2025-09-30,S02,LUBE-0120,95,20,153
2025-09-30,S04,LUBE-0120,50,29,69
2025-09-30,S05,LUBE-0120,82,22,113
2025-09-30,S06,LUBE-0120,84,31,103
2025-10-31,S01,LUBE-0001,135,18,153
2025-10-31,S02,LUBE-0001,143,26,168
2025-10-31,S03,LUBE-0001,37,5,48
2025-10-31,S04,LUBE-0001,45,6,130
2025-10-31,S06,LUBE-0001,143,40,194
2025-10-31,S01,LUBE-0002,56,38,106
2025-10-31,S03,LUBE-0002,29,18,97
2025-10-31,S04,LUBE-0002,54,11,103
2025-10-31,S05,LUBE-0002,60,10,123
2025-10-31,S06,LUBE-0002,56,20,89
2025-10-31,S01,FEED-0003,57,31,86
2025-10-31,S02,FEED-0003,85,29,106
2025-10-31,S02,SEED-0004,48,13,58
2025-10-31,S03,SEED-0004,61,38,96
2025-10-31,S05,SEED-0004,110,40,164
2025-10-31,S06,SEED-0004,14,8,64
2025-10-31,S01,TIRE-0005,165,31,181
2025-10-31,S03,TIRE-0005,32,15,155
2025-10-31,S05,TIRE-0005,26,31,168
2025-10-31,S06,TIRE-0005,74,7,89
2025-10-31,S01,HDWR-0006,136,18,152
2025-10-31,S02,HDWR-0006,26,16,51
2025-10-31,S03,HDWR-0006,36,9,79
2025-10-31,S04,HDWR-0006,33,18,66
2025-10-31,S05,HDWR-0006,56,36,120
2025-10-31,S06,HDWR-0006,43,26,67
2025-10-31,S01,SEED-0007,36,5,105
2025-10-31,S02,SEED-0007,41,19,54
2025-10-31,S03,SEED-0007,92,6,150
2025-10-31,S05,SEED-0007,66,38,113
2025-10-31,S06,SEED-0007,157,18,138
2025-10-31,S01,TIRE-0008,8,14,51
2025-10-31,S03,TIRE-0008,40,6,63
2025-10-31,S05,TIRE-0008,4,22,87
2025-10-31,S01,TIRE-0009,49,28,60
2025-10-31,S02,TIRE-0009,76,11,133
2025-10-31,S03,TIRE-0009,98,39,198
2025-10-31,S04,TIRE-0009,44,13,47
2025-10-31,S05,TIRE-0009,85,20,154
2025-10-31,S06,TIRE-0009,98,20,118
2025-10-31,S02,LUBE-0010,44,16,61
2025-10-31,S03,LUBE-0010,55,7,54
2025-10-31,S04,LUBE-0010,68,11,133
2025-10-31,S01,HDWR-0011,50,15,107
2025-10-31,S02,HDWR-0011,71,30,167
2025-10-31,S04,HDWR-0011,163,23,163
2025-10-31,S02,TIRE-0012,17,8,64
2025-10-31,S05,TIRE-0012,158,30,149
2025-10-31,S02,SEED-0013,129,28,186
2025-10-31,S04,SEED-0013,161,17,153
2025-10-31,S06,SEED-0013,20,12,108
2025-10-31,S01,FEED-0014,133,26,180
2025-10-31,S02,FEED-0014,51,18,111
2025-10-31,S03,FEED-0014,66,36,83
2025-10-31,S04,FEED-0014,80,32,92
2025-10-31,S05,FEED-0014,96,33,182
2025-10-31,S01,FUEL-0015,52,35,77
2025-10-31,S02,FUEL-0015,90,10,159
2025-10-31,S03,FUEL-0015,54,17,115
2025-10-31,S04,FUEL-0015,85,8,122
2025-10-31,S05,FUEL-0015,39,15,112
2025-10-31,S01,FEED-0016,82,22,85
2025-10-31,S02,FEED-0016,100,37,142
2025-10-31,S04,FEED-0016,67,34,80
2025-10-31,S05,FEED-0016,148,30,138
2025-10-31,S06,FEED-0016,101,31,173
2025-10-31,S01,FUEL-0017,64,31,131
2025-10-31,S02,FUEL-0017,122,19,145
2025-10-31,S03,FUEL-0017,113,5,163
2025-10-31,S04,FUEL-0017,57,35,68
2025-10-31,S06,FUEL-0017,48,15,73
2025-10-31,S01,HDWR-0018,56,30,71
2025-10-31,S05,HDWR-0018,34,12,42
2025-10-31,S04,FUEL-0019,87,13,81
2025-10-31,S05,FUEL-0019,41,17,164
2025-10-31,S01,SEED-0020,89,36,110
2025-10-31,S04,SEED-0020,21,8,41
2025-10-31,S01,TIRE-0021,74,25,96
2025-10-31,S03,TIRE-0021,80,13,112
2025-10-31,S05,TIRE-0021,147,38,171
2025-10-31,S06,TIRE-0021,130,37,195
2025-10-31,S01,HDWR-0022,69,21,167
2025-10-31,S02,HDWR-0022,17,15,48
2025-10-31,S03,HDWR-0022,27,16,164
2025-10-31,S04,HDWR-0022,110,22,132
2025-10-31,S06,HDWR-0022,46,16,50
2025-10-31,S01,FUEL-0023,23,32,95
2025-10-31,S02,FUEL-0023,137,15,170
2025-10-31,S04,FUEL-0023,165,17,172
2025-10-31,S04,TIRE-0024,43,7,125
2025-10-31,S05,TIRE-0024,100,31,145
2025-10-31,S06,TIRE-0024,58,19,79
2025-10-31,S02,FUEL-0025,118,16,161
2025-10-31,S03,FUEL-0025,153,29,139
2025-10-31,S05,FUEL-0025,64,21,135
2025-10-31,S02,LUBE-0026,13,19,160
2025-10-31,S03,LUBE-0026,104,28,104
2025-10-31,S05,LUBE-0026,49,40,87
2025-10-31,S06,LUBE-0026,44,17,114
2025-10-31,S01,LUBE-0027,61,26,93
2025-10-31,S02,LUBE-0027,38,22,89
2025-10-31,S03,LUBE-0027,98,8,128
2025-10-31,S05,LUBE-0027,67,37,70
2025-10-31,S06,LUBE-0027,58,29,88
2025-10-31,S01,FUEL-0028,159,35,163
2025-10-31,S03,FUEL-0028,76,26,130
2025-10-31,S04,FUEL-0028,42,15,80
2025-10-31,S01,FEED-0029,47,32,178
2025-10-31,S02,FEED-0029,47,28,84
2025-10-31,S04,FEED-0029,2,5,115
2025-10-31,S05,FEED-0029,53,6,95
2025-10-31,S06,FEED-0029,59,16,61
2025-10-31,S06,HDWR-0030,64,16,89
2025-10-31,S02,LUBE-0031,64,5,85
2025-10-31,S03,LUBE-0031,61,35,195
2025-10-31,S01,FEED-0032,0,15,153
2025-10-31,S02,FEED-0032,118,30,105
2025-10-31,S03,FEED-0032,148,13,133
2025-10-31,S04,FEED-0032,45,19,179
2025-10-31,S05,FEED-0032,54,35,87
2025-10-31,S06,FEED-0032,48,16,59
2025-10-31,S01,FEED-0033,45,17,82
2025-10-31,S03,FEED-0033,79,38,191
2025-10-31,S06,FEED-0033,54,18,94
2025-10-31,S02,LUBE-0034,60,30,74
2025-10-31,S03,LUBE-0035,33,5,62
2025-10-31,S04,LUBE-0035,19,7,54
2025-10-31,S05,LUBE-0035,68,8,151
2025-10-31,S06,LUBE-0035,3,7,102
2025-10-31,S01,LUBE-0036,32,5,76
2025-10-31,S02,LUBE-0036,173,18,137
2025-10-31,S04,LUBE-0036,64,5,129
2025-10-31,S02,LUBE-0037,83,40,101
2025-10-31,S03,LUBE-0037,44,21,96
2025-10-31,S01,HDWR-0038,22,20,52
2025-10-31,S03,HDWR-0038,50,11,129
2025-10-31,S04,HDWR-0038,77,40,193
2025-10-31,S05,HDWR-0038,43,24,79
2025-10-31,S01,LUBE-0039,57,29,88
2025-10-31,S02,LUBE-0039,101,17,147
2025-10-31,S06,LUBE-0039,93,17,128
2025-10-31,S01,FEED-0040,97,14,136
2025-10-31,S02,FEED-0040,42,6,121
2025-10-31,S03,FEED-0040,88,22,150
2025-10-31,S04,FEED-0040,56,33,68
2025-10-31,S06,FEED-0040,25,30,95
2025-10-31,S03,SEED-0041,105,24,130
2025-10-31,S04,SEED-0041,28,31,70
2025-10-31,S05,SEED-0041,15,38,166
2025-10-31,S06,SEED-0041,45,15,150
2025-10-31,S02,SEED-0042,98,40,157
2025-10-31,S03,SEED-0042,71,14,125
2025-10-31,S05,SEED-0042,35,30,101
2025-10-31,S06,SEED-0042,89,27,139
2025-10-31,S04,HDWR-0043,63,26,111
2025-10-31,S06,HDWR-0043,41,9,93
2025-10-31,S02,FEED-0044,109,35,151
2025-10-31,S05,FEED-0044,80,9,86
2025-10-31,S01,TIRE-0045,60,33,126
2025-10-31,S03,TIRE-0045,62,16,155
2025-10-31,S05,TIRE-0045,67,32,162
2025-10-31,S02,FUEL-0046,103,21,153
2025-10-31,S03,FUEL-0046,63,39,98
2025-10-31,S04,FUEL-0046,50,36,142
2025-10-31,S05,FUEL-0046,21,39,172
2025-10-31,S01,HDWR-0047,57,26,66
2025-10-31,S04,HDWR-0047,51,39,73
2025-10-31,S05,HDWR-0047,29,17,50
2025-10-31,S02,LUBE-0048,122,34,183
2025-10-31,S03,LUBE-0048,44,8,101
2025-10-31,S04,LUBE-0048,52,10,119
2025-10-31,S05,LUBE-0048,68,34,83
2025-10-31,S06,LUBE-0048,49,32,64
2025-10-31,S01,FUEL-0049,42,14,164
2025-10-31,S02,FUEL-0049,46,22,138
2025-10-31,S03,FUEL-0049,0,8,138
2025-10-31,S04,FUEL-0049,34,11,125
2025-10-31,S06,FUEL-0049,64,16,167
2025-10-31,S01,LUBE-0050,15,11,137
2025-10-31,S02,LUBE-0050,86,11,127
2025-10-31,S03,LUBE-0050,119,30,125
2025-10-31,S06,FUEL-0051,27,15,56
2025-10-31,S02,HDWR-0052,70,29,117
2025-10-31,S05,HDWR-0052,48,37,172
2025-10-31,S06,HDWR-0052,72,21,121
2025-10-31,S02,HDWR-0053,66,14,72
2025-10-31,S03,HDWR-0053,17,8,135
2025-10-31,S01,FEED-0054,72,24,86
2025-10-31,S05,FEED-0054,28,18,53
2025-10-31,S01,SEED-0055,113,26,135
2025-10-31,S02,SEED-0055,115,37,130
2025-10-31,S03,SEED-0055,75,40,96
2025-10-31,S05,SEED-0055,35,5,56
2025-10-31,S04,SEED-0056,42,30,61
2025-10-31,S05,SEED-0056,32,16,89
2025-10-31,S06,SEED-0056,76,33,89
2025-10-31,S02,FEED-0057,134,25,139
2025-10-31,S03,FEED-0057,34,5,84
2025-10-31,S04,FEED-0057,202,39,175
2025-10-31,S05,FEED-0057,47,22,66
2025-10-31,S06,FEED-0057,95,30,110
2025-10-31,S03,HDWR-0058,18,7,100
2025-10-31,S04,HDWR-0058,100,31,176
2025-10-31,S05,HDWR-0058,50,10,99
2025-10-31,S01,HDWR-0059,105,22,112
2025-10-31,S02,HDWR-0059,122,21,172
2025-10-31,S04,HDWR-0059,57,27,77
2025-10-31,S05,HDWR-0059,73,17,138
2025-10-31,S06,HDWR-0059,101,12,150
2025-10-31,S01,HDWR-0060,42,10,60
2025-10-31,S03,HDWR-0060,68,31,84
2025-10-31,S04,HDWR-0060,99,30,104
2025-10-31,S05,HDWR-0060,58,39,176
2025-10-31,S03,TIRE-0061,159,35,166
2025-10-31,S04,TIRE-0061,42,27,59
2025-10-31,S05,TIRE-0061,78,23,105
2025-10-31,S01,SEED-0062,76,22,107
2025-10-31,S03,SEED-0062,119,37,111
2025-10-31,S04,SEED-0062,138,30,188
2025-10-31,S01,SEED-0063,55,38,68
2025-10-31,S03,SEED-0063,48,27,79
2025-10-31,S04,SEED-0063,113,8,145
2025-10-31,S04,TIRE-0064,178,26,180
2025-10-31,S05,TIRE-0064,25,11,78
2025-10-31,S01,LUBE-0065,84,23,182
2025-10-31,S03,LUBE-0065,88,40,74
2025-10-31,S04,LUBE-0065,125,24,129
2025-10-31,S05,LUBE-0065,40,13,73
2025-10-31,S06,LUBE-0065,99,39,115
2025-10-31,S01,FUEL-0066,54,40,77
2025-10-31,S02,FUEL-0066,78,16,89
2025-10-31,S03,FUEL-0066,115,15,136
2025-10-31,S05,FUEL-0066,21,6,159
2025-10-31,S06,FUEL-0066,147,12,162
2025-10-31,S01,HDWR-0067,29,28,72
2025-10-31,S02,HDWR-0067,52,7,104
2025-10-31,S03,HDWR-0067,111,34,140
2025-10-31,S04,HDWR-0067,127,30,123
2025-10-31,S05,HDWR-0067,39,28,70
2025-10-31,S06,HDWR-0067,3,5,45
2025-10-31,S02,LUBE-0068,13,20,174
2025-10-31,S04,LUBE-0068,32,6,37
2025-10-31,S05,LUBE-0068,43,10,146
2025-10-31,S06,LUBE-0068,9,20,132
2025-10-31,S01,FUEL-0069,45,20,150
2025-10-31,S02,FUEL-0069,34,29,118
2025-10-31,S03,FUEL-0069,21,7,67
2025-10-31,S04,FUEL-0069,83,5,157
2025-10-31,S06,FUEL-0069,69,27,88
2025-10-31,S02,FEED-0070,67,36,118
2025-10-31,S03,FEED-0070,91,33,85
2025-10-31,S04,FEED-0070,75,36,146
2025-10-31,S06,FEED-0070,166,28,159
2025-10-31,S01,SEED-0071,46,32,68
2025-10-31,S02,SEED-0071,46,8,52
2025-10-31,S04,SEED-0071,24,17,139
2025-10-31,S05,SEED-0071,23,9,62
2025-10-31,S03,FUEL-0072,41,25,130
2025-10-31,S05,FUEL-0072,149,35,181
2025-10-31,S06,FUEL-0072,50,17,177
2025-10-31,S03,TIRE-0073,48,28,90
2025-10-31,S04,TIRE-0073,45,27,128
2025-10-31,S06,TIRE-0073,39,26,115
2025-10-31,S04,FEED-0074,38,20,71
2025-10-31,S05,FEED-0074,28,12,107
2025-10-31,S01,FEED-0075,52,21,62
2025-10-31,S03,FEED-0075,109,40,125
2025-10-31,S05,FEED-0075,45,12,46
2025-10-31,S06,FEED-0075,93,37,135
2025-10-31,S01,TIRE-0076,45,12,126
2025-10-31,S03,TIRE-0076,112,17,151
2025-10-31,S04,TIRE-0076,15,18,55
2025-10-31,S05,TIRE-0076,42,30,64
2025-10-31,S06,TIRE-0076,136,35,175
2025-10-31,S01,TIRE-0077,85,24,120
2025-10-31,S03,TIRE-0077,38,13,58
2025-10-31,S04,TIRE-0077,54,23,124
2025-10-31,S05,TIRE-0077,31,8,68
2025-10-31,S06,TIRE-0077,22,16,144
2025-10-31,S01,SEED-0078,68,19,146
2025-10-31,S02,SEED-0078,99,28,162
2025-10-31,S03,SEED-0078,32,7,44
2025-10-31,S06,SEED-0078,30,36,72
2025-10-31,S02,FUEL-0079,75,17,135
2025-10-31,S04,FUEL-0079,76,35,190
2025-10-31,S05,FUEL-0079,77,20,157
2025-10-31,S01,FUEL-0080,13,16,57
2025-10-31,S02,FUEL-0080,34,38,146
2025-10-31,S03,FUEL-0080,182,36,179
2025-10-31,S04,FUEL-0080,109,11,129
2025-10-31,S05,FUEL-0080,21,17,102
2025-10-31,S02,FEED-0081,34,7,59
2025-10-31,S06,FEED-0081,38,14,57
2025-10-31,S01,SEED-0082,144,21,179
2025-10-31,S02,SEED-0082,41,15,59
2025-10-31,S06,SEED-0082,75,13,150
2025-10-31,S01,HDWR-0083,26,7,50
2025-10-31,S02,HDWR-0083,138,29,176
2025-10-31,S04,HDWR-0083,54,38,70
2025-10-31,S05,HDWR-0083,82,34,124
2025-10-31,S01,TIRE-0084,51,37,87
2025-10-31,S02,TIRE-0084,88,33,101
2025-10-31,S05,TIRE-0084,183,11,132
2025-10-31,S06,TIRE-0084,8,11,89
2025-10-31,S02,FEED-0085,32,6,42
2025-10-31,S04,FEED-0085,126,35,180
2025-10-31,S01,TIRE-0086,40,28,74
2025-10-31,S02,TIRE-0086,118,38,197
2025-10-31,S03,TIRE-0086,50,33,92
2025-10-31,S05,TIRE-0086,66,21,70
2025-10-31,S01,TIRE-0087,153,31,172
2025-10-31,S02,TIRE-0087,31,5,62
2025-10-31,S04,TIRE-0087,41,11,109
2025-10-31,S06,TIRE-0087,37,7,64
2025-10-31,S01,HDWR-0088,36,23,60
2025-10-31,S02,HDWR-0088,90,17,97
2025-10-31,S03,HDWR-0088,22,8,53
2025-10-31,S04,HDWR-0088,49,34,74
2025-10-31,S05,HDWR-0088,121,13,168
2025-10-31,S06,HDWR-0088,38,10,147
2025-10-31,S01,TIRE-0089,26,8,66
2025-10-31,S02,TIRE-0089,40,32,107
2025-10-31,S04,TIRE-0089,116,35,143
2025-10-31,S05,TIRE-0089,98,35,160
2025-10-31,S06,TIRE-0089,51,40,112
2025-10-31,S01,LUBE-0090,29,8,141
2025-10-31,S02,LUBE-0090,38,24,84
2025-10-31,S03,LUBE-0090,90,28,113
2025-10-31,S05,LUBE-0090,104,33,161
2025-10-31,S06,LUBE-0090,68,7,83
2025-10-31,S03,FUEL-0091,8,22,164
2025-10-31,S04,FUEL-0091,37,10,41
2025-10-31,S05,FUEL-0091,70,36,115
2025-10-31,S06,FUEL-0091,27,34,127
2025-10-31,S01,LUBE-0092,85,14,107
2025-10-31,S02,LUBE-0092,31,8,68
2025-10-31,S03,LUBE-0092,39,34,154
2025-10-31,S04,LUBE-0092,39,20,57
2025-10-31,S05,LUBE-0092,31,6,55
2025-10-31,S06,LUBE-0092,110,23,181
2025-10-31,S03,HDWR-0093,77,15,129
2025-10-31,S04,HDWR-0093,26,34,108
2025-10-31,S06,HDWR-0093,118,20,149
2025-10-31,S03,HDWR-0094,105,27,148
2025-10-31,S06,HDWR-0094,15,14,45
2025-10-31,S01,FEED-0095,4,37,151
2025-10-31,S03,FEED-0095,84,29,102
2025-10-31,S06,FEED-0095,84,20,136
2025-10-31,S01,SEED-0096,61,26,137
2025-10-31,S02,SEED-0096,120,16,132
2025-10-31,S03,SEED-0096,26,8,48
2025-10-31,S04,SEED-0096,135,18,137
2025-10-31,S05,SEED-0096,27,37,104
2025-10-31,S03,FEED-0097,41,16,91
2025-10-31,S05,FEED-0097,40,19,77
2025-10-31,S06,FEED-0097,62,26,71
2025-10-31,S02,SEED-0098,96,9,148
2025-10-31,S06,SEED-0098,52,9,82
2025-10-31,S02,LUBE-0099,120,24,179
2025-10-31,S03,LUBE-0099,115,20,167
2025-10-31,S04,LUBE-0099,48,37,125
2025-10-31,S05,LUBE-0099,138,31,190
2025-10-31,S03,SEED-0100,61,34,87
2025-10-31,S05,SEED-0100,41,16,73
2025-10-31,S06,SEED-0100,84,6,131
2025-10-31,S03,FUEL-0101,38,30,61
2025-10-31,S04,FUEL-0101,80,30,90
2025-10-31,S06,FUEL-0101,97,23,177
2025-10-31,S01,FEED-0102,27,11,114
2025-10-31,S02,FEED-0102,55,22,103
2025-10-31,S04,FEED-0102,156,31,189
2025-10-31,S06,FEED-0102,130,28,174
2025-10-31,S01,HDWR-0103,22,28,101
2025-10-31,S03,HDWR-0103,175,37,186
2025-10-31,S04,HDWR-0103,141,27,150
2025-10-31,S05,HDWR-0103,60,22,69
2025-10-31,S06,HDWR-0103,93,10,123
2025-10-31,S02,FEED-0104,24,15,89
2025-10-31,S04,FEED-0104,38,15,160
2025-10-31,S06,FEED-0104,35,23,110
2025-10-31,S01,TIRE-0105,167,25,171
2025-10-31,S04,TIRE-0105,79,28,143
2025-10-31,S06,TIRE-0105,62,34,104
2025-10-31,S01,FEED-0106,117,29,175
2025-10-31,S02,FEED-0106,20,29,79
2025-10-31,S03,FEED-0106,48,13,126
2025-10-31,S04,FEED-0106,41,8,116
2025-10-31,S05,FEED-0106,126,19,121
2025-10-31,S06,FEED-0106,62,6,63
2025-10-31,S01,HDWR-0107,37,17,60
2025-10-31,S03,HDWR-0107,11,20,113
2025-10-31,S04,HDWR-0107,47,40,174
2025-10-31,S05,HDWR-0107,98,38,171
2025-10-31,S06,HDWR-0107,73,22,83
2025-10-31,S01,SEED-0108,19,10,86
2025-10-31,S03,SEED-0108,77,5,100
2025-10-31,S04,SEED-0108,75,30,68
2025-10-31,S05,SEED-0108,51,31,75
2025-10-31,S06,SEED-0108,94,24,119
2025-10-31,S02,FUEL-0109,62,29,125
2025-10-31,S03,FUEL-0109,134,5,140
2025-10-31,S04,FUEL-0109,88,7,129
2025-10-31,S06,FUEL-0109,142,10,126
2025-10-31,S02,HDWR-0110,65,34,90
2025-10-31,S03,HDWR-0110,93,22,161
2025-10-31,S05,HDWR-0110,37,30,118
2025-10-31,S01,SEED-0111,26,7,53
2025-10-31,S02,SEED-0111,26,21,175
2025-10-31,S03,SEED-0111,69,26,182
2025-10-31,S04,SEED-0111,41,19,132
2025-10-31,S05,SEED-0111,50,22,80
2025-10-31,S06,SEED-0111,65,11,171
2025-10-31,S01,LUBE-0112,41,27,66
2025-10-31,S02,LUBE-0112,78,31,101
2025-10-31,S03,LUBE-0112,76,5,118
2025-10-31,S04,LUBE-0112,69,31,184
2025-10-31,S05,LUBE-0112,0,12,156
2025-10-31,S06,LUBE-0112,67,39,83
2025-10-31,S01,HDWR-0113,105,20,110
2025-10-31,S02,HDWR-0113,69,37,93
2025-10-31,S03,HDWR-0113,12,13,65
2025-10-31,S04,HDWR-0113,14,23,125
2025-10-31,S03,SEED-0114,25,6,147
2025-10-31,S05,SEED-0114,98,11,126
2025-10-31,S01,FEED-0115,242,34,165
2025-10-31,S02,FEED-0115,137,29,182
2025-10-31,S03,FEED-0115,41,12,75
2025-10-31,S04,FEED-0115,0,11,161
2025-10-31,S06,FEED-0115,118,25,181
2025-10-31,S01,FEED-0116,36,9,54
2025-10-31,S02,FEED-0116,21,23,69
2025-10-31,S03,FEED-0116,114,40,178
2025-10-31,S04,FEED-0116,73,27,152
2025-10-31,S01,FUEL-0117,19,36,178
2025-10-31,S03,FUEL-0117,11,12,62
2025-10-31,S04,FUEL-0117,69,29,82
2025-10-31,S06,FUEL-0117,69,25,92
2025-10-31,S01,SEED-0118,206,13,151
2025-10-31,S02,SEED-0118,69,31,171
2025-10-31,S03,SEED-0118,38,33,168
2025-10-31,S04,SEED-0118,24,5,48
2025-10-31,S05,SEED-0118,20,40,114
2025-10-31,S06,SEED-0118,51,5,101
2025-10-31,S03,TIRE-0119,68,32,131
2025-10-31,S04,TIRE-0119,45,35,75
2025-10-31,S03,LUBE-0120,28,9,133
2025-10-31,S04,LUBE-0120,52,8,55
2025-10-31,S05,LUBE-0120,11,5,155
2025-11-30,S05,LUBE-0001,65,23,112
2025-11-30,S06,LUBE-0001,88,6,66
2025-11-30,S02,LUBE-0002,26,13,93
2025-11-30,S03,LUBE-0002,75,20,138
2025-11-30,S04,LUBE-0002,78,19,99
2025-11-30,S05,LUBE-0002,24,21,115
2025-11-30,S06,LUBE-0002,44,13,71
2025-11-30,S01,FEED-0003,106,25,177
2025-11-30,S03,FEED-0003,126,23,150
2025-11-30,S05,FEED-0003,65,8,152
2025-11-30,S04,SEED-0004,53,40,126
2025-11-30,S01,TIRE-0005,40,26,83
2025-11-30,S02,TIRE-0005,3,7,43
2025-11-30,S04,TIRE-0005,50,14,152
2025-11-30,S01,HDWR-0006,28,19,64
2025-11-30,S03,HDWR-0006,76,38,107
2025-11-30,S01,SEED-0007,52,20,109
2025-11-30,S04,SEED-0007,93,29,117
2025-11-30,S06,SEED-0007,23,9,53
2025-11-30,S01,TIRE-0008,136,29,147
2025-11-30,S04,TIRE-0008,118,15,151
2025-11-30,S06,TIRE-0008,59,29,145
2025-11-30,S02,TIRE-0009,49,29,71
2025-11-30,S04,TIRE-0009,66,24,90
2025-11-30,S05,TIRE-0009,52,34,83
2025-11-30,S06,TIRE-0009,81,37,195
2025-11-30,S01,LUBE-0010,51,23,62
2025-11-30,S02,LUBE-0010,156,37,186
2025-11-30,S03,LUBE-0010,43,10,159
2025-11-30,S04,LUBE-0010,14,36,166
2025-11-30,S06,LUBE-0010,125,5,144
2025-11-30,S02,HDWR-0011,59,8,44
2025-11-30,S03,HDWR-0011,35,9,76
2025-11-30,S01,TIRE-0012,20,11,102
2025-11-30,S03,TIRE-0012,119,26,147
2025-11-30,S04,TIRE-0012,74,22,97
2025-11-30,S06,TIRE-0012,38,38,149
2025-11-30,S01,FEED-0014,18,21,96
2025-11-30,S02,FEED-0014,102,30,109
2025-11-30,S03,FEED-0014,48,25,82
2025-11-30,S04,FEED-0014,74,21,108
2025-11-30,S03,FUEL-0015,46,15,127
2025-11-30,S04,FUEL-0015,80,35,176
2025-11-30,S05,FUEL-0015,79,34,91
2025-11-30,S01,FEED-0016,78,37,138
2025-11-30,S02,FEED-0016,111,11,162
2025-11-30,S03,FEED-0016,119,14,159
2025-11-30,S05,FEED-0016,112,14,169
2025-11-30,S06,FEED-0016,154,39,193
2025-11-30,S01,FUEL-0017,63,17,108
2025-11-30,S02,FUEL-0017,113,33,164
2025-11-30,S04,FUEL-0017,92,13,78
2025-11-30,S05,FUEL-0017,106,33,174
2025-11-30,S01,HDWR-0018,31,6,44
2025-11-30,S04,HDWR-0018,54,26,73
2025-11-30,S05,HDWR-0018,76,22,115
2025-11-30,S01,FUEL-0019,124,32,124
2025-11-30,S02,FUEL-0019,92,7,131
2025-11-30,S03,FUEL-0019,46,21,56
2025-11-30,S04,FUEL-0019,38,29,65
2025-11-30,S05,FUEL-0019,21,13,45
2025-11-30,S01,SEED-0020,43,26,58
2025-11-30,S02,SEED-0020,75,16,173
2025-11-30,S03,SEED-0020,45,5,145
2025-11-30,S04,SEED-0020,0,14,89
2025-11-30,S05,SEED-0020,100,15,129
2025-11-30,S06,SEED-0020,44,17,70
2025-11-30,S04,TIRE-0021,30,14,59
2025-11-30,S01,HDWR-0022,32,15,56
2025-11-30,S03,HDWR-0022,127,24,140
2025-11-30,S04,HDWR-0022,71,34,111
2025-11-30,S05,HDWR-0022,105,10,102
2025-11-30,S06,HDWR-0022,17,10,67
2025-11-30,S01,FUEL-0023,178,7,167
2025-11-30,S02,FUEL-0023,56,15,101
2025-11-30,S03,FUEL-0023,49,39,78
2025-11-30,S04,FUEL-0023,75,34,108
2025-11-30,S05,FUEL-0023,82,19,83
2025-11-30,S01,TIRE-0024,84,25,148
2025-11-30,S02,TIRE-0024,77,34,124
2025-11-30,S04,TIRE-0024,33,13,155
2025-11-30,S05,TIRE-0024,107,40,194
2025-11-30,S06,TIRE-0024,39,36,126
2025-11-30,S02,FUEL-0025,104,28,179
2025-11-30,S04,FUEL-0025,6,10,64
2025-11-30,S05,FUEL-0025,40,26,58
2025-11-30,S06,FUEL-0025,42,18,149
2025-11-30,S01,LUBE-0026,77,15,129
2025-11-30,S04,LUBE-0026,43,27,151
2025-11-30,S05,LUBE-0026,146,14,140
2025-11-30,S06,LUBE-0026,20,20,123
2025-11-30,S01,LUBE-0027,58,17,92
2025-11-30,S02,LUBE-0027,0,33,106
2025-11-30,S03,LUBE-0027,37,17,49
2025-11-30,S05,LUBE-0027,115,24,131
2025-11-30,S06,LUBE-0027,34,5,41
2025-11-30,S03,FUEL-0028,54,16,89
2025-11-30,S04,FUEL-0028,119,13,171
2025-11-30,S06,FUEL-0028,73,17,114
2025-11-30,S01,FEED-0029,29,15,50
2025-11-30,S02,FEED-0029,149,21,124
2025-11-30,S04,FEED-0029,35,29,96
2025-11-30,S06,FEED-0029,27,24,127
2025-11-30,S01,HDWR-0030,62,36,155
2025-11-30,S02,HDWR-0030,85,36,177
2025-11-30,S03,HDWR-0030,93,21,78
2025-11-30,S05,HDWR-0030,50,33,86
2025-11-30,S03,LUBE-0031,9,12,142
2025-11-30,S04,LUBE-0031,48,21,121
2025-11-30,S05,LUBE-0031,22,29,132
2025-11-30,S06,LUBE-0031,50,29,144
2025-11-30,S01,FEED-0032,48,31,63
2025-11-30,S02,FEED-0032,71,14,115
2025-11-30,S03,FEED-0032,62,25,75
2025-11-30,S05,FEED-0032,86,14,161
2025-11-30,S06,FEED-0032,111,23,138
2025-11-30,S01,FEED-0033,19,24,130
2025-11-30,S03,FEED-0033,26,24,96
2025-11-30,S04,FEED-0033,85,25,112
2025-11-30,S05,FEED-0033,0,7,131
2025-11-30,S03,LUBE-0034,59,22,83
2025-11-30,S01,LUBE-0035,47,26,73
2025-11-30,S02,LUBE-0035,33,40,182
2025-11-30,S03,LUBE-0035,86,37,88
2025-11-30,S04,LUBE-0035,80,38,96
2025-11-30,S01,LUBE-0036,70,32,92
2025-11-30,S02,LUBE-0036,12,6,51
2025-11-30,S04,LUBE-0036,50,32,73
2025-11-30,S05,LUBE-0036,106,29,186
2025-11-30,S06,LUBE-0036,49,14,85
2025-11-30,S01,LUBE-0037,80,20,129
2025-11-30,S03,LUBE-0037,134,22,167
2025-11-30,S06,LUBE-0037,81,28,144
2025-11-30,S02,HDWR-0038,67,24,113
2025-11-30,S03,HDWR-0038,25,13,51
2025-11-30,S06,HDWR-0038,76,23,88
2025-11-30,S01,LUBE-0039,27,36,160
2025-11-30,S02,LUBE-0039,132,35,111
2025-11-30,S04,LUBE-0039,87,28,188
2025-11-30,S05,LUBE-0039,89,26,173
2025-11-30,S01,FEED-0040,106,25,175
2025-11-30,S02,FEED-0040,80,35,157
2025-11-30,S03,FEED-0040,8,10,67
2025-11-30,S04,FEED-0040,43,7,125
2025-11-30,S06,FEED-0040,89,16,66
2025-11-30,S01,SEED-0041,72,39,118
2025-11-30,S02,SEED-0041,41,17,59
2025-11-30,S03,SEED-0041,70,39,104
2025-11-30,S05,SEED-0041,47,30,66
2025-11-30,S04,SEED-0042,87,19,177
2025-11-30,S05,SEED-0042,97,21,114
2025-11-30,S06,SEED-0042,75,31,139
2025-11-30,S03,HDWR-0043,48,13,87
2025-11-30,S05,HDWR-0043,38,6,106
2025-11-30,S01,FEED-0044,54,12,55
2025-11-30,S02,FEED-0044,106,32,95
2025-11-30,S05,FEED-0044,68,8,103
2025-11-30,S01,TIRE-0045,184,37,196
2025-11-30,S03,TIRE-0045,19,5,69
2025-11-30,S04,TIRE-0045,21,25,66
2025-11-30,S01,FUEL-0046,17,25,141
2025-11-30,S05,FUEL-0046,169,13,168
2025-11-30,S06,FUEL-0046,92,13,138
2025-11-30,S01,HDWR-0047,201,33,188
2025-11-30,S05,HDWR-0047,18,18,51
2025-11-30,S06,HDWR-0047,0,5,47
2025-11-30,S01,LUBE-0048,55,27,94
2025-11-30,S04,LUBE-0048,25,18,141
2025-11-30,S05,LUBE-0048,0,40,200
2025-11-30,S06,LUBE-0048,67,18,118
2025-11-30,S01,FUEL-0049,34,23,129
2025-11-30,S02,FUEL-0049,39,34,103
2025-11-30,S03,FUEL-0049,53,9,60
2025-11-30,S04,FUEL-0049,65,10,145
2025-11-30,S05,FUEL-0049,37,18,95
2025-11-30,S06,FUEL-0049,35,19,69
2025-11-30,S01,LUBE-0050,108,37,184
2025-11-30,S02,LUBE-0050,32,14,118
2025-11-30,S03,LUBE-0050,68,25,77
2025-11-30,S04,LUBE-0050,93,16,155
2025-11-30,S06,LUBE-0050,120,23,137
2025-11-30,S06,FUEL-0051,72,17,98
2025-11-30,S02,HDWR-0052,125,24,173
2025-11-30,S05,HDWR-0052,1,17,87
2025-11-30,S03,HDWR-0053,64,10,84
2025-11-30,S01,FEED-0054,99,26,96
2025-11-30,S02,FEED-0054,62,5,101
2025-11-30,S03,FEED-0054,162,29,170
2025-11-30,S04,FEED-0054,144,34,170
2025-11-30,S05,FEED-0054,119,24,146
2025-11-30,S06,FEED-0054,102,14,124
2025-11-30,S01,SEED-0055,42,5,88
2025-11-30,S04,SEED-0055,69,15,168
2025-11-30,S05,SEED-0055,53,30,146
2025-11-30,S06,SEED-0055,55,15,64
2025-11-30,S01,SEED-0056,158,35,190
2025-11-30,S06,SEED-0056,24,18,53
2025-11-30,S01,FEED-0057,45,8,134
2025-11-30,S02,FEED-0057,77,6,78
2025-11-30,S03,FEED-0057,74,24,101
2025-11-30,S04,FEED-0057,38,34,112
2025-11-30,S01,HDWR-0058,63,13,132
2025-11-30,S02,HDWR-0058,78,39,155
2025-11-30,S03,HDWR-0058,42,8,148
2025-11-30,S05,HDWR-0058,7,14,67
2025-11-30,S01,HDWR-0059,33,22,75
2025-11-30,S02,HDWR-0059,24,35,101
2025-11-30,S03,HDWR-0059,56,16,95
2025-11-30,S05,HDWR-0059,106,17,157
2025-11-30,S06,HDWR-0059,12,12,71
2025-11-30,S01,HDWR-0060,156,27,149
2025-11-30,S02,HDWR-0060,0,9,156
2025-11-30,S03,HDWR-0060,64,26,182
2025-11-30,S04,HDWR-0060,51,21,82
2025-11-30,S05,HDWR-0060,32,12,151
2025-11-30,S01,TIRE-0061,94,18,163
2025-11-30,S02,TIRE-0061,112,22,146
2025-11-30,S03,TIRE-0061,98,34,135
2025-11-30,S04,TIRE-0061,123,40,179
2025-11-30,S06,TIRE-0061,31,20,171
2025-11-30,S04,SEED-0062,93,10,161
2025-11-30,S05,SEED-0062,32,13,169
2025-11-30,S01,SEED-0063,125,34,189
2025-11-30,S02,SEED-0063,83,39,185
2025-11-30,S03,SEED-0063,25,5,47
2025-11-30,S04,SEED-0063,41,18,68
2025-11-30,S05,SEED-0063,0,23,112
2025-11-30,S06,SEED-0063,75,15,126
2025-11-30,S02,TIRE-0064,83,14,99
2025-11-30,S03,TIRE-0064,38,17,48
2025-11-30,S04,TIRE-0064,67,16,85
2025-11-30,S06,TIRE-0064,31,19,76
2025-11-30,S01,LUBE-0065,45,10,48
2025-11-30,S02,LUBE-0065,110,10,125
2025-11-30,S03,LUBE-0065,72,35,97
2025-11-30,S05,LUBE-0065,15,8,66
2025-11-30,S01,FUEL-0066,81,40,155
2025-11-30,S03,FUEL-0066,92,19,74
2025-11-30,S06,FUEL-0066,71,30,67
2025-11-30,S02,HDWR-0067,70,30,78
2025-11-30,S03,HDWR-0067,63,33,96
2025-11-30,S04,HDWR-0067,77,37,82
2025-11-30,S05,HDWR-0067,63,23,162
2025-11-30,S06,HDWR-0067,46,5,63
2025-11-30,S01,LUBE-0068,101,20,163
2025-11-30,S02,LUBE-0068,55,37,82
2025-11-30,S04,LUBE-0068,118,10,104
2025-11-30,S05,LUBE-0068,30,18,132
2025-11-30,S02,FUEL-0069,23,8,117
2025-11-30,S03,FUEL-0069,44,36,74
2025-11-30,S05,FUEL-0069,108,22,108
2025-11-30,S03,FEED-0070,60,36,73
2025-11-30,S06,FEED-0070,0,20,132
2025-11-30,S02,SEED-0071,58,23,95
2025-11-30,S03,SEED-0071,52,35,154
2025-11-30,S04,SEED-0071,64,21,75
2025-11-30,S05,SEED-0071,84,24,100
2025-11-30,S02,FUEL-0072,137,26,158
2025-11-30,S03,FUEL-0072,118,25,141
2025-11-30,S05,FUEL-0072,56,19,110
2025-11-30,S06,FUEL-0072,74,16,166
2025-11-30,S01,TIRE-0073,74,14,120
2025-11-30,S02,TIRE-0073,40,10,56
2025-11-30,S03,TIRE-0073,121,6,150
2025-11-30,S04,TIRE-0073,70,18,85
2025-11-30,S05,TIRE-0073,120,12,166
2025-11-30,S06,TIRE-0073,80,25,108
2025-11-30,S01,FEED-0074,67,10,120
2025-11-30,S02,FEED-0074,28,7,63
2025-11-30,S04,FEED-0074,43,6,73
2025-11-30,S05,FEED-0074,0,12,172
2025-11-30,S01,FEED-0075,33,22,54
2025-11-30,S02,FEED-0075,95,19,81
2025-11-30,S04,FEED-0075,62,7,121
2025-11-30,S05,FEED-0075,59,23,85
2025-11-30,S06,FEED-0075,64,34,168
2025-11-30,S01,TIRE-0076,64,19,102
2025-11-30,S02,TIRE-0076,24,17,87
2025-11-30,S05,TIRE-0076,117,10,119
2025-11-30,S03,TIRE-0077,1,13,162
2025-11-30,S04,TIRE-0077,67,30,91
2025-11-30,S05,TIRE-0077,94,31,117
2025-11-30,S06,TIRE-0077,66,10,157
2025-11-30,S01,SEED-0078,35,30,124
2025-11-30,S02,SEED-0078,31,16,60
2025-11-30,S03,SEED-0078,86,26,94
2025-11-30,S04,SEED-0078,78,22,150
2025-11-30,S06,SEED-0078,68,34,84
2025-11-30,S02,FUEL-0079,38,17,75
2025-11-30,S03,FUEL-0079,168,22,181
2025-11-30,S04,FUEL-0079,92,21,108
2025-11-30,S06,FUEL-0079,43,14,75
2025-11-30,S02,FUEL-0080,73,31,177
2025-11-30,S05,FUEL-0080,21,17,73
2025-11-30,S06,FUEL-0080,86,10,148
2025-11-30,S01,FEED-0081,129,21,169
2025-11-30,S02,FEED-0081,45,11,125
2025-11-30,S03,FEED-0081,110,28,128
2025-11-30,S04,FEED-0081,58,12,108
2025-11-30,S05,FEED-0081,79,40,116
2025-11-30,S06,FEED-0081,104,8,150
2025-11-30,S01,SEED-0082,78,32,94
2025-11-30,S01,HDWR-0083,81,14,151
2025-11-30,S02,HDWR-0083,123,36,193
2025-11-30,S03,HDWR-0083,63,29,72
2025-11-30,S04,HDWR-0083,28,20,122
2025-11-30,S05,HDWR-0083,75,20,127
2025-11-30,S02,TIRE-0084,38,11,106
2025-11-30,S03,TIRE-0084,45,33,179
2025-11-30,S04,TIRE-0084,166,11,166
2025-11-30,S05,TIRE-0084,104,21,132
2025-11-30,S02,FEED-0085,79,29,91
2025-11-30,S04,FEED-0085,63,40,111
2025-11-30,S05,FEED-0085,74,19,162
2025-11-30,S06,FEED-0085,167,25,166
2025-11-30,S02,TIRE-0086,27,13,60
2025-11-30,S04,TIRE-0086,132,26,153
2025-11-30,S05,TIRE-0086,54,25,126
2025-11-30,S06,TIRE-0086,86,35,120
2025-11-30,S02,TIRE-0087,18,5,35
2025-11-30,S04,TIRE-0087,87,28,99
2025-11-30,S06,TIRE-0087,51,11,75
2025-11-30,S02,HDWR-0088,36,26,97
2025-11-30,S06,HDWR-0088,29,9,59
2025-11-30,S01,TIRE-0089,0,5,136
2025-11-30,S02,TIRE-0089,61,19,130
2025-11-30,S04,TIRE-0089,60,15,67
2025-11-30,S05,TIRE-0089,43,21,58
2025-11-30,S01,LUBE-0090,92,30,185
2025-11-30,S02,LUBE-0090,85,38,123
2025-11-30,S03,LUBE-0090,109,5,109
2025-11-30,S04,LUBE-0090,55,38,117
2025-11-30,S06,LUBE-0090,99,8,92
2025-11-30,S01,FUEL-0091,11,19,87
2025-11-30,S02,FUEL-0091,92,36,153
2025-11-30,S03,FUEL-0091,19,25,174
2025-11-30,S04,FUEL-0091,85,27,103
2025-11-30,S05,FUEL-0091,154,20,162
2025-11-30,S06,FUEL-0091,67,36,152
2025-11-30,S04,LUBE-0092,9,12,148
2025-11-30,S05,LUBE-0092,56,26,99
2025-11-30,S06,LUBE-0092,114,29,114
2025-11-30,S01,HDWR-0093,47,23,133
2025-11-30,S02,HDWR-0093,38,7,120
2025-11-30,S03,HDWR-0093,16,22,66
2025-11-30,S05,HDWR-0093,33,12,58
2025-11-30,S02,HDWR-0094,89,39,187
2025-11-30,S03,HDWR-0094,70,15,141
2025-11-30,S04,HDWR-0094,92,24,169
2025-11-30,S06,HDWR-0094,94,13,139
2025-11-30,S01,FEED-0095,61,28,188
2025-11-30,S03,FEED-0095,53,35,66
2025-11-30,S04,FEED-0095,68,11,88
2025-11-30,S05,FEED-0095,48,26,127
2025-11-30,S06,FEED-0095,35,11,116
2025-11-30,S01,SEED-0096,88,36,173
2025-11-30,S02,SEED-0096,105,39,172
2025-11-30,S03,SEED-0096,106,11,147
2025-11-30,S06,SEED-0096,9,38,160
2025-11-30,S03,FEED-0097,83,39,104
2025-11-30,S04,FEED-0097,29,11,88
2025-11-30,S05,FEED-0097,108,15,121
2025-11-30,S06,FEED-0097,72,33,96
2025-11-30,S01,SEED-0098,31,23,62
2025-11-30,S02,SEED-0098,150,39,183
2025-11-30,S04,SEED-0098,50,10,144
2025-11-30,S02,LUBE-0099,54,28,185
2025-11-30,S03,LUBE-0099,48,17,83
2025-11-30,S06,LUBE-0099,37,22,107
2025-11-30,S01,SEED-0100,51,32,62
2025-11-30,S03,SEED-0100,41,27,124
2025-11-30,S04,SEED-0100,64,16,90
2025-11-30,S06,SEED-0100,111,21,100
2025-11-30,S01,FUEL-0101,45,33,97
2025-11-30,S02,FUEL-0101,41,19,89
2025-11-30,S03,FUEL-0101,32,26,89
2025-11-30,S04,FUEL-0101,45,30,80
2025-11-30,S05,FUEL-0101,67,33,72
2025-11-30,S06,FUEL-0101,59,39,97
2025-11-30,S01,FEED-0102,74,13,153
2025-11-30,S02,FEED-0102,107,5,99
2025-11-30,S05,FEED-0102,63,35,100
2025-11-30,S03,HDWR-0103,45,23,54
2025-11-30,S04,HDWR-0103,94,22,101
2025-11-30,S06,HDWR-0103,114,32,167
2025-11-30,S01,FEED-0104,110,23,179
2025-11-30,S03,FEED-0104,55,30,90
2025-11-30,S05,FEED-0104,33,7,148
2025-11-30,S03,TIRE-0105,59,14,174
2025-11-30,S04,TIRE-0105,47,25,95
2025-11-30,S06,TIRE-0105,89,31,147
2025-11-30,S02,FEED-0106,111,9,166
2025-11-30,S04,FEED-0106,42,14,63
2025-11-30,S05,FEED-0106,111,12,155
2025-11-30,S02,HDWR-0107,68,39,78
2025-11-30,S04,HDWR-0107,117,26,132
2025-11-30,S05,HDWR-0107,64,35,129
2025-11-30,S06,HDWR-0107,56,6,91
2025-11-30,S02,SEED-0108,100,33,114
2025-11-30,S03,SEED-0108,57,22,80
2025-11-30,S05,SEED-0108,92,27,165
2025-11-30,S06,SEED-0108,3,16,47
2025-11-30,S01,FUEL-0109,10,30,80
2025-11-30,S02,FUEL-0109,72,40,84
2025-11-30,S03,FUEL-0109,122,37,141
2025-11-30,S05,FUEL-0109,52,13,69
2025-11-30,S06,FUEL-0109,79,9,126
2025-11-30,S01,HDWR-0110,84,35,145
2025-11-30,S02,HDWR-0110,65,35,107
2025-11-30,S03,HDWR-0110,0,6,102
2025-11-30,S04,HDWR-0110,66,39,94
2025-11-30,S05,HDWR-0110,73,8,109
2025-11-30,S06,HDWR-0110,59,13,127
2025-11-30,S02,SEED-0111,114,40,130
2025-11-30,S03,SEED-0111,167,22,145
2025-11-30,S04,SEED-0111,114,31,169
2025-11-30,S05,SEED-0111,102,40,194
2025-11-30,S06,SEED-0111,50,5,105
2025-11-30,S01,LUBE-0112,5,28,88
2025-11-30,S02,LUBE-0112,68,31,147
2025-11-30,S03,LUBE-0112,89,39,94
2025-11-30,S04,LUBE-0112,82,11,75
2025-11-30,S06,LUBE-0112,55,40,82
2025-11-30,S01,HDWR-0113,35,39,81
2025-11-30,S02,HDWR-0113,51,6,96
2025-11-30,S03,HDWR-0113,41,16,92
2025-11-30,S04,HDWR-0113,35,5,70
2025-11-30,S06,HDWR-0113,48,14,94
2025-11-30,S03,SEED-0114,111,11,101
2025-11-30,S05,SEED-0114,149,26,170
2025-11-30,S06,SEED-0114,96,37,157
2025-11-30,S03,FEED-0115,114,34,191
2025-11-30,S04,FEED-0115,68,35,94
2025-11-30,S05,FEED-0115,142,38,184
2025-11-30,S06,FEED-0115,91,38,135
2025-11-30,S01,FEED-0116,29,28,179
2025-11-30,S02,FEED-0116,24,34,175
2025-11-30,S03,FEED-0116,79,12,114
2025-11-30,S05,FEED-0116,70,16,99
2025-11-30,S01,FUEL-0117,113,24,180
2025-11-30,S02,FUEL-0117,10,7,49
2025-11-30,S03,FUEL-0117,169,32,174
2025-11-30,S04,FUEL-0117,135,18,146
2025-11-30,S05,FUEL-0117,26,25,165
2025-11-30,S06,FUEL-0117,76,7,162
2025-11-30,S01,SEED-0118,7,21,98
2025-11-30,S02,SEED-0118,8,28,184
2025-11-30,S04,SEED-0118,95,30,110
2025-11-30,S05,SEED-0118,74,33,100
2025-11-30,S01,TIRE-0119,48,35,71
2025-11-30,S04,TIRE-0119,78,38,132
2025-11-30,S05,TIRE-0119,116,39,123
2025-11-30,S06,TIRE-0119,123,23,152
2025-11-30,S01,LUBE-0120,36,7,64
2025-11-30,S02,LUBE-0120,73,34,107
2025-11-30,S03,LUBE-0120,25,13,80
2025-11-30,S04,LUBE-0120,70,27,116
2025-11-30,S05,LUBE-0120,54,14,79
2025-11-30,S06,LUBE-0120,48,37,82
2025-12-31,S03,LUBE-0001,75,40,165
2025-12-31,S04,LUBE-0001,70,14,132
2025-12-31,S01,LUBE-0002,103,32,138
2025-12-31,S02,LUBE-0002,107,40,152
2025-12-31,S03,LUBE-0002,54,10,134
2025-12-31,S04,LUBE-0002,57,22,140
2025-12-31,S02,FEED-0003,83,28,101
2025-12-31,S04,FEED-0003,41,10,54
2025-12-31,S05,FEED-0003,50,28,146
2025-12-31,S06,FEED-0003,44,22,99
2025-12-31,S02,SEED-0004,84,20,120
2025-12-31,S04,SEED-0004,113,15,175
2025-12-31,S05,SEED-0004,71,39,123
2025-12-31,S03,TIRE-0005,50,31,62
2025-12-31,S05,TIRE-0005,119,12,168
2025-12-31,S06,TIRE-0005,67,21,67
2025-12-31,S01,HDWR-0006,84,30,146
2025-12-31,S02,HDWR-0006,48,21,75
2025-12-31,S06,HDWR-0006,95,29,155
2025-12-31,S02,SEED-0007,125,38,189
2025-12-31,S05,SEED-0007,93,32,168
2025-12-31,S06,SEED-0007,40,18,82
2025-12-31,S02,TIRE-0008,73,36,90
2025-12-31,S03,TIRE-0008,224,15,168
2025-12-31,S05,TIRE-0008,83,18,103
2025-12-31,S01,TIRE-0009,133,17,154
2025-12-31,S03,TIRE-0009,95,16,169
2025-12-31,S04,TIRE-0009,42,30,72
2025-12-31,S04,LUBE-0010,175,30,132
2025-12-31,S05,LUBE-0010,61,31,101
2025-12-31,S01,HDWR-0011,33,13,93
2025-12-31,S02,HDWR-0011,63,39,146
2025-12-31,S03,HDWR-0011,97,35,132
2025-12-31,S06,HDWR-0011,111,34,159
2025-12-31,S01,TIRE-0012,57,38,74
2025-12-31,S02,TIRE-0012,74,35,142
2025-12-31,S03,TIRE-0012,78,37,128
2025-12-31,S04,TIRE-0012,31,36,94
2025-12-31,S05,TIRE-0012,59,18,120
2025-12-31,S06,TIRE-0012,163,23,171
2025-12-31,S02,SEED-0013,60,32,142
2025-12-31,S03,SEED-0013,18,25,155
2025-12-31,S06,SEED-0013,78,16,94
2025-12-31,S01,FEED-0014,108,25,82
2025-12-31,S02,FEED-0014,40,12,100
2025-12-31,S04,FEED-0014,14,19,75
2025-12-31,S05,FEED-0014,65,16,81
2025-12-31,S01,FUEL-0015,55,17,131
2025-12-31,S02,FUEL-0015,66,36,77
2025-12-31,S03,FUEL-0015,40,25,95
2025-12-31,S04,FUEL-0015,139,40,168
2025-12-31,S05,FUEL-0015,43,7,40
2025-12-31,S06,FUEL-0015,63,37,84
2025-12-31,S01,FEED-0016,47,10,64
2025-12-31,S02,FEED-0016,92,12,87
2025-12-31,S03,FEED-0016,40,24,69
2025-12-31,S04,FEED-0016,51,37,102
2025-12-31,S05,FEED-0016,103,38,166
2025-12-31,S06,FEED-0016,62,40,115
2025-12-31,S01,FUEL-0017,28,16,114
2025-12-31,S02,FUEL-0017,87,25,140
2025-12-31,S05,FUEL-0017,78,7,160
2025-12-31,S06,FUEL-0017,35,20,103
2025-12-31,S01,HDWR-0018,146,34,152
2025-12-31,S03,HDWR-0018,96,16,135
2025-12-31,S04,HDWR-0018,54,38,147
2025-12-31,S05,HDWR-0018,52,40,107
2025-12-31,S06,HDWR-0018,16,22,85
2025-12-31,S02,FUEL-0019,57,7,59
2025-12-31,S03,FUEL-0019,42,19,74
2025-12-31,S04,FUEL-0019,41,7,158
2025-12-31,S05,FUEL-0019,112,22,125
2025-12-31,S06,FUEL-0019,74,16,83
2025-12-31,S02,SEED-0020,39,36,145
2025-12-31,S05,SEED-0020,46,20,72
2025-12-31,S06,SEED-0020,57,40,83
2025-12-31,S01,TIRE-0021,155,24,123
2025-12-31,S02,TIRE-0021,47,13,62
2025-12-31,S03,TIRE-0021,21,18,158
2025-12-31,S04,TIRE-0021,102,12,137
2025-12-31,S05,TIRE-0021,88,40,111
2025-12-31,S02,HDWR-0022,81,33,87
2025-12-31,S03,HDWR-0022,118,10,156
2025-12-31,S01,FUEL-0023,41,28,75
2025-12-31,S06,FUEL-0023,95,40,98
2025-12-31,S01,TIRE-0024,111,19,125
2025-12-31,S02,TIRE-0024,37,13,107
2025-12-31,S03,TIRE-0024,52,29,90
2025-12-31,S05,TIRE-0024,48,24,152
2025-12-31,S06,TIRE-0024,154,37,184
2025-12-31,S03,FUEL-0025,45,9,62
2025-12-31,S05,FUEL-0025,0,5,110
2025-12-31,S06,FUEL-0025,0,9,75
2025-12-31,S03,LUBE-0026,109,36,156
2025-12-31,S05,LUBE-0026,74,34,114
2025-12-31,S02,LUBE-0027,111,27,162
2025-12-31,S04,LUBE-0027,181,33,184
2025-12-31,S05,LUBE-0027,46,17,90
2025-12-31,S01,FUEL-0028,74,38,166
2025-12-31,S02,FUEL-0028,85,14,141
2025-12-31,S04,FUEL-0028,27,38,119
2025-12-31,S01,FEED-0029,112,28,149
2025-12-31,S02,FEED-0029,148,9,122
2025-12-31,S03,FEED-0029,133,14,156
2025-12-31,S05,FEED-0029,52,26,69
2025-12-31,S02,HDWR-0030,86,38,101
2025-12-31,S04,HDWR-0030,45,13,81
2025-12-31,S01,LUBE-0031,53,14,58
2025-12-31,S02,LUBE-0031,109,12,86
2025-12-31,S06,LUBE-0031,64,5,155
2025-12-31,S01,FEED-0032,46,19,86
2025-12-31,S02,FEED-0032,108,22,117
2025-12-31,S04,FEED-0032,35,11,91
2025-12-31,S06,FEED-0032,41,33,77
2025-12-31,S01,FEED-0033,49,21,54
2025-12-31,S05,FEED-0033,86,21,129
2025-12-31,S06,FEED-0033,47,8,79
2025-12-31,S01,LUBE-0034,27,13,65
2025-12-31,S03,LUBE-0034,55,15,91
2025-12-31,S06,LUBE-0034,45,11,137
2025-12-31,S02,LUBE-0035,139,27,155
2025-12-31,S03,LUBE-0035,72,33,95
2025-12-31,S04,LUBE-0035,24,9,96
2025-12-31,S05,LUBE-0035,36,36,81
2025-12-31,S02,LUBE-0036,100,36,133
2025-12-31,S03,LUBE-0036,39,8,96
2025-12-31,S04,LUBE-0036,99,15,139
2025-12-31,S05,LUBE-0036,50,10,128
2025-12-31,S06,LUBE-0036,70,34,124
2025-12-31,S02,LUBE-0037,102,26,171
2025-12-31,S03,LUBE-0037,46,31,61
2025-12-31,S04,LUBE-0037,43,6,144
2025-12-31,S06,LUBE-0037,0,6,134
2025-12-31,S02,HDWR-0038,119,34,148
2025-12-31,S04,HDWR-0038,62,6,118
2025-12-31,S06,HDWR-0038,58,16,78
2025-12-31,S01,LUBE-0039,107,31,152
2025-12-31,S02,LUBE-0039,126,38,175
2025-12-31,S06,LUBE-0039,37,22,73
2025-12-31,S02,FEED-0040,91,29,161
2025-12-31,S03,FEED-0040,59,29,105
2025-12-31,S04,FEED-0040,66,9,91
2025-12-31,S05,FEED-0040,20,11,110
2025-12-31,S06,FEED-0040,105,36,186
2025-12-31,S01,SEED-0041,44,9,46
2025-12-31,S02,SEED-0041,21,20,100
2025-12-31,S03,SEED-0041,42,15,47
2025-12-31,S04,SEED-0041,62,16,139
2025-12-31,S05,SEED-0041,31,18,70
2025-12-31,S06,SEED-0041,93,14,126
2025-12-31,S01,SEED-0042,93,10,143
2025-12-31,S02,SEED-0042,31,14,50
2025-12-31,S03,SEED-0042,24,6,38
2025-12-31,S04,SEED-0042,77,25,65
2025-12-31,S05,SEED-0042,99,16,168
2025-12-31,S06,SEED-0042,105,33,115
2025-12-31,S03,HDWR-0043,67,17,150
2025-12-31,S04,HDWR-0043,135,37,170
2025-12-31,S05,HDWR-0043,91,39,189
2025-12-31,S06,HDWR-0043,27,23,132
2025-12-31,S02,FEED-0044,82,34,103
2025-12-31,S03,FEED-0044,50,21,88
2025-12-31,S04,FEED-0044,20,11,61
2025-12-31,S05,FEED-0044,84,37,174
2025-12-31,S02,TIRE-0045,61,20,175
2025-12-31,S03,TIRE-0045,89,33,107
2025-12-31,S05,TIRE-0045,76,34,106
2025-12-31,S06,TIRE-0045,66,10,84
2025-12-31,S01,FUEL-0046,73,28,131
2025-12-31,S03,FUEL-0046,34,19,52
2025-12-31,S06,FUEL-0046,42,13,108
2025-12-31,S01,HDWR-0047,30,17,62
2025-12-31,S03,HDWR-0047,71,26,95
2025-12-31,S06,HDWR-0047,13,15,63
2025-12-31,S02,LUBE-0048,49,7,142
2025-12-31,S03,LUBE-0048,4,7,51
2025-12-31,S04,LUBE-0048,29,10,123
2025-12-31,S05,LUBE-0048,43,20,50
2025-12-31,S01,FUEL-0049,31,13,53
2025-12-31,S02,FUEL-0049,33,17,59
2025-12-31,S04,FUEL-0049,19,14,87
2025-12-31,S05,FUEL-0049,38,11,82
2025-12-31,S06,FUEL-0049,21,19,81
2025-12-31,S01,LUBE-0050,107,5,108
2025-12-31,S02,LUBE-0050,78,23,157
2025-12-31,S03,LUBE-0050,56,28,150
2025-12-31,S04,LUBE-0050,70,5,89
2025-12-31,S05,LUBE-0050,53,25,117
2025-12-31,S04,FUEL-0051,87,28,165
2025-12-31,S05,FUEL-0051,68,17,86
2025-12-31,S06,FUEL-0051,49,29,73
2025-12-31,S02,HDWR-0052,61,10,79
2025-12-31,S04,HDWR-0052,57,5,104
2025-12-31,S05,HDWR-0052,31,27,63
2025-12-31,S06,HDWR-0052,108,40,142
2025-12-31,S01,HDWR-0053,80,21,78
2025-12-31,S02,HDWR-0053,44,33,141
2025-12-31,S03,HDWR-0053,58,40,111
2025-12-31,S04,HDWR-0053,92,39,94
2025-12-31,S06,HDWR-0053,26,14,57
2025-12-31,S01,FEED-0054,180,36,130
2025-12-31,S04,FEED-0054,107,35,190
2025-12-31,S05,FEED-0054,51,24,87
2025-12-31,S06,FEED-0054,98,32,148
2025-12-31,S01,SEED-0055,96,39,192
2025-12-31,S02,SEED-0055,78,35,131
2025-12-31,S03,SEED-0055,134,34,151
2025-12-31,S04,SEED-0055,19,34,186
2025-12-31,S06,SEED-0055,147,28,147
2025-12-31,S02,SEED-0056,68,14,82
2025-12-31,S03,SEED-0056,41,14,118
2025-12-31,S04,SEED-0056,106,31,164
2025-12-31,S05,SEED-0056,9,5,76
2025-12-31,S06,SEED-0056,64,23,146
2025-12-31,S02,FEED-0057,45,9,67
2025-12-31,S04,FEED-0057,39,28,113
2025-12-31,S05,FEED-0057,89,38,106
2025-12-31,S01,HDWR-0058,103,31,139
2025-12-31,S02,HDWR-0058,115,13,133
2025-12-31,S01,HDWR-0059,77,19,154
2025-12-31,S02,HDWR-0059,41,24,125
2025-12-31,S03,HDWR-0059,45,35,68
2025-12-31,S04,HDWR-0059,107,37,188
2025-12-31,S05,HDWR-0059,9,32,114
2025-12-31,S06,HDWR-0059,30,22,77
2025-12-31,S01,HDWR-0060,120,33,164
2025-12-31,S02,HDWR-0060,33,14,121
2025-12-31,S05,HDWR-0060,62,10,147
2025-12-31,S01,TIRE-0061,126,21,170
2025-12-31,S02,TIRE-0061,1,8,90
2025-12-31,S03,TIRE-0061,88,32,178
2025-12-31,S04,TIRE-0061,29,8,44
2025-12-31,S06,TIRE-0061,42,12,102
2025-12-31,S03,SEED-0062,63,22,132
2025-12-31,S05,SEED-0062,60,32,96
2025-12-31,S06,SEED-0062,32,5,41
2025-12-31,S01,SEED-0063,111,19,168
2025-12-31,S02,SEED-0063,66,24,92
2025-12-31,S03,SEED-0063,22,19,62
2025-12-31,S04,SEED-0063,124,6,117
2025-12-31,S05,SEED-0063,59,8,74
2025-12-31,S01,TIRE-0064,0,16,174
2025-12-31,S04,TIRE-0064,30,26,143
2025-12-31,S01,LUBE-0065,93,39,98
2025-12-31,S02,LUBE-0065,140,33,157
2025-12-31,S05,LUBE-0065,24,10,41
2025-12-31,S06,LUBE-0065,9,22,169
2025-12-31,S01,FUEL-0066,15,7,127
2025-12-31,S03,FUEL-0066,137,23,182
2025-12-31,S04,FUEL-0066,65,9,86
2025-12-31,S05,FUEL-0066,61,8,85
2025-12-31,S06,FUEL-0066,63,37,98
2025-12-31,S01,HDWR-0067,28,22,79
2025-12-31,S03,HDWR-0067,124,27,170
2025-12-31,S04,HDWR-0067,67,11,99
2025-12-31,S01,LUBE-0068,113,13,143
2025-12-31,S02,LUBE-0068,38,34,93
2025-12-31,S04,LUBE-0068,26,29,97
2025-12-31,S05,LUBE-0068,20,33,78
2025-12-31,S06,LUBE-0068,43,34,70
2025-12-31,S01,FUEL-0069,110,24,179
2025-12-31,S02,FUEL-0069,43,13,65
2025-12-31,S03,FUEL-0069,62,34,154
2025-12-31,S05,FUEL-0069,62,36,183
2025-12-31,S06,FUEL-0069,92,40,134
2025-12-31,S04,FEED-0070,76,39,168
2025-12-31,S05,FEED-0070,52,5,99
2025-12-31,S06,FEED-0070,156,25,181
2025-12-31,S03,SEED-0071,58,19,132
2025-12-31,S05,SEED-0071,64,21,96
2025-12-31,S06,SEED-0071,84,12,153
2025-12-31,S01,FUEL-0072,35,10,42
2025-12-31,S02,FUEL-0072,84,39,183
2025-12-31,S03,FUEL-0072,154,33,169
2025-12-31,S04,FUEL-0072,66,39,90
2025-12-31,S05,FUEL-0072,87,14,142
2025-12-31,S06,FUEL-0072,109,22,182
2025-12-31,S03,TIRE-0073,67,23,64
2025-12-31,S04,TIRE-0073,124,18,131
2025-12-31,S05,TIRE-0073,29,7,37
2025-12-31,S06,TIRE-0073,101,23,158
2025-12-31,S03,FEED-0074,19,10,60
2025-12-31,S04,FEED-0074,54,28,62
2025-12-31,S01,FEED-0075,86,25,159
2025-12-31,S02,FEED-0075,87,14,114
2025-12-31,S03,FEED-0075,98,26,166
2025-12-31,S04,FEED-0075,0,21,158
2025-12-31,S05,FEED-0075,64,5,164
2025-12-31,S06,FEED-0075,70,27,92
2025-12-31,S01,TIRE-0076,88,24,177
2025-12-31,S03,TIRE-0076,57,17,83
2025-12-31,S04,TIRE-0076,121,37,109
2025-12-31,S06,TIRE-0076,75,26,77
2025-12-31,S01,TIRE-0077,110,7,133
2025-12-31,S02,TIRE-0077,65,22,65
2025-12-31,S03,TIRE-0077,103,23,172
2025-12-31,S04,TIRE-0077,43,11,59
2025-12-31,S05,TIRE-0077,31,11,58
2025-12-31,S06,TIRE-0077,72,32,99
2025-12-31,S01,SEED-0078,65,27,152
2025-12-31,S02,SEED-0078,73,22,81
2025-12-31,S03,SEED-0078,37,19,165
2025-12-31,S05,SEED-0078,71,35,74
2025-12-31,S02,FUEL-0079,77,26,161
2025-12-31,S05,FUEL-0079,126,35,154
2025-12-31,S01,FUEL-0080,61,33,116
2025-12-31,S02,FUEL-0080,25,23,122
2025-12-31,S05,FUEL-0080,35,13,48
2025-12-31,S06,FUEL-0080,80,31,153
2025-12-31,S01,FEED-0081,38,5,157
2025-12-31,S03,FEED-0081,16,18,48
2025-12-31,S05,SEED-0082,86,11,80
2025-12-31,S06,SEED-0082,51,24,62
2025-12-31,S02,HDWR-0083,128,35,111
2025-12-31,S03,HDWR-0083,60,11,166
2025-12-31,S04,HDWR-0083,39,21,53
2025-12-31,S06,HDWR-0083,39,25,163
2025-12-31,S01,TIRE-0084,71,28,145
2025-12-31,S03,TIRE-0084,32,7,51
2025-12-31,S04,TIRE-0084,55,9,147
2025-12-31,S05,TIRE-0084,158,32,185
2025-12-31,S02,FEED-0085,43,13,133
2025-12-31,S06,FEED-0085,36,8,59
2025-12-31,S01,TIRE-0086,39,23,63
2025-12-31,S03,TIRE-0086,54,40,93
2025-12-31,S05,TIRE-0086,84,16,110
2025-12-31,S02,TIRE-0087,41,24,142
2025-12-31,S03,TIRE-0087,86,37,109
2025-12-31,S04,TIRE-0087,32,19,114
2025-12-31,S05,TIRE-0087,98,23,163
2025-12-31,S02,HDWR-0088,57,36,175
2025-12-31,S03,HDWR-0088,76,26,141
2025-12-31,S05,HDWR-0088,68,37,100
2025-12-31,S03,TIRE-0089,84,10,147
2025-12-31,S05,TIRE-0089,131,35,187
2025-12-31,S01,LUBE-0090,24,40,114
2025-12-31,S02,LUBE-0090,68,16,108
2025-12-31,S04,LUBE-0090,29,34,88
2025-12-31,S01,FUEL-0091,70,27,106
2025-12-31,S02,FUEL-0091,105,24,150
2025-12-31,S03,FUEL-0091,54,29,138
2025-12-31,S04,FUEL-0091,54,23,169
2025-12-31,S05,FUEL-0091,23,24,112
2025-12-31,S06,FUEL-0091,0,10,146
2025-12-31,S02,LUBE-0092,67,15,113
2025-12-31,S03,LUBE-0092,64,34,179
2025-12-31,S02,HDWR-0093,164,17,143
2025-12-31,S05,HDWR-0093,164,39,167
2025-12-31,S06,HDWR-0093,82,10,127
2025-12-31,S01,HDWR-0094,45,19,52
2025-12-31,S02,HDWR-0094,74,18,113
2025-12-31,S04,HDWR-0094,59,29,101
2025-12-31,S05,HDWR-0094,34,35,73
2025-12-31,S02,FEED-0095,35,28,101
2025-12-31,S03,FEED-0095,133,28,124
2025-12-31,S04,FEED-0095,42,6,57
2025-12-31,S05,FEED-0095,88,20,155
2025-12-31,S06,FEED-0095,190,39,138
2025-12-31,S01,SEED-0096,155,26,174
2025-12-31,S02,SEED-0096,85,10,114
2025-12-31,S03,SEED-0096,108,13,130
2025-12-31,S04,SEED-0096,105,11,163
2025-12-31,S01,FEED-0097,149,22,177
2025-12-31,S02,FEED-0097,109,5,142
2025-12-31,S03,FEED-0097,33,8,142
2025-12-31,S04,FEED-0097,1,10,89
2025-12-31,S02,SEED-0098,159,38,185
2025-12-31,S03,SEED-0098,72,38,128
2025-12-31,S05,SEED-0098,36,10,74
2025-12-31,S01,LUBE-0099,5,12,61
2025-12-31,S02,LUBE-0099,83,30,112
2025-12-31,S05,LUBE-0099,95,27,93
2025-12-31,S02,SEED-0100,33,5,103
2025-12-31,S03,SEED-0100,133,40,176
2025-12-31,S04,SEED-0100,34,27,138
2025-12-31,S05,SEED-0100,46,10,151
2025-12-31,S06,SEED-0100,62,40,90
2025-12-31,S02,FUEL-0101,61,13,59
2025-12-31,S05,FUEL-0101,35,5,79
2025-12-31,S06,FUEL-0101,53,17,144
2025-12-31,S02,FEED-0102,59,28,161
2025-12-31,S05,FEED-0102,48,25,94
2025-12-31,S01,HDWR-0103,47,25,56
2025-12-31,S02,HDWR-0103,67,25,152
2025-12-31,S03,HDWR-0103,90,12,148
2025-12-31,S04,HDWR-0103,41,40,198
2025-12-31,S05,HDWR-0103,41,27,134
2025-12-31,S06,HDWR-0103,45,27,133
2025-12-31,S01,FEED-0104,106,22,126
2025-12-31,S02,FEED-0104,96,6,124
2025-12-31,S04,FEED-0104,25,19,119
2025-12-31,S05,FEED-0104,31,26,59
2025-12-31,S01,TIRE-0105,67,37,103
2025-12-31,S02,TIRE-0105,43,8,40
2025-12-31,S03,TIRE-0105,83,9,120
2025-12-31,S05,TIRE-0105,48,24,104
2025-12-31,S06,TIRE-0105,24,15,98
2025-12-31,S01,FEED-0106,2,37,185
2025-12-31,S03,FEED-0106,61,27,105
2025-12-31,S04,FEED-0106,55,12,56
2025-12-31,S05,FEED-0106,26,34,138
2025-12-31,S01,HDWR-0107,54,36,114
2025-12-31,S02,HDWR-0107,58,28,175
2025-12-31,S04,HDWR-0107,59,31,174
2025-12-31,S06,HDWR-0107,39,20,84
2025-12-31,S01,SEED-0108,152,37,190
2025-12-31,S03,SEED-0108,23,6,54
2025-12-31,S04,SEED-0108,28,19,177
2025-12-31,S05,SEED-0108,44,26,172
2025-12-31,S06,SEED-0108,78,32,166
2025-12-31,S01,FUEL-0109,0,14,111
2025-12-31,S02,FUEL-0109,43,7,100
2025-12-31,S04,FUEL-0109,114,32,177
2025-12-31,S05,FUEL-0109,37,5,48
2025-12-31,S06,FUEL-0109,46,18,144
2025-12-31,S01,HDWR-0110,104,36,113
2025-12-31,S02,HDWR-0110,0,16,151
2025-12-31,S03,HDWR-0110,60,13,111
2025-12-31,S06,HDWR-0110,115,19,156
2025-12-31,S01,SEED-0111,50,32,67
2025-12-31,S02,SEED-0111,0,37,194
2025-12-31,S03,SEED-0111,130,36,190
2025-12-31,S05,SEED-0111,52,22,126
2025-12-31,S01,LUBE-0112,83,28,116
2025-12-31,S02,LUBE-0112,101,24,163
2025-12-31,S03,LUBE-0112,99,31,148
2025-12-31,S06,LUBE-0112,56,29,141
2025-12-31,S01,HDWR-0113,49,8,58
2025-12-31,S02,HDWR-0113,135,30,159
2025-12-31,S03,HDWR-0113,59,36,97
2025-12-31,S05,HDWR-0113,25,17,51
2025-12-31,S06,HDWR-0113,40,13,130
2025-12-31,S01,SEED-0114,79,34,183
2025-12-31,S02,SEED-0114,17,8,46
2025-12-31,S03,SEED-0114,2,6,79
2025-12-31,S04,SEED-0114,121,20,169
2025-12-31,S06,SEED-0114,91,26,74
2025-12-31,S03,FEED-0115,59,13,138
2025-12-31,S04,FEED-0115,78,20,117
2025-12-31,S05,FEED-0115,38,10,70
2025-12-31,S06,FEED-0115,53,8,140
2025-12-31,S01,FEED-0116,205,33,180
2025-12-31,S02,FEED-0116,96,23,118
2025-12-31,S03,FEED-0116,18,15,56
2025-12-31,S04,FEED-0116,86,7,91
2025-12-31,S05,FEED-0116,125,20,146
2025-12-31,S06,FEED-0116,37,16,73
2025-12-31,S01,FUEL-0117,94,35,183
2025-12-31,S04,FUEL-0117,7,22,166
2025-12-31,S05,FUEL-0117,11,8,70
2025-12-31,S06,FUEL-0117,146,13,161
2025-12-31,S01,SEED-0118,85,38,158
2025-12-31,S02,SEED-0118,154,35,175
2025-12-31,S03,SEED-0118,14,6,42
2025-12-31,S06,SEED-0118,87,33,89
2025-12-31,S01,TIRE-0119,46,34,87
2025-12-31,S02,TIRE-0119,109,20,173
2025-12-31,S03,TIRE-0119,37,12,66
2025-12-31,S05,TIRE-0119,136,27,146
2025-12-31,S06,TIRE-0119,28,28,88
2025-12-31,S02,LUBE-0120,13,9,39
2025-12-31,S04,LUBE-0120,109,39,121
2025-12-31,S06,LUBE-0120,163,39,183
